{"v":"5.9.1","fr":29.9700012207031,"ip":0,"op":130.000005295009,"w":450,"h":799,"nm":"usman 2","ddd":0,"assets":[{"id":"image_0","w":500,"h":500,"u":"images/","p":"img_0.png","e":0},{"id":"image_1","w":500,"h":500,"u":"images/","p":"img_1.png","e":0},{"id":"image_2","w":500,"h":500,"u":"images/","p":"img_2.png","e":0},{"id":"image_3","w":500,"h":500,"u":"images/","p":"img_3.png","e":0},{"id":"image_4","w":500,"h":500,"u":"images/","p":"img_4.png","e":0},{"id":"image_5","w":500,"h":500,"u":"images/","p":"img_5.png","e":0},{"id":"image_6","w":500,"h":500,"u":"images/","p":"img_6.png","e":0},{"id":"image_7","w":500,"h":500,"u":"images/","p":"img_7.png","e":0},{"id":"image_8","w":500,"h":500,"u":"images/","p":"img_8.png","e":0},{"id":"image_9","w":141,"h":90,"u":"images/","p":"img_9.png","e":0},{"id":"image_10","w":19,"h":6,"u":"images/","p":"img_10.png","e":0},{"id":"image_11","w":19,"h":6,"u":"images/","p":"img_11.png","e":0},{"id":"image_12","w":11,"h":11,"u":"images/","p":"img_12.png","e":0},{"id":"image_13","w":11,"h":11,"u":"images/","p":"img_13.png","e":0},{"id":"image_14","w":98,"h":117,"u":"images/","p":"img_14.png","e":0},{"id":"image_15","w":24,"h":14,"u":"images/","p":"img_15.png","e":0},{"id":"image_16","w":29,"h":15,"u":"images/","p":"img_16.png","e":0},{"id":"image_17","w":12,"h":12,"u":"images/","p":"img_17.png","e":0},{"id":"image_18","w":12,"h":12,"u":"images/","p":"img_18.png","e":0},{"id":"image_19","w":51,"h":123,"u":"images/","p":"img_19.png","e":0},{"id":"image_20","w":32,"h":104,"u":"images/","p":"img_20.png","e":0},{"id":"image_21","w":37,"h":47,"u":"images/","p":"img_21.png","e":0},{"id":"image_22","w":33,"h":44,"u":"images/","p":"img_22.png","e":0},{"id":"image_23","w":132,"h":81,"u":"images/","p":"img_23.png","e":0},{"id":"image_24","w":138,"h":376,"u":"images/","p":"img_24.png","e":0},{"id":"image_25","w":137,"h":243,"u":"images/","p":"img_25.png","e":0},{"id":"image_26","w":112,"h":55,"u":"images/","p":"img_26.png","e":0},{"id":"image_27","w":55,"h":191,"u":"images/","p":"img_27.png","e":0},{"id":"image_28","w":47,"h":175,"u":"images/","p":"img_28.png","e":0},{"id":"image_29","w":66,"h":61,"u":"images/","p":"img_29.png","e":0},{"id":"image_30","w":55,"h":191,"u":"images/","p":"img_30.png","e":0},{"id":"image_31","w":47,"h":175,"u":"images/","p":"img_31.png","e":0},{"id":"image_32","w":66,"h":61,"u":"images/","p":"img_32.png","e":0},{"id":"image_33","w":78,"h":119,"u":"images/","p":"img_33.png","e":0},{"id":"image_34","w":56,"h":102,"u":"images/","p":"img_34.png","e":0},{"id":"image_35","w":50,"h":74,"u":"images/","p":"img_35.png","e":0},{"id":"comp_0","nm":"usman","fr":29.9700012207031,"layers":[{"ddd":0,"ind":3,"ty":3,"nm":"C | body down","sr":1,"ks":{"o":{"a":0,"k":100,"ix":11},"r":{"a":0,"k":-0.136,"ix":10},"p":{"a":0,"k":[950.869,554.289,0],"ix":2,"l":2},"a":{"a":0,"k":[0,0,0],"ix":1,"l":2},"s":{"k":[{"s":[100,100,100],"t":0,"i":{"x":[1,1,1],"y":[1,1,1]},"o":{"x":[0,0,0],"y":[0,0,0]}},{"s":[100,100,100],"t":130,"i":{"x":[1,1,1],"y":[1,1,1]},"o":{"x":[0,0,0],"y":[0,0,0]}}],"l":2}},"ao":0,"ef":[{"ty":5,"nm":"Controller","np":14,"mn":"Pseudo/DUIK Ctrl v02","ix":1,"en":1,"ef":[{"ty":6,"nm":"Icon","mn":"Pseudo/DUIK Ctrl v02-0001","ix":1,"v":0},{"ty":2,"nm":"Color","mn":"Pseudo/DUIK Ctrl v02-0002","ix":2,"v":{"a":0,"k":[0.92549020052,0.0941176489,0.0941176489,1],"ix":2}},{"ty":3,"nm":"Position","mn":"Pseudo/DUIK Ctrl v02-0003","ix":3,"v":{"a":0,"k":[0,0],"ix":3}},{"ty":0,"nm":"Size","mn":"Pseudo/DUIK Ctrl v02-0004","ix":4,"v":{"a":0,"k":100,"ix":4}},{"ty":7,"nm":"Flip","mn":"Pseudo/DUIK Ctrl v02-0005","ix":5,"v":{"a":0,"k":0,"ix":5}},{"ty":0,"nm":"Orientation","mn":"Pseudo/DUIK Ctrl v02-0006","ix":6,"v":{"a":0,"k":0,"ix":6}},{"ty":0,"nm":"Opacity","mn":"Pseudo/DUIK Ctrl v02-0007","ix":7,"v":{"a":0,"k":100,"ix":7}},{"ty":6,"nm":"","mn":"Pseudo/DUIK Ctrl v02-0008","ix":8,"v":0},{"ty":6,"nm":"Anchor","mn":"Pseudo/DUIK Ctrl v02-0009","ix":9,"v":0},{"ty":2,"nm":"Color","mn":"Pseudo/DUIK Ctrl v02-0010","ix":10,"v":{"a":0,"k":[0,0,0,1],"ix":10}},{"ty":0,"nm":"Size","mn":"Pseudo/DUIK Ctrl v02-0011","ix":11,"v":{"a":0,"k":100,"ix":11}},{"ty":6,"nm":"","mn":"Pseudo/DUIK Ctrl v02-0012","ix":12,"v":0}]}],"ip":0,"op":150.000006109625,"st":0,"bm":0},{"ddd":0,"ind":6,"ty":0,"nm":"Pre-comp 2","refId":"comp_1","sr":1,"ks":{"o":{"a":0,"k":100,"ix":11},"r":{"a":1,"k":[{"i":{"x":[0.667],"y":[1]},"o":{"x":[0.333],"y":[0]},"t":0,"s":[4.92]},{"i":{"x":[0.667],"y":[1]},"o":{"x":[0.333],"y":[0]},"t":10,"s":[3.051]},{"i":{"x":[0.667],"y":[1]},"o":{"x":[0.333],"y":[0]},"t":20,"s":[3.051]},{"i":{"x":[0.667],"y":[1]},"o":{"x":[0.333],"y":[0]},"t":30,"s":[12.139]},{"i":{"x":[0.667],"y":[1]},"o":{"x":[0.333],"y":[0]},"t":40,"s":[12.139]},{"i":{"x":[0.667],"y":[1]},"o":{"x":[0.333],"y":[0]},"t":50,"s":[6.597]},{"i":{"x":[0.667],"y":[1]},"o":{"x":[0.333],"y":[0]},"t":60,"s":[6.597]},{"i":{"x":[0.667],"y":[1]},"o":{"x":[0.167],"y":[0]},"t":70,"s":[3.201]},{"i":{"x":[0.833],"y":[1]},"o":{"x":[0.167],"y":[0]},"t":81,"s":[3.201]},{"i":{"x":[0.667],"y":[1]},"o":{"x":[0.167],"y":[0]},"t":90,"s":[10.826]},{"t":100.000004073084,"s":[3.201]}],"ix":10},"p":{"a":0,"k":[951.5,336,0],"ix":2,"l":2},"a":{"a":0,"k":[90.803,142.5,0],"ix":1,"l":2},"s":{"a":0,"k":[100,100,100],"ix":6,"l":2}},"ao":0,"w":166,"h":160,"ip":0,"op":150.000006109625,"st":0,"bm":0},{"ddd":0,"ind":8,"ty":2,"nm":"L hand 1","parent":14,"refId":"image_19","sr":1,"ks":{"o":{"a":0,"k":100,"ix":11},"r":{"k":[{"s":[363.825],"t":5,"i":{"x":[1],"y":[1]},"o":{"x":[0],"y":[0]}},{"s":[368.309],"t":6,"i":{"x":[1],"y":[1]},"o":{"x":[0],"y":[0]}},{"s":[371.613],"t":7,"i":{"x":[1],"y":[1]},"o":{"x":[0],"y":[0]}},{"s":[370.422],"t":8,"i":{"x":[1],"y":[1]},"o":{"x":[0],"y":[0]}},{"s":[366.773],"t":9,"i":{"x":[1],"y":[1]},"o":{"x":[0],"y":[0]}},{"s":[364.68],"t":10,"i":{"x":[1],"y":[1]},"o":{"x":[0],"y":[0]}},{"s":[364.68],"t":24,"i":{"x":[1],"y":[1]},"o":{"x":[0],"y":[0]}},{"s":[366.574],"t":25,"i":{"x":[1],"y":[1]},"o":{"x":[0],"y":[0]}},{"s":[371.014],"t":26,"i":{"x":[1],"y":[1]},"o":{"x":[0],"y":[0]}},{"s":[376.224],"t":27,"i":{"x":[1],"y":[1]},"o":{"x":[0],"y":[0]}},{"s":[380.578],"t":28,"i":{"x":[1],"y":[1]},"o":{"x":[0],"y":[0]}},{"s":[382.409],"t":29,"i":{"x":[1],"y":[1]},"o":{"x":[0],"y":[0]}},{"s":[382.409],"t":45,"i":{"x":[1],"y":[1]},"o":{"x":[0],"y":[0]}},{"s":[379.951],"t":46,"i":{"x":[1],"y":[1]},"o":{"x":[0],"y":[0]}},{"s":[373.623],"t":47,"i":{"x":[1],"y":[1]},"o":{"x":[0],"y":[0]}},{"s":[365.838],"t":48,"i":{"x":[1],"y":[1]},"o":{"x":[0],"y":[0]}},{"s":[359.859],"t":49,"i":{"x":[1],"y":[1]},"o":{"x":[0],"y":[0]}},{"s":[358.842],"t":50,"i":{"x":[1],"y":[1]},"o":{"x":[0],"y":[0]}},{"s":[359.182],"t":52,"i":{"x":[1],"y":[1]},"o":{"x":[0],"y":[0]}},{"s":[360.133],"t":53,"i":{"x":[1],"y":[1]},"o":{"x":[0],"y":[0]}},{"s":[361.633],"t":54,"i":{"x":[1],"y":[1]},"o":{"x":[0],"y":[0]}},{"s":[363.458],"t":55,"i":{"x":[1],"y":[1]},"o":{"x":[0],"y":[0]}},{"s":[365.354],"t":56,"i":{"x":[1],"y":[1]},"o":{"x":[0],"y":[0]}},{"s":[367.07],"t":57,"i":{"x":[1],"y":[1]},"o":{"x":[0],"y":[0]}},{"s":[368.392],"t":58,"i":{"x":[1],"y":[1]},"o":{"x":[0],"y":[0]}},{"s":[369.131],"t":59,"i":{"x":[1],"y":[1]},"o":{"x":[0],"y":[0]}},{"s":[369.116],"t":60,"i":{"x":[1],"y":[1]},"o":{"x":[0],"y":[0]}},{"s":[368.165],"t":61,"i":{"x":[1],"y":[1]},"o":{"x":[0],"y":[0]}},{"s":[365.943],"t":62,"i":{"x":[1],"y":[1]},"o":{"x":[0],"y":[0]}},{"s":[360.998],"t":63,"i":{"x":[1],"y":[1]},"o":{"x":[0],"y":[0]}}]},"p":{"a":0,"k":[25.11,40.64,0],"ix":2,"l":2},"a":{"a":0,"k":[27.841,17.53,0],"ix":1,"l":2},"s":{"a":0,"k":[100,100,100],"ix":6,"l":2}},"ao":0,"ef":[{"ty":5,"nm":"IK","np":3,"mn":"Pseudo/DUIK ik","ix":1,"en":1,"ef":[{"ty":10,"nm":"Controller","mn":"Pseudo/DUIK ik-0001","ix":1,"v":{"a":0,"k":5,"ix":1}}]}],"ip":0,"op":150.000006109625,"st":0,"bm":0},{"ddd":0,"ind":9,"ty":2,"nm":"L hand 11","parent":8,"refId":"image_20","sr":1,"ks":{"o":{"a":0,"k":100,"ix":11},"r":{"k":[{"s":[-18.296],"t":5,"i":{"x":[1],"y":[1]},"o":{"x":[0],"y":[0]}},{"s":[-31.812],"t":6,"i":{"x":[1],"y":[1]},"o":{"x":[0],"y":[0]}},{"s":[-50.051],"t":7,"i":{"x":[1],"y":[1]},"o":{"x":[0],"y":[0]}},{"s":[-63.206],"t":8,"i":{"x":[1],"y":[1]},"o":{"x":[0],"y":[0]}},{"s":[-70.234],"t":9,"i":{"x":[1],"y":[1]},"o":{"x":[0],"y":[0]}},{"s":[-72.337],"t":10,"i":{"x":[1],"y":[1]},"o":{"x":[0],"y":[0]}},{"s":[-72.337],"t":24,"i":{"x":[1],"y":[1]},"o":{"x":[0],"y":[0]}},{"s":[-74.952],"t":25,"i":{"x":[1],"y":[1]},"o":{"x":[0],"y":[0]}},{"s":[-80.837],"t":26,"i":{"x":[1],"y":[1]},"o":{"x":[0],"y":[0]}},{"s":[-87.289],"t":27,"i":{"x":[1],"y":[1]},"o":{"x":[0],"y":[0]}},{"s":[-92.295],"t":28,"i":{"x":[1],"y":[1]},"o":{"x":[0],"y":[0]}},{"s":[-94.294],"t":29,"i":{"x":[1],"y":[1]},"o":{"x":[0],"y":[0]}},{"s":[-94.294],"t":45,"i":{"x":[1],"y":[1]},"o":{"x":[0],"y":[0]}},{"s":[-90.225],"t":46,"i":{"x":[1],"y":[1]},"o":{"x":[0],"y":[0]}},{"s":[-80.141],"t":47,"i":{"x":[1],"y":[1]},"o":{"x":[0],"y":[0]}},{"s":[-66.128],"t":48,"i":{"x":[1],"y":[1]},"o":{"x":[0],"y":[0]}},{"s":[-52.188],"t":49,"i":{"x":[1],"y":[1]},"o":{"x":[0],"y":[0]}},{"s":[-47.467],"t":50,"i":{"x":[1],"y":[1]},"o":{"x":[0],"y":[0]}},{"s":[-46.695],"t":51,"i":{"x":[1],"y":[1]},"o":{"x":[0],"y":[0]}},{"s":[-45.083],"t":52,"i":{"x":[1],"y":[1]},"o":{"x":[0],"y":[0]}},{"s":[-43.441],"t":53,"i":{"x":[1],"y":[1]},"o":{"x":[0],"y":[0]}},{"s":[-41.908],"t":54,"i":{"x":[1],"y":[1]},"o":{"x":[0],"y":[0]}},{"s":[-40.307],"t":55,"i":{"x":[1],"y":[1]},"o":{"x":[0],"y":[0]}},{"s":[-38.383],"t":56,"i":{"x":[1],"y":[1]},"o":{"x":[0],"y":[0]}},{"s":[-35.909],"t":57,"i":{"x":[1],"y":[1]},"o":{"x":[0],"y":[0]}},{"s":[-32.701],"t":58,"i":{"x":[1],"y":[1]},"o":{"x":[0],"y":[0]}},{"s":[-28.62],"t":59,"i":{"x":[1],"y":[1]},"o":{"x":[0],"y":[0]}},{"s":[-23.572],"t":60,"i":{"x":[1],"y":[1]},"o":{"x":[0],"y":[0]}},{"s":[-17.382],"t":61,"i":{"x":[1],"y":[1]},"o":{"x":[0],"y":[0]}},{"s":[-9.566],"t":62,"i":{"x":[1],"y":[1]},"o":{"x":[0],"y":[0]}},{"s":[2.719],"t":63,"i":{"x":[1],"y":[1]},"o":{"x":[0],"y":[0]}}]},"p":{"k":[{"s":[21.475,106.612,0],"t":0,"i":{"x":1,"y":1},"o":{"x":0,"y":0}},{"s":[21.475,106.612,0],"t":130,"i":{"x":1,"y":1},"o":{"x":0,"y":0}}],"l":2},"a":{"a":0,"k":[16.014,9.389,0],"ix":1,"l":2},"s":{"a":0,"k":[100,100,100],"ix":6,"l":2}},"ao":0,"ef":[{"ty":5,"nm":"IK","np":3,"mn":"Pseudo/DUIK ik","ix":1,"en":1,"ef":[{"ty":10,"nm":"Controller","mn":"Pseudo/DUIK ik-0001","ix":1,"v":{"a":0,"k":5,"ix":1}}]}],"ip":0,"op":150.000006109625,"st":0,"bm":0},{"ddd":0,"ind":10,"ty":2,"nm":"L hand 111","parent":9,"refId":"image_21","sr":1,"ks":{"o":{"a":0,"k":100,"ix":11},"r":{"k":[{"s":[4.443],"t":0,"i":{"x":[1],"y":[1]},"o":{"x":[0],"y":[0]}},{"s":[0.822],"t":1,"i":{"x":[1],"y":[1]},"o":{"x":[0],"y":[0]}},{"s":[-4.565],"t":2,"i":{"x":[1],"y":[1]},"o":{"x":[0],"y":[0]}},{"s":[-10.228],"t":3,"i":{"x":[1],"y":[1]},"o":{"x":[0],"y":[0]}},{"s":[-15.614],"t":4,"i":{"x":[1],"y":[1]},"o":{"x":[0],"y":[0]}},{"s":[-19.236],"t":5,"i":{"x":[1],"y":[1]},"o":{"x":[0],"y":[0]}},{"s":[-32.354],"t":6,"i":{"x":[1],"y":[1]},"o":{"x":[0],"y":[0]}},{"s":[-17.442],"t":7,"i":{"x":[1],"y":[1]},"o":{"x":[0],"y":[0]}},{"s":[-3.162],"t":8,"i":{"x":[1],"y":[1]},"o":{"x":[0],"y":[0]}},{"s":[7.406],"t":9,"i":{"x":[1],"y":[1]},"o":{"x":[0],"y":[0]}},{"s":[11.455],"t":10,"i":{"x":[1],"y":[1]},"o":{"x":[0],"y":[0]}},{"s":[11.271],"t":11,"i":{"x":[1],"y":[1]},"o":{"x":[0],"y":[0]}},{"s":[11.053],"t":12,"i":{"x":[1],"y":[1]},"o":{"x":[0],"y":[0]}},{"s":[10.802],"t":13,"i":{"x":[1],"y":[1]},"o":{"x":[0],"y":[0]}},{"s":[10.522],"t":14,"i":{"x":[1],"y":[1]},"o":{"x":[0],"y":[0]}},{"s":[10.215],"t":15,"i":{"x":[1],"y":[1]},"o":{"x":[0],"y":[0]}},{"s":[9.883],"t":16,"i":{"x":[1],"y":[1]},"o":{"x":[0],"y":[0]}},{"s":[9.528],"t":17,"i":{"x":[1],"y":[1]},"o":{"x":[0],"y":[0]}},{"s":[9.154],"t":18,"i":{"x":[1],"y":[1]},"o":{"x":[0],"y":[0]}},{"s":[8.761],"t":19,"i":{"x":[1],"y":[1]},"o":{"x":[0],"y":[0]}},{"s":[8.353],"t":20,"i":{"x":[1],"y":[1]},"o":{"x":[0],"y":[0]}},{"s":[7.932],"t":21,"i":{"x":[1],"y":[1]},"o":{"x":[0],"y":[0]}},{"s":[7.5],"t":22,"i":{"x":[1],"y":[1]},"o":{"x":[0],"y":[0]}},{"s":[7.06],"t":23,"i":{"x":[1],"y":[1]},"o":{"x":[0],"y":[0]}},{"s":[6.614],"t":24,"i":{"x":[1],"y":[1]},"o":{"x":[0],"y":[0]}},{"s":[6.886],"t":25,"i":{"x":[1],"y":[1]},"o":{"x":[0],"y":[0]}},{"s":[7.881],"t":26,"i":{"x":[1],"y":[1]},"o":{"x":[0],"y":[0]}},{"s":[8.674],"t":27,"i":{"x":[1],"y":[1]},"o":{"x":[0],"y":[0]}},{"s":[8.88],"t":28,"i":{"x":[1],"y":[1]},"o":{"x":[0],"y":[0]}},{"s":[8.607],"t":29,"i":{"x":[1],"y":[1]},"o":{"x":[0],"y":[0]}},{"s":[8.175],"t":30,"i":{"x":[1],"y":[1]},"o":{"x":[0],"y":[0]}},{"s":[7.754],"t":31,"i":{"x":[1],"y":[1]},"o":{"x":[0],"y":[0]}},{"s":[7.346],"t":32,"i":{"x":[1],"y":[1]},"o":{"x":[0],"y":[0]}},{"s":[6.954],"t":33,"i":{"x":[1],"y":[1]},"o":{"x":[0],"y":[0]}},{"s":[6.579],"t":34,"i":{"x":[1],"y":[1]},"o":{"x":[0],"y":[0]}},{"s":[6.224],"t":35,"i":{"x":[1],"y":[1]},"o":{"x":[0],"y":[0]}},{"s":[5.892],"t":36,"i":{"x":[1],"y":[1]},"o":{"x":[0],"y":[0]}},{"s":[5.585],"t":37,"i":{"x":[1],"y":[1]},"o":{"x":[0],"y":[0]}},{"s":[5.305],"t":38,"i":{"x":[1],"y":[1]},"o":{"x":[0],"y":[0]}},{"s":[5.055],"t":39,"i":{"x":[1],"y":[1]},"o":{"x":[0],"y":[0]}},{"s":[4.836],"t":40,"i":{"x":[1],"y":[1]},"o":{"x":[0],"y":[0]}},{"s":[4.652],"t":41,"i":{"x":[1],"y":[1]},"o":{"x":[0],"y":[0]}},{"s":[4.505],"t":42,"i":{"x":[1],"y":[1]},"o":{"x":[0],"y":[0]}},{"s":[4.397],"t":43,"i":{"x":[1],"y":[1]},"o":{"x":[0],"y":[0]}},{"s":[4.331],"t":44,"i":{"x":[1],"y":[1]},"o":{"x":[0],"y":[0]}},{"s":[4.308],"t":45,"i":{"x":[1],"y":[1]},"o":{"x":[0],"y":[0]}},{"s":[36.566],"t":46,"i":{"x":[1],"y":[1]},"o":{"x":[0],"y":[0]}},{"s":[33.814],"t":47,"i":{"x":[1],"y":[1]},"o":{"x":[0],"y":[0]}},{"s":[29.546],"t":48,"i":{"x":[1],"y":[1]},"o":{"x":[0],"y":[0]}},{"s":[23.965],"t":49,"i":{"x":[1],"y":[1]},"o":{"x":[0],"y":[0]}},{"s":[22.88],"t":50,"i":{"x":[1],"y":[1]},"o":{"x":[0],"y":[0]}},{"s":[24.875],"t":51,"i":{"x":[1],"y":[1]},"o":{"x":[0],"y":[0]}},{"s":[25.804],"t":52,"i":{"x":[1],"y":[1]},"o":{"x":[0],"y":[0]}},{"s":[26.15],"t":53,"i":{"x":[1],"y":[1]},"o":{"x":[0],"y":[0]}},{"s":[26.099],"t":54,"i":{"x":[1],"y":[1]},"o":{"x":[0],"y":[0]}},{"s":[25.675],"t":55,"i":{"x":[1],"y":[1]},"o":{"x":[0],"y":[0]}},{"s":[24.856],"t":56,"i":{"x":[1],"y":[1]},"o":{"x":[0],"y":[0]}},{"s":[23.647],"t":57,"i":{"x":[1],"y":[1]},"o":{"x":[0],"y":[0]}},{"s":[22.058],"t":58,"i":{"x":[1],"y":[1]},"o":{"x":[0],"y":[0]}},{"s":[20.113],"t":59,"i":{"x":[1],"y":[1]},"o":{"x":[0],"y":[0]}},{"s":[17.852],"t":60,"i":{"x":[1],"y":[1]},"o":{"x":[0],"y":[0]}},{"s":[15.232],"t":61,"i":{"x":[1],"y":[1]},"o":{"x":[0],"y":[0]}},{"s":[12.017],"t":62,"i":{"x":[1],"y":[1]},"o":{"x":[0],"y":[0]}},{"s":[6.637],"t":63,"i":{"x":[1],"y":[1]},"o":{"x":[0],"y":[0]}},{"s":[7.299],"t":64,"i":{"x":[1],"y":[1]},"o":{"x":[0],"y":[0]}}]},"p":{"k":[{"s":[14.023,92.736,0],"t":0,"i":{"x":1,"y":1},"o":{"x":0,"y":0}},{"s":[14.023,92.736,0],"t":130,"i":{"x":1,"y":1},"o":{"x":0,"y":0}}],"l":2},"a":{"a":0,"k":[7.696,7.781,0],"ix":1,"l":2},"s":{"a":0,"k":[100,100,100],"ix":6,"l":2}},"ao":0,"ef":[{"ty":5,"nm":"IK","np":3,"mn":"Pseudo/DUIK ik","ix":1,"en":1,"ef":[{"ty":10,"nm":"Controller","mn":"Pseudo/DUIK ik-0001","ix":1,"v":{"a":0,"k":5,"ix":1}}]}],"ip":0,"op":150.000006109625,"st":0,"bm":0},{"ddd":0,"ind":11,"ty":0,"nm":"neck","parent":14,"refId":"comp_3","sr":1,"ks":{"o":{"a":0,"k":100,"ix":11},"r":{"a":0,"k":0,"ix":10},"p":{"a":0,"k":[84.242,8.447,0],"ix":2,"l":2},"a":{"a":0,"k":[17.445,46.355,0],"ix":1,"l":2},"s":{"a":0,"k":[100,100,100],"ix":6,"l":2}},"ao":0,"w":35,"h":57,"ip":0,"op":150.000006109625,"st":0,"bm":0},{"ddd":0,"ind":12,"ty":2,"nm":"Layer 21","parent":6,"refId":"image_23","sr":1,"ks":{"o":{"a":0,"k":100,"ix":11},"r":{"a":0,"k":-4.92,"ix":10},"p":{"a":0,"k":[86.381,107.585,0],"ix":2,"l":2},"a":{"a":0,"k":[65.506,40.398,0],"ix":1,"l":2},"s":{"a":0,"k":[100,100,100],"ix":6,"l":2}},"ao":0,"ip":0,"op":150.000006109625,"st":0,"bm":0},{"ddd":0,"ind":13,"ty":2,"nm":"Layer 9","parent":14,"refId":"image_24","sr":1,"ks":{"o":{"a":0,"k":100,"ix":11},"r":{"a":0,"k":0,"ix":10},"p":{"a":0,"k":[83.933,13.822,0],"ix":2,"l":2},"a":{"a":0,"k":[60.738,2.972,0],"ix":1,"l":2},"s":{"a":0,"k":[100,100,100],"ix":6,"l":2}},"ao":0,"hasMask":true,"masksProperties":[{"inv":true,"mode":"a","pt":{"a":0,"k":{"i":[[0,0],[0,0],[0,0],[0,0]],"o":[[0,0],[0,0],[0,0],[0,0]],"v":[[92.886,-7.321],[87.996,-0.957],[109.099,8.093],[107.372,-1.286]],"c":true},"ix":1},"o":{"a":0,"k":100,"ix":3},"x":{"a":0,"k":0,"ix":4},"nm":"Mask 1"}],"ip":0,"op":150.000006109625,"st":0,"bm":0},{"ddd":0,"ind":14,"ty":0,"nm":"body","parent":15,"refId":"comp_4","sr":1,"ks":{"o":{"a":0,"k":100,"ix":11},"r":{"a":0,"k":0,"ix":10},"p":{"a":0,"k":[57.276,11.561,0],"ix":2,"l":2},"a":{"a":0,"k":[87.594,196.08,0],"ix":1,"l":2},"s":{"a":0,"k":[100,100,100],"ix":6,"l":2}},"ao":0,"w":160,"h":216,"ip":0,"op":150.000006109625,"st":0,"bm":0},{"ddd":0,"ind":15,"ty":2,"nm":"body down","parent":3,"refId":"image_26","sr":1,"ks":{"o":{"a":0,"k":100,"ix":11},"r":{"a":0,"k":0,"ix":10},"p":{"a":0,"k":[0,0,0],"ix":2,"l":2},"a":{"a":0,"k":[55.512,27.228,0],"ix":1,"l":2},"s":{"a":0,"k":[100,100,100],"ix":6,"l":2}},"ao":0,"ip":0,"op":150.000006109625,"st":0,"bm":0},{"ddd":0,"ind":16,"ty":2,"nm":"L leg 1","parent":15,"refId":"image_27","sr":1,"ks":{"o":{"a":0,"k":100,"ix":11},"r":{"k":[{"s":[0.044],"t":0,"i":{"x":[1],"y":[1]},"o":{"x":[0],"y":[0]}},{"s":[0.044],"t":130,"i":{"x":[1],"y":[1]},"o":{"x":[0],"y":[0]}}]},"p":{"a":0,"k":[28.228,29.348,0],"ix":2,"l":2},"a":{"a":0,"k":[28.131,27.282,0],"ix":1,"l":2},"s":{"a":0,"k":[100,100,100],"ix":6,"l":2}},"ao":0,"ef":[{"ty":5,"nm":"IK","np":3,"mn":"Pseudo/DUIK ik","ix":1,"en":1,"ef":[{"ty":10,"nm":"Controller","mn":"Pseudo/DUIK ik-0001","ix":1,"v":{"a":0,"k":2,"ix":1}}]}],"ip":0,"op":150.000006109625,"st":0,"bm":0},{"ddd":0,"ind":17,"ty":2,"nm":"L leg 11","parent":16,"refId":"image_28","sr":1,"ks":{"o":{"a":0,"k":100,"ix":11},"r":{"k":[{"s":[0.531],"t":0,"i":{"x":[1],"y":[1]},"o":{"x":[0],"y":[0]}},{"s":[0.531],"t":130,"i":{"x":[1],"y":[1]},"o":{"x":[0],"y":[0]}}]},"p":{"k":[{"s":[26.794,167.135,0],"t":0,"i":{"x":1,"y":1},"o":{"x":0,"y":0}},{"s":[26.794,167.135,0],"t":130,"i":{"x":1,"y":1},"o":{"x":0,"y":0}}],"l":2},"a":{"a":0,"k":[23.11,13.364,0],"ix":1,"l":2},"s":{"a":0,"k":[100,100,100],"ix":6,"l":2}},"ao":0,"ef":[{"ty":5,"nm":"IK","np":3,"mn":"Pseudo/DUIK ik","ix":1,"en":1,"ef":[{"ty":10,"nm":"Controller","mn":"Pseudo/DUIK ik-0001","ix":1,"v":{"a":0,"k":2,"ix":1}}]}],"ip":0,"op":150.000006109625,"st":0,"bm":0},{"ddd":0,"ind":18,"ty":0,"nm":"L shoes 111","parent":17,"refId":"comp_5","sr":1,"ks":{"o":{"a":0,"k":100,"ix":11},"r":{"k":[{"s":[-2.921],"t":0,"i":{"x":[1],"y":[1]},"o":{"x":[0],"y":[0]}},{"s":[-2.921],"t":130,"i":{"x":[1],"y":[1]},"o":{"x":[0],"y":[0]}}]},"p":{"k":[{"s":[23.062,175.846,0],"t":0,"i":{"x":1,"y":1},"o":{"x":0,"y":0}},{"s":[23.062,175.846,0],"t":130,"i":{"x":1,"y":1},"o":{"x":0,"y":0}}],"l":2},"a":{"a":0,"k":[12.302,21.598,0],"ix":1,"l":2},"s":{"a":0,"k":[100,100,100],"ix":6,"l":2}},"ao":0,"ef":[{"ty":5,"nm":"IK","np":3,"mn":"Pseudo/DUIK ik","ix":1,"en":1,"ef":[{"ty":10,"nm":"Controller","mn":"Pseudo/DUIK ik-0001","ix":1,"v":{"a":0,"k":2,"ix":1}}]}],"w":70,"h":57,"ip":0,"op":150.000006109625,"st":0,"bm":0},{"ddd":0,"ind":19,"ty":2,"nm":"R leg 1","parent":15,"refId":"image_30","sr":1,"ks":{"o":{"a":0,"k":100,"ix":11},"r":{"k":[{"s":[712.618],"t":0,"i":{"x":[1],"y":[1]},"o":{"x":[0],"y":[0]}},{"s":[712.618],"t":130,"i":{"x":[1],"y":[1]},"o":{"x":[0],"y":[0]}}]},"p":{"a":0,"k":[85.046,30.598,0],"ix":2,"l":2},"a":{"a":0,"k":[29.867,25.014,0],"ix":1,"l":2},"s":{"a":0,"k":[100,100,100],"ix":6,"l":2}},"ao":0,"ef":[{"ty":5,"nm":"IK","np":3,"mn":"Pseudo/DUIK ik","ix":1,"en":1,"ef":[{"ty":10,"nm":"Controller","mn":"Pseudo/DUIK ik-0001","ix":1,"v":{"a":0,"k":0,"ix":1}}]},{"ty":5,"nm":"IK 2","np":3,"mn":"Pseudo/DUIK ik","ix":2,"en":1,"ef":[{"ty":10,"nm":"Controller","mn":"Pseudo/DUIK ik-0001","ix":1,"v":{"a":0,"k":0,"ix":1}}]},{"ty":5,"nm":"IK 3","np":3,"mn":"Pseudo/DUIK ik","ix":3,"en":1,"ef":[{"ty":10,"nm":"Controller","mn":"Pseudo/DUIK ik-0001","ix":1,"v":{"a":0,"k":1,"ix":1}}]}],"ip":0,"op":150.000006109625,"st":0,"bm":0},{"ddd":0,"ind":20,"ty":2,"nm":"R leg 11","parent":19,"refId":"image_31","sr":1,"ks":{"o":{"a":0,"k":100,"ix":11},"r":{"k":[{"s":[8.699],"t":0,"i":{"x":[1],"y":[1]},"o":{"x":[0],"y":[0]}},{"s":[8.699],"t":130,"i":{"x":[1],"y":[1]},"o":{"x":[0],"y":[0]}}]},"p":{"k":[{"s":[28.176,167.782,0],"t":0,"i":{"x":1,"y":1},"o":{"x":0,"y":0}},{"s":[28.176,167.782,0],"t":130,"i":{"x":1,"y":1},"o":{"x":0,"y":0}}],"l":2},"a":{"a":0,"k":[24.095,15.001,0],"ix":1,"l":2},"s":{"a":0,"k":[100,100,100],"ix":6,"l":2}},"ao":0,"ef":[{"ty":5,"nm":"IK","np":3,"mn":"Pseudo/DUIK ik","ix":1,"en":1,"ef":[{"ty":10,"nm":"Controller","mn":"Pseudo/DUIK ik-0001","ix":1,"v":{"a":0,"k":0,"ix":1}}]},{"ty":5,"nm":"IK 2","np":3,"mn":"Pseudo/DUIK ik","ix":2,"en":1,"ef":[{"ty":10,"nm":"Controller","mn":"Pseudo/DUIK ik-0001","ix":1,"v":{"a":0,"k":0,"ix":1}}]},{"ty":5,"nm":"IK 3","np":3,"mn":"Pseudo/DUIK ik","ix":3,"en":1,"ef":[{"ty":10,"nm":"Controller","mn":"Pseudo/DUIK ik-0001","ix":1,"v":{"a":0,"k":1,"ix":1}}]}],"ip":0,"op":150.000006109625,"st":0,"bm":0},{"ddd":0,"ind":21,"ty":0,"nm":"R shoes 111","parent":20,"refId":"comp_6","sr":1,"ks":{"o":{"a":0,"k":100,"ix":11},"r":{"k":[{"s":[714.801],"t":1,"i":{"x":[1],"y":[1]},"o":{"x":[0],"y":[0]}},{"s":[713.151],"t":2,"i":{"x":[1],"y":[1]},"o":{"x":[0],"y":[0]}},{"s":[711.181],"t":3,"i":{"x":[1],"y":[1]},"o":{"x":[0],"y":[0]}},{"s":[709.531],"t":4,"i":{"x":[1],"y":[1]},"o":{"x":[0],"y":[0]}},{"s":[708.839],"t":5,"i":{"x":[1],"y":[1]},"o":{"x":[0],"y":[0]}},{"s":[709.885],"t":6,"i":{"x":[1],"y":[1]},"o":{"x":[0],"y":[0]}},{"s":[712.379],"t":7,"i":{"x":[1],"y":[1]},"o":{"x":[0],"y":[0]}},{"s":[715.356],"t":8,"i":{"x":[1],"y":[1]},"o":{"x":[0],"y":[0]}},{"s":[717.85],"t":9,"i":{"x":[1],"y":[1]},"o":{"x":[0],"y":[0]}},{"s":[718.896],"t":10,"i":{"x":[1],"y":[1]},"o":{"x":[0],"y":[0]}},{"s":[718.896],"t":21,"i":{"x":[1],"y":[1]},"o":{"x":[0],"y":[0]}},{"s":[717.85],"t":22,"i":{"x":[1],"y":[1]},"o":{"x":[0],"y":[0]}},{"s":[715.356],"t":23,"i":{"x":[1],"y":[1]},"o":{"x":[0],"y":[0]}},{"s":[712.379],"t":24,"i":{"x":[1],"y":[1]},"o":{"x":[0],"y":[0]}},{"s":[709.885],"t":25,"i":{"x":[1],"y":[1]},"o":{"x":[0],"y":[0]}},{"s":[708.839],"t":26,"i":{"x":[1],"y":[1]},"o":{"x":[0],"y":[0]}},{"s":[709.885],"t":27,"i":{"x":[1],"y":[1]},"o":{"x":[0],"y":[0]}},{"s":[712.379],"t":28,"i":{"x":[1],"y":[1]},"o":{"x":[0],"y":[0]}},{"s":[715.356],"t":29,"i":{"x":[1],"y":[1]},"o":{"x":[0],"y":[0]}},{"s":[717.85],"t":30,"i":{"x":[1],"y":[1]},"o":{"x":[0],"y":[0]}},{"s":[718.896],"t":31,"i":{"x":[1],"y":[1]},"o":{"x":[0],"y":[0]}},{"s":[718.896],"t":50,"i":{"x":[1],"y":[1]},"o":{"x":[0],"y":[0]}},{"s":[717.85],"t":51,"i":{"x":[1],"y":[1]},"o":{"x":[0],"y":[0]}},{"s":[715.356],"t":52,"i":{"x":[1],"y":[1]},"o":{"x":[0],"y":[0]}},{"s":[712.379],"t":53,"i":{"x":[1],"y":[1]},"o":{"x":[0],"y":[0]}},{"s":[709.885],"t":54,"i":{"x":[1],"y":[1]},"o":{"x":[0],"y":[0]}},{"s":[708.839],"t":55,"i":{"x":[1],"y":[1]},"o":{"x":[0],"y":[0]}},{"s":[709.885],"t":56,"i":{"x":[1],"y":[1]},"o":{"x":[0],"y":[0]}},{"s":[712.379],"t":57,"i":{"x":[1],"y":[1]},"o":{"x":[0],"y":[0]}},{"s":[715.356],"t":58,"i":{"x":[1],"y":[1]},"o":{"x":[0],"y":[0]}},{"s":[717.85],"t":59,"i":{"x":[1],"y":[1]},"o":{"x":[0],"y":[0]}},{"s":[718.896],"t":60,"i":{"x":[1],"y":[1]},"o":{"x":[0],"y":[0]}},{"s":[718.896],"t":80,"i":{"x":[1],"y":[1]},"o":{"x":[0],"y":[0]}},{"s":[717.85],"t":81,"i":{"x":[1],"y":[1]},"o":{"x":[0],"y":[0]}},{"s":[715.356],"t":82,"i":{"x":[1],"y":[1]},"o":{"x":[0],"y":[0]}},{"s":[712.379],"t":83,"i":{"x":[1],"y":[1]},"o":{"x":[0],"y":[0]}},{"s":[709.885],"t":84,"i":{"x":[1],"y":[1]},"o":{"x":[0],"y":[0]}},{"s":[708.839],"t":85,"i":{"x":[1],"y":[1]},"o":{"x":[0],"y":[0]}},{"s":[709.885],"t":86,"i":{"x":[1],"y":[1]},"o":{"x":[0],"y":[0]}},{"s":[712.379],"t":87,"i":{"x":[1],"y":[1]},"o":{"x":[0],"y":[0]}},{"s":[715.356],"t":88,"i":{"x":[1],"y":[1]},"o":{"x":[0],"y":[0]}},{"s":[717.85],"t":89,"i":{"x":[1],"y":[1]},"o":{"x":[0],"y":[0]}},{"s":[718.896],"t":90,"i":{"x":[1],"y":[1]},"o":{"x":[0],"y":[0]}},{"s":[718.896],"t":110,"i":{"x":[1],"y":[1]},"o":{"x":[0],"y":[0]}},{"s":[717.85],"t":111,"i":{"x":[1],"y":[1]},"o":{"x":[0],"y":[0]}},{"s":[715.356],"t":112,"i":{"x":[1],"y":[1]},"o":{"x":[0],"y":[0]}},{"s":[712.379],"t":113,"i":{"x":[1],"y":[1]},"o":{"x":[0],"y":[0]}},{"s":[709.885],"t":114,"i":{"x":[1],"y":[1]},"o":{"x":[0],"y":[0]}},{"s":[708.839],"t":115,"i":{"x":[1],"y":[1]},"o":{"x":[0],"y":[0]}},{"s":[709.885],"t":116,"i":{"x":[1],"y":[1]},"o":{"x":[0],"y":[0]}},{"s":[712.379],"t":117,"i":{"x":[1],"y":[1]},"o":{"x":[0],"y":[0]}},{"s":[715.356],"t":118,"i":{"x":[1],"y":[1]},"o":{"x":[0],"y":[0]}},{"s":[717.85],"t":119,"i":{"x":[1],"y":[1]},"o":{"x":[0],"y":[0]}},{"s":[718.896],"t":120,"i":{"x":[1],"y":[1]},"o":{"x":[0],"y":[0]}}]},"p":{"k":[{"s":[24.336,172.8,0],"t":0,"i":{"x":1,"y":1},"o":{"x":0,"y":0}},{"s":[24.336,172.8,0],"t":130,"i":{"x":1,"y":1},"o":{"x":0,"y":0}}],"l":2},"a":{"a":0,"k":[12.03,17.904,0],"ix":1,"l":2},"s":{"a":0,"k":[100,100,100],"ix":6,"l":2}},"ao":0,"ef":[{"ty":5,"nm":"IK","np":3,"mn":"Pseudo/DUIK ik","ix":1,"en":1,"ef":[{"ty":10,"nm":"Controller","mn":"Pseudo/DUIK ik-0001","ix":1,"v":{"a":0,"k":0,"ix":1}}]},{"ty":5,"nm":"IK 2","np":3,"mn":"Pseudo/DUIK ik","ix":2,"en":1,"ef":[{"ty":10,"nm":"Controller","mn":"Pseudo/DUIK ik-0001","ix":1,"v":{"a":0,"k":0,"ix":1}}]},{"ty":5,"nm":"IK 3","np":3,"mn":"Pseudo/DUIK ik","ix":3,"en":1,"ef":[{"ty":10,"nm":"Controller","mn":"Pseudo/DUIK ik-0001","ix":1,"v":{"a":0,"k":1,"ix":1}}]}],"w":70,"h":57,"ip":0,"op":150.000006109625,"st":0,"bm":0},{"ddd":0,"ind":22,"ty":2,"nm":"R hand 1","parent":14,"refId":"image_33","sr":1,"ks":{"o":{"a":0,"k":100,"ix":11},"r":{"k":[{"s":[19.91],"t":5,"i":{"x":[1],"y":[1]},"o":{"x":[0],"y":[0]}},{"s":[25.491],"t":6,"i":{"x":[1],"y":[1]},"o":{"x":[0],"y":[0]}},{"s":[28.348],"t":7,"i":{"x":[1],"y":[1]},"o":{"x":[0],"y":[0]}},{"s":[26.997],"t":8,"i":{"x":[1],"y":[1]},"o":{"x":[0],"y":[0]}},{"s":[24.555],"t":9,"i":{"x":[1],"y":[1]},"o":{"x":[0],"y":[0]}},{"s":[23.068],"t":10,"i":{"x":[1],"y":[1]},"o":{"x":[0],"y":[0]}},{"s":[23.068],"t":24,"i":{"x":[1],"y":[1]},"o":{"x":[0],"y":[0]}},{"s":[23.786],"t":25,"i":{"x":[1],"y":[1]},"o":{"x":[0],"y":[0]}},{"s":[23.7],"t":26,"i":{"x":[1],"y":[1]},"o":{"x":[0],"y":[0]}},{"s":[23.132],"t":27,"i":{"x":[1],"y":[1]},"o":{"x":[0],"y":[0]}},{"s":[22.393],"t":28,"i":{"x":[1],"y":[1]},"o":{"x":[0],"y":[0]}},{"s":[21.956],"t":29,"i":{"x":[1],"y":[1]},"o":{"x":[0],"y":[0]}},{"s":[21.956],"t":45,"i":{"x":[1],"y":[1]},"o":{"x":[0],"y":[0]}},{"s":[20.985],"t":46,"i":{"x":[1],"y":[1]},"o":{"x":[0],"y":[0]}},{"s":[19.054],"t":47,"i":{"x":[1],"y":[1]},"o":{"x":[0],"y":[0]}},{"s":[17.199],"t":48,"i":{"x":[1],"y":[1]},"o":{"x":[0],"y":[0]}},{"s":[16.138],"t":49,"i":{"x":[1],"y":[1]},"o":{"x":[0],"y":[0]}},{"s":[15.997],"t":50,"i":{"x":[1],"y":[1]},"o":{"x":[0],"y":[0]}},{"s":[16.638],"t":51,"i":{"x":[1],"y":[1]},"o":{"x":[0],"y":[0]}},{"s":[17.74],"t":52,"i":{"x":[1],"y":[1]},"o":{"x":[0],"y":[0]}},{"s":[18.887],"t":53,"i":{"x":[1],"y":[1]},"o":{"x":[0],"y":[0]}},{"s":[19.922],"t":54,"i":{"x":[1],"y":[1]},"o":{"x":[0],"y":[0]}},{"s":[20.751],"t":55,"i":{"x":[1],"y":[1]},"o":{"x":[0],"y":[0]}},{"s":[21.302],"t":56,"i":{"x":[1],"y":[1]},"o":{"x":[0],"y":[0]}},{"s":[21.49],"t":57,"i":{"x":[1],"y":[1]},"o":{"x":[0],"y":[0]}},{"s":[21.178],"t":58,"i":{"x":[1],"y":[1]},"o":{"x":[0],"y":[0]}},{"s":[20.031],"t":59,"i":{"x":[1],"y":[1]},"o":{"x":[0],"y":[0]}},{"s":[15.583],"t":60,"i":{"x":[1],"y":[1]},"o":{"x":[0],"y":[0]}},{"s":[16.728],"t":61,"i":{"x":[1],"y":[1]},"o":{"x":[0],"y":[0]}},{"s":[17.646],"t":62,"i":{"x":[1],"y":[1]},"o":{"x":[0],"y":[0]}},{"s":[18.273],"t":63,"i":{"x":[1],"y":[1]},"o":{"x":[0],"y":[0]}},{"s":[18.488],"t":64,"i":{"x":[1],"y":[1]},"o":{"x":[0],"y":[0]}},{"s":[16.866],"t":65,"i":{"x":[1],"y":[1]},"o":{"x":[0],"y":[0]}},{"s":[15.181],"t":66,"i":{"x":[1],"y":[1]},"o":{"x":[0],"y":[0]}},{"s":[13.557],"t":67,"i":{"x":[1],"y":[1]},"o":{"x":[0],"y":[0]}},{"s":[11.989],"t":68,"i":{"x":[1],"y":[1]},"o":{"x":[0],"y":[0]}},{"s":[10.479],"t":69,"i":{"x":[1],"y":[1]},"o":{"x":[0],"y":[0]}},{"s":[9.035],"t":70,"i":{"x":[1],"y":[1]},"o":{"x":[0],"y":[0]}},{"s":[7.66],"t":71,"i":{"x":[1],"y":[1]},"o":{"x":[0],"y":[0]}},{"s":[6.366],"t":72,"i":{"x":[1],"y":[1]},"o":{"x":[0],"y":[0]}},{"s":[5.164],"t":73,"i":{"x":[1],"y":[1]},"o":{"x":[0],"y":[0]}},{"s":[4.073],"t":74,"i":{"x":[1],"y":[1]},"o":{"x":[0],"y":[0]}},{"s":[3.118],"t":75,"i":{"x":[1],"y":[1]},"o":{"x":[0],"y":[0]}},{"s":[2.336],"t":76,"i":{"x":[1],"y":[1]},"o":{"x":[0],"y":[0]}},{"s":[1.786],"t":77,"i":{"x":[1],"y":[1]},"o":{"x":[0],"y":[0]}},{"s":[1.566],"t":78,"i":{"x":[1],"y":[1]},"o":{"x":[0],"y":[0]}},{"s":[4.962],"t":79,"i":{"x":[1],"y":[1]},"o":{"x":[0],"y":[0]}},{"s":[6.467],"t":80,"i":{"x":[1],"y":[1]},"o":{"x":[0],"y":[0]}},{"s":[6.234],"t":81,"i":{"x":[1],"y":[1]},"o":{"x":[0],"y":[0]}},{"s":[5.183],"t":82,"i":{"x":[1],"y":[1]},"o":{"x":[0],"y":[0]}},{"s":[3.651],"t":83,"i":{"x":[1],"y":[1]},"o":{"x":[0],"y":[0]}},{"s":[1.852],"t":84,"i":{"x":[1],"y":[1]},"o":{"x":[0],"y":[0]}},{"s":[-0.031],"t":85,"i":{"x":[1],"y":[1]},"o":{"x":[0],"y":[0]}},{"s":[-1.799],"t":86,"i":{"x":[1],"y":[1]},"o":{"x":[0],"y":[0]}},{"s":[-3.195],"t":87,"i":{"x":[1],"y":[1]},"o":{"x":[0],"y":[0]}},{"s":[-3.81],"t":88,"i":{"x":[1],"y":[1]},"o":{"x":[0],"y":[0]}},{"s":[0.468],"t":89,"i":{"x":[1],"y":[1]},"o":{"x":[0],"y":[0]}},{"s":[4.012],"t":90,"i":{"x":[1],"y":[1]},"o":{"x":[0],"y":[0]}},{"s":[6.769],"t":91,"i":{"x":[1],"y":[1]},"o":{"x":[0],"y":[0]}},{"s":[8.784],"t":92,"i":{"x":[1],"y":[1]},"o":{"x":[0],"y":[0]}},{"s":[10.051],"t":93,"i":{"x":[1],"y":[1]},"o":{"x":[0],"y":[0]}},{"s":[10.474],"t":94,"i":{"x":[1],"y":[1]},"o":{"x":[0],"y":[0]}},{"s":[9.298],"t":95,"i":{"x":[1],"y":[1]},"o":{"x":[0],"y":[0]}},{"s":[8.25],"t":96,"i":{"x":[1],"y":[1]},"o":{"x":[0],"y":[0]}},{"s":[6.202],"t":98,"i":{"x":[1],"y":[1]},"o":{"x":[0],"y":[0]}},{"s":[5.183],"t":99,"i":{"x":[1],"y":[1]},"o":{"x":[0],"y":[0]}},{"s":[4.175],"t":100,"i":{"x":[1],"y":[1]},"o":{"x":[0],"y":[0]}},{"s":[3.179],"t":101,"i":{"x":[1],"y":[1]},"o":{"x":[0],"y":[0]}},{"s":[2.201],"t":102,"i":{"x":[1],"y":[1]},"o":{"x":[0],"y":[0]}},{"s":[1.254],"t":103,"i":{"x":[1],"y":[1]},"o":{"x":[0],"y":[0]}},{"s":[0.341],"t":104,"i":{"x":[1],"y":[1]},"o":{"x":[0],"y":[0]}},{"s":[-0.525],"t":105,"i":{"x":[1],"y":[1]},"o":{"x":[0],"y":[0]}},{"s":[-1.312],"t":106,"i":{"x":[1],"y":[1]},"o":{"x":[0],"y":[0]}},{"s":[-1.987],"t":107,"i":{"x":[1],"y":[1]},"o":{"x":[0],"y":[0]}},{"s":[-1.96],"t":108,"i":{"x":[1],"y":[1]},"o":{"x":[0],"y":[0]}},{"s":[-1.214],"t":109,"i":{"x":[1],"y":[1]},"o":{"x":[0],"y":[0]}},{"s":[-0.735],"t":110,"i":{"x":[1],"y":[1]},"o":{"x":[0],"y":[0]}},{"s":[-0.549],"t":111,"i":{"x":[1],"y":[1]},"o":{"x":[0],"y":[0]}},{"s":[5.407],"t":112,"i":{"x":[1],"y":[1]},"o":{"x":[0],"y":[0]}},{"s":[10.354],"t":113,"i":{"x":[1],"y":[1]},"o":{"x":[0],"y":[0]}},{"s":[14.532],"t":114,"i":{"x":[1],"y":[1]},"o":{"x":[0],"y":[0]}},{"s":[18.016],"t":115,"i":{"x":[1],"y":[1]},"o":{"x":[0],"y":[0]}},{"s":[20.817],"t":116,"i":{"x":[1],"y":[1]},"o":{"x":[0],"y":[0]}},{"s":[22.939],"t":117,"i":{"x":[1],"y":[1]},"o":{"x":[0],"y":[0]}},{"s":[24.366],"t":118,"i":{"x":[1],"y":[1]},"o":{"x":[0],"y":[0]}},{"s":[25.045],"t":119,"i":{"x":[1],"y":[1]},"o":{"x":[0],"y":[0]}},{"s":[24.872],"t":120,"i":{"x":[1],"y":[1]},"o":{"x":[0],"y":[0]}},{"s":[23.589],"t":121,"i":{"x":[1],"y":[1]},"o":{"x":[0],"y":[0]}},{"s":[20.01],"t":122,"i":{"x":[1],"y":[1]},"o":{"x":[0],"y":[0]}},{"s":[17.004],"t":123,"i":{"x":[1],"y":[1]},"o":{"x":[0],"y":[0]}},{"s":[18.069],"t":124,"i":{"x":[1],"y":[1]},"o":{"x":[0],"y":[0]}},{"s":[18.488],"t":125,"i":{"x":[1],"y":[1]},"o":{"x":[0],"y":[0]}}]},"p":{"a":0,"k":[135.341,39.851,0],"ix":2,"l":2},"a":{"a":0,"k":[21.503,19.406,0],"ix":1,"l":2},"s":{"a":0,"k":[100,100,100],"ix":6,"l":2}},"ao":0,"ef":[{"ty":5,"nm":"IK","np":3,"mn":"Pseudo/DUIK ik","ix":1,"en":1,"ef":[{"ty":10,"nm":"Controller","mn":"Pseudo/DUIK ik-0001","ix":1,"v":{"a":0,"k":4,"ix":1}}]}],"ip":0,"op":150.000006109625,"st":0,"bm":0},{"ddd":0,"ind":23,"ty":2,"nm":"R hand 11","parent":22,"refId":"image_34","sr":1,"ks":{"o":{"a":0,"k":100,"ix":11},"r":{"k":[{"s":[355.361],"t":5,"i":{"x":[1],"y":[1]},"o":{"x":[0],"y":[0]}},{"s":[331.717],"t":6,"i":{"x":[1],"y":[1]},"o":{"x":[0],"y":[0]}},{"s":[313.561],"t":7,"i":{"x":[1],"y":[1]},"o":{"x":[0],"y":[0]}},{"s":[304.83],"t":8,"i":{"x":[1],"y":[1]},"o":{"x":[0],"y":[0]}},{"s":[300.409],"t":9,"i":{"x":[1],"y":[1]},"o":{"x":[0],"y":[0]}},{"s":[298.887],"t":10,"i":{"x":[1],"y":[1]},"o":{"x":[0],"y":[0]}},{"s":[298.887],"t":24,"i":{"x":[1],"y":[1]},"o":{"x":[0],"y":[0]}},{"s":[291.092],"t":25,"i":{"x":[1],"y":[1]},"o":{"x":[0],"y":[0]}},{"s":[285.168],"t":26,"i":{"x":[1],"y":[1]},"o":{"x":[0],"y":[0]}},{"s":[280.682],"t":27,"i":{"x":[1],"y":[1]},"o":{"x":[0],"y":[0]}},{"s":[277.561],"t":28,"i":{"x":[1],"y":[1]},"o":{"x":[0],"y":[0]}},{"s":[276.194],"t":29,"i":{"x":[1],"y":[1]},"o":{"x":[0],"y":[0]}},{"s":[276.194],"t":45,"i":{"x":[1],"y":[1]},"o":{"x":[0],"y":[0]}},{"s":[286.049],"t":46,"i":{"x":[1],"y":[1]},"o":{"x":[0],"y":[0]}},{"s":[296.446],"t":47,"i":{"x":[1],"y":[1]},"o":{"x":[0],"y":[0]}},{"s":[306.045],"t":48,"i":{"x":[1],"y":[1]},"o":{"x":[0],"y":[0]}},{"s":[313.137],"t":49,"i":{"x":[1],"y":[1]},"o":{"x":[0],"y":[0]}},{"s":[315.896],"t":50,"i":{"x":[1],"y":[1]},"o":{"x":[0],"y":[0]}},{"s":[319.285],"t":51,"i":{"x":[1],"y":[1]},"o":{"x":[0],"y":[0]}},{"s":[321.581],"t":52,"i":{"x":[1],"y":[1]},"o":{"x":[0],"y":[0]}},{"s":[323.607],"t":53,"i":{"x":[1],"y":[1]},"o":{"x":[0],"y":[0]}},{"s":[325.688],"t":54,"i":{"x":[1],"y":[1]},"o":{"x":[0],"y":[0]}},{"s":[328.003],"t":55,"i":{"x":[1],"y":[1]},"o":{"x":[0],"y":[0]}},{"s":[330.691],"t":56,"i":{"x":[1],"y":[1]},"o":{"x":[0],"y":[0]}},{"s":[333.907],"t":57,"i":{"x":[1],"y":[1]},"o":{"x":[0],"y":[0]}},{"s":[337.914],"t":58,"i":{"x":[1],"y":[1]},"o":{"x":[0],"y":[0]}},{"s":[343.373],"t":59,"i":{"x":[1],"y":[1]},"o":{"x":[0],"y":[0]}},{"s":[355.361],"t":60,"i":{"x":[1],"y":[1]},"o":{"x":[0],"y":[0]}},{"s":[355.361],"t":78,"i":{"x":[1],"y":[1]},"o":{"x":[0],"y":[0]}},{"s":[341.099],"t":79,"i":{"x":[1],"y":[1]},"o":{"x":[0],"y":[0]}},{"s":[331.057],"t":80,"i":{"x":[1],"y":[1]},"o":{"x":[0],"y":[0]}},{"s":[324.837],"t":81,"i":{"x":[1],"y":[1]},"o":{"x":[0],"y":[0]}},{"s":[320.563],"t":82,"i":{"x":[1],"y":[1]},"o":{"x":[0],"y":[0]}},{"s":[317.613],"t":83,"i":{"x":[1],"y":[1]},"o":{"x":[0],"y":[0]}},{"s":[315.652],"t":84,"i":{"x":[1],"y":[1]},"o":{"x":[0],"y":[0]}},{"s":[314.451],"t":85,"i":{"x":[1],"y":[1]},"o":{"x":[0],"y":[0]}},{"s":[313.816],"t":86,"i":{"x":[1],"y":[1]},"o":{"x":[0],"y":[0]}},{"s":[313.505],"t":88,"i":{"x":[1],"y":[1]},"o":{"x":[0],"y":[0]}},{"s":[311.407],"t":89,"i":{"x":[1],"y":[1]},"o":{"x":[0],"y":[0]}},{"s":[310.976],"t":90,"i":{"x":[1],"y":[1]},"o":{"x":[0],"y":[0]}},{"s":[311.516],"t":91,"i":{"x":[1],"y":[1]},"o":{"x":[0],"y":[0]}},{"s":[312.715],"t":92,"i":{"x":[1],"y":[1]},"o":{"x":[0],"y":[0]}},{"s":[314.18],"t":93,"i":{"x":[1],"y":[1]},"o":{"x":[0],"y":[0]}},{"s":[315.164],"t":94,"i":{"x":[1],"y":[1]},"o":{"x":[0],"y":[0]}},{"s":[315.582],"t":95,"i":{"x":[1],"y":[1]},"o":{"x":[0],"y":[0]}},{"s":[315.777],"t":97,"i":{"x":[1],"y":[1]},"o":{"x":[0],"y":[0]}},{"s":[315.937],"t":98,"i":{"x":[1],"y":[1]},"o":{"x":[0],"y":[0]}},{"s":[316.148],"t":99,"i":{"x":[1],"y":[1]},"o":{"x":[0],"y":[0]}},{"s":[316.406],"t":100,"i":{"x":[1],"y":[1]},"o":{"x":[0],"y":[0]}},{"s":[316.707],"t":101,"i":{"x":[1],"y":[1]},"o":{"x":[0],"y":[0]}},{"s":[317.043],"t":102,"i":{"x":[1],"y":[1]},"o":{"x":[0],"y":[0]}},{"s":[317.4],"t":103,"i":{"x":[1],"y":[1]},"o":{"x":[0],"y":[0]}},{"s":[317.769],"t":104,"i":{"x":[1],"y":[1]},"o":{"x":[0],"y":[0]}},{"s":[318.129],"t":105,"i":{"x":[1],"y":[1]},"o":{"x":[0],"y":[0]}},{"s":[318.447],"t":106,"i":{"x":[1],"y":[1]},"o":{"x":[0],"y":[0]}},{"s":[318.66],"t":107,"i":{"x":[1],"y":[1]},"o":{"x":[0],"y":[0]}},{"s":[318.026],"t":108,"i":{"x":[1],"y":[1]},"o":{"x":[0],"y":[0]}},{"s":[317.257],"t":109,"i":{"x":[1],"y":[1]},"o":{"x":[0],"y":[0]}},{"s":[316.824],"t":110,"i":{"x":[1],"y":[1]},"o":{"x":[0],"y":[0]}},{"s":[316.662],"t":111,"i":{"x":[1],"y":[1]},"o":{"x":[0],"y":[0]}},{"s":[312.469],"t":112,"i":{"x":[1],"y":[1]},"o":{"x":[0],"y":[0]}},{"s":[310.235],"t":113,"i":{"x":[1],"y":[1]},"o":{"x":[0],"y":[0]}},{"s":[309.411],"t":114,"i":{"x":[1],"y":[1]},"o":{"x":[0],"y":[0]}},{"s":[309.776],"t":115,"i":{"x":[1],"y":[1]},"o":{"x":[0],"y":[0]}},{"s":[311.207],"t":116,"i":{"x":[1],"y":[1]},"o":{"x":[0],"y":[0]}},{"s":[313.638],"t":117,"i":{"x":[1],"y":[1]},"o":{"x":[0],"y":[0]}},{"s":[317.061],"t":118,"i":{"x":[1],"y":[1]},"o":{"x":[0],"y":[0]}},{"s":[321.528],"t":119,"i":{"x":[1],"y":[1]},"o":{"x":[0],"y":[0]}},{"s":[327.187],"t":120,"i":{"x":[1],"y":[1]},"o":{"x":[0],"y":[0]}},{"s":[334.528],"t":121,"i":{"x":[1],"y":[1]},"o":{"x":[0],"y":[0]}},{"s":[345.941],"t":122,"i":{"x":[1],"y":[1]},"o":{"x":[0],"y":[0]}},{"s":[355.361],"t":123,"i":{"x":[1],"y":[1]},"o":{"x":[0],"y":[0]}}]},"p":{"k":[{"s":[59.875,100.26,0],"t":0,"i":{"x":1,"y":1},"o":{"x":0,"y":0}},{"s":[59.875,100.26,0],"t":130,"i":{"x":1,"y":1},"o":{"x":0,"y":0}}],"l":2},"a":{"a":0,"k":[15.66,12.191,0],"ix":1,"l":2},"s":{"a":0,"k":[100,100,100],"ix":6,"l":2}},"ao":0,"ef":[{"ty":5,"nm":"IK","np":3,"mn":"Pseudo/DUIK ik","ix":1,"en":1,"ef":[{"ty":10,"nm":"Controller","mn":"Pseudo/DUIK ik-0001","ix":1,"v":{"a":0,"k":4,"ix":1}}]}],"ip":0,"op":150.000006109625,"st":0,"bm":0},{"ddd":0,"ind":24,"ty":0,"nm":"R hand 111","parent":23,"refId":"comp_7","sr":1,"ks":{"o":{"a":0,"k":100,"ix":11},"r":{"k":[{"s":[-368.072],"t":5,"i":{"x":[1],"y":[1]},"o":{"x":[0],"y":[0]}},{"s":[-385.617],"t":6,"i":{"x":[1],"y":[1]},"o":{"x":[0],"y":[0]}},{"s":[-405.926],"t":7,"i":{"x":[1],"y":[1]},"o":{"x":[0],"y":[0]}},{"s":[-395.932],"t":8,"i":{"x":[1],"y":[1]},"o":{"x":[0],"y":[0]}},{"s":[-389.323],"t":9,"i":{"x":[1],"y":[1]},"o":{"x":[0],"y":[0]}},{"s":[-386.726],"t":10,"i":{"x":[1],"y":[1]},"o":{"x":[0],"y":[0]}},{"s":[-387.282],"t":11,"i":{"x":[1],"y":[1]},"o":{"x":[0],"y":[0]}},{"s":[-387.972],"t":12,"i":{"x":[1],"y":[1]},"o":{"x":[0],"y":[0]}},{"s":[-388.785],"t":13,"i":{"x":[1],"y":[1]},"o":{"x":[0],"y":[0]}},{"s":[-389.709],"t":14,"i":{"x":[1],"y":[1]},"o":{"x":[0],"y":[0]}},{"s":[-390.734],"t":15,"i":{"x":[1],"y":[1]},"o":{"x":[0],"y":[0]}},{"s":[-391.847],"t":16,"i":{"x":[1],"y":[1]},"o":{"x":[0],"y":[0]}},{"s":[-393.037],"t":17,"i":{"x":[1],"y":[1]},"o":{"x":[0],"y":[0]}},{"s":[-394.295],"t":18,"i":{"x":[1],"y":[1]},"o":{"x":[0],"y":[0]}},{"s":[-395.607],"t":19,"i":{"x":[1],"y":[1]},"o":{"x":[0],"y":[0]}},{"s":[-396.963],"t":20,"i":{"x":[1],"y":[1]},"o":{"x":[0],"y":[0]}},{"s":[-398.352],"t":21,"i":{"x":[1],"y":[1]},"o":{"x":[0],"y":[0]}},{"s":[-399.762],"t":22,"i":{"x":[1],"y":[1]},"o":{"x":[0],"y":[0]}},{"s":[-402.601],"t":24,"i":{"x":[1],"y":[1]},"o":{"x":[0],"y":[0]}},{"s":[-396.931],"t":25,"i":{"x":[1],"y":[1]},"o":{"x":[0],"y":[0]}},{"s":[-392.304],"t":26,"i":{"x":[1],"y":[1]},"o":{"x":[0],"y":[0]}},{"s":[-388.599],"t":27,"i":{"x":[1],"y":[1]},"o":{"x":[0],"y":[0]}},{"s":[-386.041],"t":28,"i":{"x":[1],"y":[1]},"o":{"x":[0],"y":[0]}},{"s":[-385.483],"t":29,"i":{"x":[1],"y":[1]},"o":{"x":[0],"y":[0]}},{"s":[-386.659],"t":30,"i":{"x":[1],"y":[1]},"o":{"x":[0],"y":[0]}},{"s":[-387.756],"t":31,"i":{"x":[1],"y":[1]},"o":{"x":[0],"y":[0]}},{"s":[-388.762],"t":32,"i":{"x":[1],"y":[1]},"o":{"x":[0],"y":[0]}},{"s":[-389.666],"t":33,"i":{"x":[1],"y":[1]},"o":{"x":[0],"y":[0]}},{"s":[-390.456],"t":34,"i":{"x":[1],"y":[1]},"o":{"x":[0],"y":[0]}},{"s":[-391.121],"t":35,"i":{"x":[1],"y":[1]},"o":{"x":[0],"y":[0]}},{"s":[-391.651],"t":36,"i":{"x":[1],"y":[1]},"o":{"x":[0],"y":[0]}},{"s":[-392.033],"t":37,"i":{"x":[1],"y":[1]},"o":{"x":[0],"y":[0]}},{"s":[-391.864],"t":41,"i":{"x":[1],"y":[1]},"o":{"x":[0],"y":[0]}},{"s":[-391.342],"t":42,"i":{"x":[1],"y":[1]},"o":{"x":[0],"y":[0]}},{"s":[-390.605],"t":43,"i":{"x":[1],"y":[1]},"o":{"x":[0],"y":[0]}},{"s":[-389.641],"t":44,"i":{"x":[1],"y":[1]},"o":{"x":[0],"y":[0]}},{"s":[-388.441],"t":45,"i":{"x":[1],"y":[1]},"o":{"x":[0],"y":[0]}},{"s":[-395.876],"t":46,"i":{"x":[1],"y":[1]},"o":{"x":[0],"y":[0]}},{"s":[-402.325],"t":47,"i":{"x":[1],"y":[1]},"o":{"x":[0],"y":[0]}},{"s":[-407.237],"t":48,"i":{"x":[1],"y":[1]},"o":{"x":[0],"y":[0]}},{"s":[-409.717],"t":49,"i":{"x":[1],"y":[1]},"o":{"x":[0],"y":[0]}},{"s":[-408.163],"t":50,"i":{"x":[1],"y":[1]},"o":{"x":[0],"y":[0]}},{"s":[-407.495],"t":51,"i":{"x":[1],"y":[1]},"o":{"x":[0],"y":[0]}},{"s":[-405.768],"t":52,"i":{"x":[1],"y":[1]},"o":{"x":[0],"y":[0]}},{"s":[-403.486],"t":53,"i":{"x":[1],"y":[1]},"o":{"x":[0],"y":[0]}},{"s":[-400.913],"t":54,"i":{"x":[1],"y":[1]},"o":{"x":[0],"y":[0]}},{"s":[-398.231],"t":55,"i":{"x":[1],"y":[1]},"o":{"x":[0],"y":[0]}},{"s":[-395.604],"t":56,"i":{"x":[1],"y":[1]},"o":{"x":[0],"y":[0]}},{"s":[-393.199],"t":57,"i":{"x":[1],"y":[1]},"o":{"x":[0],"y":[0]}},{"s":[-391.24],"t":58,"i":{"x":[1],"y":[1]},"o":{"x":[0],"y":[0]}},{"s":[-390.148],"t":59,"i":{"x":[1],"y":[1]},"o":{"x":[0],"y":[0]}},{"s":[-392.633],"t":60,"i":{"x":[1],"y":[1]},"o":{"x":[0],"y":[0]}},{"s":[-389.167],"t":61,"i":{"x":[1],"y":[1]},"o":{"x":[0],"y":[0]}},{"s":[-386.017],"t":62,"i":{"x":[1],"y":[1]},"o":{"x":[0],"y":[0]}},{"s":[-383.214],"t":63,"i":{"x":[1],"y":[1]},"o":{"x":[0],"y":[0]}},{"s":[-380.736],"t":64,"i":{"x":[1],"y":[1]},"o":{"x":[0],"y":[0]}},{"s":[-378.758],"t":65,"i":{"x":[1],"y":[1]},"o":{"x":[0],"y":[0]}},{"s":[-379.843],"t":66,"i":{"x":[1],"y":[1]},"o":{"x":[0],"y":[0]}},{"s":[-382.996],"t":67,"i":{"x":[1],"y":[1]},"o":{"x":[0],"y":[0]}},{"s":[-387.093],"t":68,"i":{"x":[1],"y":[1]},"o":{"x":[0],"y":[0]}},{"s":[-391.016],"t":69,"i":{"x":[1],"y":[1]},"o":{"x":[0],"y":[0]}},{"s":[-393.652],"t":70,"i":{"x":[1],"y":[1]},"o":{"x":[0],"y":[0]}},{"s":[-393.778],"t":72,"i":{"x":[1],"y":[1]},"o":{"x":[0],"y":[0]}},{"s":[-394.474],"t":73,"i":{"x":[1],"y":[1]},"o":{"x":[0],"y":[0]}},{"s":[-395.469],"t":74,"i":{"x":[1],"y":[1]},"o":{"x":[0],"y":[0]}},{"s":[-396.649],"t":75,"i":{"x":[1],"y":[1]},"o":{"x":[0],"y":[0]}},{"s":[-397.954],"t":76,"i":{"x":[1],"y":[1]},"o":{"x":[0],"y":[0]}},{"s":[-399.3],"t":77,"i":{"x":[1],"y":[1]},"o":{"x":[0],"y":[0]}},{"s":[-400.267],"t":78,"i":{"x":[1],"y":[1]},"o":{"x":[0],"y":[0]}},{"s":[-391.95],"t":79,"i":{"x":[1],"y":[1]},"o":{"x":[0],"y":[0]}},{"s":[-387.809],"t":80,"i":{"x":[1],"y":[1]},"o":{"x":[0],"y":[0]}},{"s":[-386.375],"t":81,"i":{"x":[1],"y":[1]},"o":{"x":[0],"y":[0]}},{"s":[-386.359],"t":82,"i":{"x":[1],"y":[1]},"o":{"x":[0],"y":[0]}},{"s":[-387.306],"t":83,"i":{"x":[1],"y":[1]},"o":{"x":[0],"y":[0]}},{"s":[-388.976],"t":84,"i":{"x":[1],"y":[1]},"o":{"x":[0],"y":[0]}},{"s":[-391.201],"t":85,"i":{"x":[1],"y":[1]},"o":{"x":[0],"y":[0]}},{"s":[-393.817],"t":86,"i":{"x":[1],"y":[1]},"o":{"x":[0],"y":[0]}},{"s":[-396.56],"t":87,"i":{"x":[1],"y":[1]},"o":{"x":[0],"y":[0]}},{"s":[-398.44],"t":88,"i":{"x":[1],"y":[1]},"o":{"x":[0],"y":[0]}},{"s":[-396.921],"t":89,"i":{"x":[1],"y":[1]},"o":{"x":[0],"y":[0]}},{"s":[-394.31],"t":90,"i":{"x":[1],"y":[1]},"o":{"x":[0],"y":[0]}},{"s":[-391.429],"t":91,"i":{"x":[1],"y":[1]},"o":{"x":[0],"y":[0]}},{"s":[-388.464],"t":92,"i":{"x":[1],"y":[1]},"o":{"x":[0],"y":[0]}},{"s":[-385.473],"t":93,"i":{"x":[1],"y":[1]},"o":{"x":[0],"y":[0]}},{"s":[-383.18],"t":94,"i":{"x":[1],"y":[1]},"o":{"x":[0],"y":[0]}},{"s":[-383.185],"t":95,"i":{"x":[1],"y":[1]},"o":{"x":[0],"y":[0]}},{"s":[-383.693],"t":96,"i":{"x":[1],"y":[1]},"o":{"x":[0],"y":[0]}},{"s":[-384.555],"t":97,"i":{"x":[1],"y":[1]},"o":{"x":[0],"y":[0]}},{"s":[-385.638],"t":98,"i":{"x":[1],"y":[1]},"o":{"x":[0],"y":[0]}},{"s":[-386.885],"t":99,"i":{"x":[1],"y":[1]},"o":{"x":[0],"y":[0]}},{"s":[-388.26],"t":100,"i":{"x":[1],"y":[1]},"o":{"x":[0],"y":[0]}},{"s":[-389.735],"t":101,"i":{"x":[1],"y":[1]},"o":{"x":[0],"y":[0]}},{"s":[-391.286],"t":102,"i":{"x":[1],"y":[1]},"o":{"x":[0],"y":[0]}},{"s":[-392.899],"t":103,"i":{"x":[1],"y":[1]},"o":{"x":[0],"y":[0]}},{"s":[-394.548],"t":104,"i":{"x":[1],"y":[1]},"o":{"x":[0],"y":[0]}},{"s":[-396.212],"t":105,"i":{"x":[1],"y":[1]},"o":{"x":[0],"y":[0]}},{"s":[-397.868],"t":106,"i":{"x":[1],"y":[1]},"o":{"x":[0],"y":[0]}},{"s":[-399.461],"t":107,"i":{"x":[1],"y":[1]},"o":{"x":[0],"y":[0]}},{"s":[-400.8],"t":108,"i":{"x":[1],"y":[1]},"o":{"x":[0],"y":[0]}},{"s":[-402.554],"t":109,"i":{"x":[1],"y":[1]},"o":{"x":[0],"y":[0]}},{"s":[-404.07],"t":110,"i":{"x":[1],"y":[1]},"o":{"x":[0],"y":[0]}},{"s":[-404.858],"t":111,"i":{"x":[1],"y":[1]},"o":{"x":[0],"y":[0]}},{"s":[-403.906],"t":112,"i":{"x":[1],"y":[1]},"o":{"x":[0],"y":[0]}},{"s":[-401.275],"t":113,"i":{"x":[1],"y":[1]},"o":{"x":[0],"y":[0]}},{"s":[-398.193],"t":114,"i":{"x":[1],"y":[1]},"o":{"x":[0],"y":[0]}},{"s":[-395.067],"t":115,"i":{"x":[1],"y":[1]},"o":{"x":[0],"y":[0]}},{"s":[-392.069],"t":116,"i":{"x":[1],"y":[1]},"o":{"x":[0],"y":[0]}},{"s":[-389.317],"t":117,"i":{"x":[1],"y":[1]},"o":{"x":[0],"y":[0]}},{"s":[-386.922],"t":118,"i":{"x":[1],"y":[1]},"o":{"x":[0],"y":[0]}},{"s":[-384.997],"t":119,"i":{"x":[1],"y":[1]},"o":{"x":[0],"y":[0]}},{"s":[-383.693],"t":120,"i":{"x":[1],"y":[1]},"o":{"x":[0],"y":[0]}},{"s":[-383.358],"t":121,"i":{"x":[1],"y":[1]},"o":{"x":[0],"y":[0]}},{"s":[-385.327],"t":122,"i":{"x":[1],"y":[1]},"o":{"x":[0],"y":[0]}},{"s":[-386.566],"t":123,"i":{"x":[1],"y":[1]},"o":{"x":[0],"y":[0]}},{"s":[-383.364],"t":124,"i":{"x":[1],"y":[1]},"o":{"x":[0],"y":[0]}},{"s":[-380.736],"t":125,"i":{"x":[1],"y":[1]},"o":{"x":[0],"y":[0]}}]},"p":{"k":[{"s":[45.129,89.975,0],"t":0,"i":{"x":1,"y":1},"o":{"x":0,"y":0}},{"s":[45.129,89.975,0],"t":130,"i":{"x":1,"y":1},"o":{"x":0,"y":0}}],"l":2},"a":{"a":0,"k":[36.203,18.558,0],"ix":1,"l":2},"s":{"a":0,"k":[100,100,100],"ix":6,"l":2}},"ao":0,"ef":[{"ty":5,"nm":"IK","np":3,"mn":"Pseudo/DUIK ik","ix":1,"en":1,"ef":[{"ty":10,"nm":"Controller","mn":"Pseudo/DUIK ik-0001","ix":1,"v":{"a":0,"k":4,"ix":1}}]}],"w":68,"h":77,"ip":0,"op":150.000006109625,"st":0,"bm":0}]},{"id":"comp_1","nm":"Pre-comp 2","fr":29.9700012207031,"layers":[{"ddd":0,"ind":1,"ty":0,"nm":"ezgif-frame-001","refId":"comp_2","sr":1,"ks":{"o":{"a":0,"k":100,"ix":11},"r":{"a":0,"k":0,"ix":10},"p":{"a":0,"k":[95.5,129,0],"ix":2,"l":2},"a":{"a":0,"k":[250,250,0],"ix":1,"l":2},"s":{"a":0,"k":[10.4,10.4,100],"ix":6,"l":2}},"ao":0,"w":500,"h":500,"ip":0,"op":60.0000024438501,"st":0,"bm":0},{"ddd":0,"ind":2,"ty":0,"nm":"ezgif-frame-001","refId":"comp_2","sr":1,"ks":{"o":{"a":0,"k":100,"ix":11},"r":{"a":0,"k":0,"ix":10},"p":{"a":0,"k":[95.5,129,0],"ix":2,"l":2},"a":{"a":0,"k":[250,250,0],"ix":1,"l":2},"s":{"a":0,"k":[10.4,10.4,100],"ix":6,"l":2}},"ao":0,"w":500,"h":500,"ip":60.0000024438501,"op":120.0000048877,"st":60.0000024438501,"bm":0},{"ddd":0,"ind":3,"ty":0,"nm":"ezgif-frame-001","refId":"comp_2","sr":1,"ks":{"o":{"a":0,"k":100,"ix":11},"r":{"a":0,"k":0,"ix":10},"p":{"a":0,"k":[95.5,129,0],"ix":2,"l":2},"a":{"a":0,"k":[250,250,0],"ix":1,"l":2},"s":{"a":0,"k":[10.4,10.4,100],"ix":6,"l":2}},"ao":0,"w":500,"h":500,"ip":120.0000048877,"op":180.00000733155,"st":120.0000048877,"bm":0},{"ddd":0,"ind":4,"ty":2,"nm":"Layer 8","refId":"image_9","sr":1,"ks":{"o":{"a":0,"k":100,"ix":11},"r":{"a":0,"k":0,"ix":10},"p":{"a":0,"k":[72.097,68.556,0],"ix":2,"l":2},"a":{"a":0,"k":[70.09,44.831,0],"ix":1,"l":2},"s":{"a":0,"k":[100,100,100],"ix":6,"l":2}},"ao":0,"ip":0,"op":150.000006109625,"st":0,"bm":0},{"ddd":0,"ind":5,"ty":2,"nm":"Layer 11","refId":"image_10","sr":1,"ks":{"o":{"a":0,"k":100,"ix":11},"r":{"a":0,"k":0,"ix":10},"p":{"a":1,"k":[{"i":{"x":0.833,"y":0.833},"o":{"x":0.167,"y":0.167},"t":9,"s":[104.219,86.18,0],"to":[0.342,-0.41,0],"ti":[-0.342,0.41,0]},{"i":{"x":0.833,"y":0.833},"o":{"x":0.167,"y":0.167},"t":10,"s":[106.268,83.72,0],"to":[0,0,0],"ti":[0,0,0]},{"i":{"x":0.833,"y":0.833},"o":{"x":0.167,"y":0.167},"t":30,"s":[106.268,83.72,0],"to":[-0.332,-0.09,0],"ti":[0.332,0.09,0]},{"i":{"x":0.833,"y":0.833},"o":{"x":0.167,"y":0.167},"t":31,"s":[104.279,83.18,0],"to":[0,0,0],"ti":[0,0,0]},{"i":{"x":0.833,"y":0.833},"o":{"x":0.167,"y":0.167},"t":50,"s":[104.279,83.18,0],"to":[0.157,0.503,0],"ti":[-0.157,-0.503,0]},{"t":51.0000020772726,"s":[105.219,86.2,0]}],"ix":2,"l":2},"a":{"a":0,"k":[9.389,2.759,0],"ix":1,"l":2},"s":{"a":0,"k":[100,100,100],"ix":6,"l":2}},"ao":0,"ip":0,"op":150.000006109625,"st":0,"bm":0},{"ddd":0,"ind":6,"ty":2,"nm":"Layer 12","refId":"image_11","sr":1,"ks":{"o":{"a":0,"k":100,"ix":11},"r":{"a":0,"k":0,"ix":10},"p":{"a":1,"k":[{"i":{"x":0.833,"y":0.833},"o":{"x":0.167,"y":0.167},"t":9,"s":[78.959,86.098,0],"to":[0.342,-0.41,0],"ti":[-0.342,0.41,0]},{"i":{"x":0.833,"y":0.833},"o":{"x":0.167,"y":0.167},"t":10,"s":[81.008,83.638,0],"to":[0,0,0],"ti":[0,0,0]},{"i":{"x":0.833,"y":0.833},"o":{"x":0.167,"y":0.167},"t":30,"s":[81.008,83.638,0],"to":[-0.332,-0.09,0],"ti":[0.332,0.09,0]},{"i":{"x":0.833,"y":0.833},"o":{"x":0.167,"y":0.167},"t":31,"s":[79.019,83.099,0],"to":[0,0,0],"ti":[0,0,0]},{"i":{"x":0.833,"y":0.833},"o":{"x":0.167,"y":0.167},"t":50,"s":[79.019,83.099,0],"to":[0.157,0.503,0],"ti":[-0.157,-0.503,0]},{"t":51.0000020772726,"s":[79.959,86.118,0]}],"ix":2,"l":2},"a":{"a":0,"k":[9.386,2.692,0],"ix":1,"l":2},"s":{"a":0,"k":[100,100,100],"ix":6,"l":2}},"ao":0,"ip":0,"op":150.000006109625,"st":0,"bm":0},{"ddd":0,"ind":7,"ty":2,"nm":"Layer 9","refId":"image_12","sr":1,"ks":{"o":{"a":0,"k":100,"ix":11},"r":{"a":0,"k":0,"ix":10},"p":{"a":1,"k":[{"i":{"x":0.833,"y":0.833},"o":{"x":0.167,"y":0.167},"t":9,"s":[103.995,97.322,0],"to":[0.59,-0.322,0],"ti":[-0.59,0.322,0]},{"i":{"x":0.833,"y":0.833},"o":{"x":0.167,"y":0.167},"t":10,"s":[107.534,95.391,0],"to":[0,0,0],"ti":[0,0,0]},{"i":{"x":0.833,"y":0.833},"o":{"x":0.167,"y":0.167},"t":30,"s":[107.534,95.391,0],"to":[-0.5,-0.01,0],"ti":[0.5,0.01,0]},{"i":{"x":0.833,"y":0.833},"o":{"x":0.167,"y":0.167},"t":31,"s":[104.534,95.332,0],"to":[0,0,0],"ti":[0,0,0]},{"i":{"x":0.833,"y":0.833},"o":{"x":0.167,"y":0.167},"t":50,"s":[104.534,95.332,0],"to":[0.16,0.337,0],"ti":[-0.16,-0.337,0]},{"t":51.0000020772726,"s":[105.495,97.351,0]}],"ix":2,"l":2},"a":{"a":0,"k":[5.191,5.192,0],"ix":1,"l":2},"s":{"a":1,"k":[{"i":{"x":[0.833,0.833,0.833],"y":[0.833,0.833,0.833]},"o":{"x":[0.167,0.167,0.167],"y":[0.167,0.167,0.167]},"t":0,"s":[100,100,100]},{"i":{"x":[0.833,0.833,0.833],"y":[0.833,0.833,0.833]},"o":{"x":[0.167,0.167,0.167],"y":[0.167,0.167,0.167]},"t":2,"s":[100,0,100]},{"i":{"x":[0.833,0.833,0.833],"y":[0.833,0.833,0.833]},"o":{"x":[0.167,0.167,0.167],"y":[0.167,0.167,0.167]},"t":4,"s":[100,100,100]},{"i":{"x":[0.833,0.833,0.833],"y":[0.833,0.833,0.833]},"o":{"x":[0.167,0.167,0.167],"y":[0.167,0.167,0.167]},"t":20,"s":[100,100,100]},{"i":{"x":[0.833,0.833,0.833],"y":[0.833,0.833,0.833]},"o":{"x":[0.167,0.167,0.167],"y":[0.167,0.167,0.167]},"t":22,"s":[100,0,100]},{"i":{"x":[0.833,0.833,0.833],"y":[0.833,0.833,0.833]},"o":{"x":[0.167,0.167,0.167],"y":[0.167,0.167,0.167]},"t":24,"s":[100,100,100]},{"i":{"x":[0.833,0.833,0.833],"y":[0.833,0.833,0.833]},"o":{"x":[0.167,0.167,0.167],"y":[0.167,0.167,0.167]},"t":50,"s":[100,100,100]},{"i":{"x":[0.833,0.833,0.833],"y":[0.833,0.833,0.833]},"o":{"x":[0.167,0.167,0.167],"y":[0.167,0.167,0.167]},"t":52,"s":[100,0,100]},{"t":54.0000021994651,"s":[100,100,100]}],"ix":6,"l":2}},"ao":0,"ip":0,"op":150.000006109625,"st":0,"bm":0},{"ddd":0,"ind":8,"ty":2,"nm":"Layer 10","refId":"image_13","sr":1,"ks":{"o":{"a":0,"k":100,"ix":11},"r":{"a":0,"k":0,"ix":10},"p":{"a":1,"k":[{"i":{"x":0.833,"y":0.833},"o":{"x":0.167,"y":0.167},"t":9,"s":[80.803,97.322,0],"to":[0.59,-0.322,0],"ti":[-0.59,0.322,0]},{"i":{"x":0.833,"y":0.833},"o":{"x":0.167,"y":0.167},"t":10,"s":[84.341,95.391,0],"to":[0,0,0],"ti":[0,0,0]},{"i":{"x":0.833,"y":0.833},"o":{"x":0.167,"y":0.167},"t":30,"s":[84.341,95.391,0],"to":[-0.5,-0.01,0],"ti":[0.5,0.01,0]},{"i":{"x":0.833,"y":0.833},"o":{"x":0.167,"y":0.167},"t":31,"s":[81.342,95.332,0],"to":[0,0,0],"ti":[0,0,0]},{"i":{"x":0.833,"y":0.833},"o":{"x":0.167,"y":0.167},"t":50,"s":[81.342,95.332,0],"to":[0.16,0.337,0],"ti":[-0.16,-0.337,0]},{"t":51.0000020772726,"s":[82.302,97.351,0]}],"ix":2,"l":2},"a":{"a":0,"k":[5.192,5.192,0],"ix":1,"l":2},"s":{"a":1,"k":[{"i":{"x":[0.833,0.833,0.833],"y":[0.833,0.833,0.833]},"o":{"x":[0.167,0.167,0.167],"y":[0.167,0.167,0.167]},"t":0,"s":[100,100,100]},{"i":{"x":[0.833,0.833,0.833],"y":[0.833,0.833,0.833]},"o":{"x":[0.167,0.167,0.167],"y":[0.167,0.167,0.167]},"t":2,"s":[100,0,100]},{"i":{"x":[0.833,0.833,0.833],"y":[0.833,0.833,0.833]},"o":{"x":[0.167,0.167,0.167],"y":[0.167,0.167,0.167]},"t":4,"s":[100,100,100]},{"i":{"x":[0.833,0.833,0.833],"y":[0.833,0.833,0.833]},"o":{"x":[0.167,0.167,0.167],"y":[0.167,0.167,0.167]},"t":20,"s":[100,100,100]},{"i":{"x":[0.833,0.833,0.833],"y":[0.833,0.833,0.833]},"o":{"x":[0.167,0.167,0.167],"y":[0.167,0.167,0.167]},"t":22,"s":[100,0,100]},{"i":{"x":[0.833,0.833,0.833],"y":[0.833,0.833,0.833]},"o":{"x":[0.167,0.167,0.167],"y":[0.167,0.167,0.167]},"t":24,"s":[100,100,100]},{"i":{"x":[0.833,0.833,0.833],"y":[0.833,0.833,0.833]},"o":{"x":[0.167,0.167,0.167],"y":[0.167,0.167,0.167]},"t":50,"s":[100,100,100]},{"i":{"x":[0.833,0.833,0.833],"y":[0.833,0.833,0.833]},"o":{"x":[0.167,0.167,0.167],"y":[0.167,0.167,0.167]},"t":52,"s":[100,0,100]},{"t":54.0000021994651,"s":[100,100,100]}],"ix":6,"l":2}},"ao":0,"ip":0,"op":150.000006109625,"st":0,"bm":0},{"ddd":0,"ind":9,"ty":2,"nm":"Layer 13","refId":"image_14","sr":1,"ks":{"o":{"a":0,"k":100,"ix":11},"r":{"a":0,"k":0,"ix":10},"p":{"a":0,"k":[80.776,99.489,0],"ix":2,"l":2},"a":{"a":0,"k":[48.553,58.451,0],"ix":1,"l":2},"s":{"a":0,"k":[100,100,100],"ix":6,"l":2}},"ao":0,"ip":0,"op":150.000006109625,"st":0,"bm":0},{"ddd":0,"ind":11,"ty":2,"nm":"R eye brow","parent":15,"refId":"image_15","sr":1,"ks":{"o":{"a":0,"k":100,"ix":11},"r":{"a":0,"k":0,"ix":10},"p":{"a":1,"k":[{"i":{"x":0.833,"y":0.833},"o":{"x":0.167,"y":0.167},"t":9,"s":[75.219,69.93,0],"to":[0.342,-0.41,0],"ti":[-0.342,0.41,0]},{"i":{"x":0.833,"y":0.833},"o":{"x":0.167,"y":0.167},"t":10,"s":[77.268,67.47,0],"to":[0,0,0],"ti":[0,0,0]},{"i":{"x":0.833,"y":0.833},"o":{"x":0.167,"y":0.167},"t":30,"s":[77.268,67.47,0],"to":[-0.332,-0.09,0],"ti":[0.332,0.09,0]},{"i":{"x":0.833,"y":0.833},"o":{"x":0.167,"y":0.167},"t":31,"s":[75.279,66.93,0],"to":[0,0,0],"ti":[0,0,0]},{"i":{"x":0.833,"y":0.833},"o":{"x":0.167,"y":0.167},"t":50,"s":[75.279,66.93,0],"to":[0.157,0.503,0],"ti":[-0.157,-0.503,0]},{"t":51.0000020772726,"s":[76.219,69.95,0]}],"ix":2,"l":2},"a":{"a":0,"k":[11.869,6.797,0],"ix":1,"l":2},"s":{"a":0,"k":[100,100,100],"ix":6,"l":2}},"ao":0,"ip":0,"op":150.000006109625,"st":0,"bm":0},{"ddd":0,"ind":12,"ty":2,"nm":"L eye brow","parent":15,"refId":"image_16","sr":1,"ks":{"o":{"a":0,"k":100,"ix":11},"r":{"a":0,"k":0,"ix":10},"p":{"a":1,"k":[{"i":{"x":0.833,"y":0.833},"o":{"x":0.167,"y":0.167},"t":9,"s":[42.709,69.098,0],"to":[0.342,-0.41,0],"ti":[-0.342,0.41,0]},{"i":{"x":0.833,"y":0.833},"o":{"x":0.167,"y":0.167},"t":10,"s":[44.758,66.638,0],"to":[0,0,0],"ti":[0,0,0]},{"i":{"x":0.833,"y":0.833},"o":{"x":0.167,"y":0.167},"t":30,"s":[44.758,66.638,0],"to":[-0.332,-0.09,0],"ti":[0.332,0.09,0]},{"i":{"x":0.833,"y":0.833},"o":{"x":0.167,"y":0.167},"t":31,"s":[42.769,66.099,0],"to":[0,0,0],"ti":[0,0,0]},{"i":{"x":0.833,"y":0.833},"o":{"x":0.167,"y":0.167},"t":50,"s":[42.769,66.099,0],"to":[0.157,0.503,0],"ti":[-0.157,-0.503,0]},{"t":51.0000020772726,"s":[43.709,69.118,0]}],"ix":2,"l":2},"a":{"a":0,"k":[14.207,7.274,0],"ix":1,"l":2},"s":{"a":0,"k":[100,100,100],"ix":6,"l":2}},"ao":0,"ip":0,"op":150.000006109625,"st":0,"bm":0},{"ddd":0,"ind":13,"ty":2,"nm":"R eye ball","parent":15,"refId":"image_17","sr":1,"ks":{"o":{"a":0,"k":100,"ix":11},"r":{"a":0,"k":0,"ix":10},"p":{"a":1,"k":[{"i":{"x":0.833,"y":0.833},"o":{"x":0.167,"y":0.167},"t":9,"s":[71.995,82.572,0],"to":[0.59,-0.322,0],"ti":[-0.59,0.322,0]},{"i":{"x":0.833,"y":0.833},"o":{"x":0.167,"y":0.167},"t":10,"s":[75.534,80.641,0],"to":[0,0,0],"ti":[0,0,0]},{"i":{"x":0.833,"y":0.833},"o":{"x":0.167,"y":0.167},"t":30,"s":[75.534,80.641,0],"to":[-0.5,-0.01,0],"ti":[0.5,0.01,0]},{"i":{"x":0.833,"y":0.833},"o":{"x":0.167,"y":0.167},"t":31,"s":[72.534,80.582,0],"to":[0,0,0],"ti":[0,0,0]},{"i":{"x":0.833,"y":0.833},"o":{"x":0.167,"y":0.167},"t":50,"s":[72.534,80.582,0],"to":[0.16,0.337,0],"ti":[-0.16,-0.337,0]},{"t":51.0000020772726,"s":[73.495,82.601,0]}],"ix":2,"l":2},"a":{"a":0,"k":[5.954,5.954,0],"ix":1,"l":2},"s":{"a":1,"k":[{"i":{"x":[0.833,0.833,0.833],"y":[0.833,0.833,0.833]},"o":{"x":[0.167,0.167,0.167],"y":[0.167,0.167,0.167]},"t":0,"s":[100,100,100]},{"i":{"x":[0.833,0.833,0.833],"y":[0.833,0.833,0.833]},"o":{"x":[0.167,0.167,0.167],"y":[0.167,0.167,0.167]},"t":2,"s":[100,0,100]},{"i":{"x":[0.833,0.833,0.833],"y":[0.833,0.833,0.833]},"o":{"x":[0.167,0.167,0.167],"y":[0.167,0.167,0.167]},"t":4,"s":[100,100,100]},{"i":{"x":[0.833,0.833,0.833],"y":[0.833,0.833,0.833]},"o":{"x":[0.167,0.167,0.167],"y":[0.167,0.167,0.167]},"t":20,"s":[100,100,100]},{"i":{"x":[0.833,0.833,0.833],"y":[0.833,0.833,0.833]},"o":{"x":[0.167,0.167,0.167],"y":[0.167,0.167,0.167]},"t":22,"s":[100,0,100]},{"i":{"x":[0.833,0.833,0.833],"y":[0.833,0.833,0.833]},"o":{"x":[0.167,0.167,0.167],"y":[0.167,0.167,0.167]},"t":24,"s":[100,100,100]},{"i":{"x":[0.833,0.833,0.833],"y":[0.833,0.833,0.833]},"o":{"x":[0.167,0.167,0.167],"y":[0.167,0.167,0.167]},"t":50,"s":[100,100,100]},{"i":{"x":[0.833,0.833,0.833],"y":[0.833,0.833,0.833]},"o":{"x":[0.167,0.167,0.167],"y":[0.167,0.167,0.167]},"t":52,"s":[100,0,100]},{"t":54.0000021994651,"s":[100,100,100]}],"ix":6,"l":2}},"ao":0,"ip":0,"op":150.000006109625,"st":0,"bm":0},{"ddd":0,"ind":14,"ty":2,"nm":"L eye ball","parent":15,"refId":"image_18","sr":1,"ks":{"o":{"a":0,"k":100,"ix":11},"r":{"a":0,"k":0,"ix":10},"p":{"a":1,"k":[{"i":{"x":0.833,"y":0.833},"o":{"x":0.167,"y":0.167},"t":9,"s":[47.303,82.572,0],"to":[0.59,-0.322,0],"ti":[-0.59,0.322,0]},{"i":{"x":0.833,"y":0.833},"o":{"x":0.167,"y":0.167},"t":10,"s":[50.841,80.641,0],"to":[0,0,0],"ti":[0,0,0]},{"i":{"x":0.833,"y":0.833},"o":{"x":0.167,"y":0.167},"t":30,"s":[50.841,80.641,0],"to":[-0.5,-0.01,0],"ti":[0.5,0.01,0]},{"i":{"x":0.833,"y":0.833},"o":{"x":0.167,"y":0.167},"t":31,"s":[47.842,80.582,0],"to":[0,0,0],"ti":[0,0,0]},{"i":{"x":0.833,"y":0.833},"o":{"x":0.167,"y":0.167},"t":50,"s":[47.842,80.582,0],"to":[0.16,0.337,0],"ti":[-0.16,-0.337,0]},{"t":51.0000020772726,"s":[48.802,82.601,0]}],"ix":2,"l":2},"a":{"a":0,"k":[5.953,5.954,0],"ix":1,"l":2},"s":{"a":1,"k":[{"i":{"x":[0.833,0.833,0.833],"y":[0.833,0.833,0.833]},"o":{"x":[0.167,0.167,0.167],"y":[0.167,0.167,0.167]},"t":0,"s":[100,100,100]},{"i":{"x":[0.833,0.833,0.833],"y":[0.833,0.833,0.833]},"o":{"x":[0.167,0.167,0.167],"y":[0.167,0.167,0.167]},"t":2,"s":[100,0,100]},{"i":{"x":[0.833,0.833,0.833],"y":[0.833,0.833,0.833]},"o":{"x":[0.167,0.167,0.167],"y":[0.167,0.167,0.167]},"t":4,"s":[100,100,100]},{"i":{"x":[0.833,0.833,0.833],"y":[0.833,0.833,0.833]},"o":{"x":[0.167,0.167,0.167],"y":[0.167,0.167,0.167]},"t":20,"s":[100,100,100]},{"i":{"x":[0.833,0.833,0.833],"y":[0.833,0.833,0.833]},"o":{"x":[0.167,0.167,0.167],"y":[0.167,0.167,0.167]},"t":22,"s":[100,0,100]},{"i":{"x":[0.833,0.833,0.833],"y":[0.833,0.833,0.833]},"o":{"x":[0.167,0.167,0.167],"y":[0.167,0.167,0.167]},"t":24,"s":[100,100,100]},{"i":{"x":[0.833,0.833,0.833],"y":[0.833,0.833,0.833]},"o":{"x":[0.167,0.167,0.167],"y":[0.167,0.167,0.167]},"t":50,"s":[100,100,100]},{"i":{"x":[0.833,0.833,0.833],"y":[0.833,0.833,0.833]},"o":{"x":[0.167,0.167,0.167],"y":[0.167,0.167,0.167]},"t":52,"s":[100,0,100]},{"t":54.0000021994651,"s":[100,100,100]}],"ix":6,"l":2}},"ao":0,"ip":0,"op":150.000006109625,"st":0,"bm":0},{"ddd":0,"ind":15,"ty":3,"nm":"face","sr":1,"ks":{"o":{"a":0,"k":100,"ix":11},"r":{"a":0,"k":-1.136,"ix":10},"p":{"a":0,"k":[86.848,146.409,0],"ix":2,"l":2},"a":{"a":0,"k":[54.496,138.305,0],"ix":1,"l":2},"s":{"a":0,"k":[100,100,100],"ix":6,"l":2}},"ao":0,"ip":-3.00000012219251,"op":147.000005987433,"st":-3.00000012219251,"bm":0}]},{"id":"comp_2","nm":"ezgif-frame-001","fr":29.9700012207031,"layers":[{"ddd":0,"ind":1,"ty":2,"nm":"ezgif-frame-001.png","cl":"png","refId":"image_0","sr":1,"ks":{"o":{"a":0,"k":100,"ix":11},"r":{"a":0,"k":0,"ix":10},"p":{"a":0,"k":[250,250,0],"ix":2,"l":2},"a":{"a":0,"k":[250,250,0],"ix":1,"l":2},"s":{"a":0,"k":[100,100,100],"ix":6,"l":2}},"ao":0,"ip":0,"op":3.00000012219251,"st":0,"bm":0},{"ddd":0,"ind":2,"ty":2,"nm":"ezgif-frame-005.png","cl":"png","refId":"image_1","sr":1,"ks":{"o":{"a":0,"k":100,"ix":11},"r":{"a":0,"k":0,"ix":10},"p":{"a":0,"k":[250,250,0],"ix":2,"l":2},"a":{"a":0,"k":[250,250,0],"ix":1,"l":2},"s":{"a":0,"k":[100,100,100],"ix":6,"l":2}},"ao":0,"ip":3.00000012219251,"op":6.00000024438501,"st":2.00000008146167,"bm":0},{"ddd":0,"ind":3,"ty":2,"nm":"ezgif-frame-006.png","cl":"png","refId":"image_2","sr":1,"ks":{"o":{"a":0,"k":100,"ix":11},"r":{"a":0,"k":0,"ix":10},"p":{"a":0,"k":[250,250,0],"ix":2,"l":2},"a":{"a":0,"k":[250,250,0],"ix":1,"l":2},"s":{"a":0,"k":[100,100,100],"ix":6,"l":2}},"ao":0,"ip":6.00000024438501,"op":9.00000036657752,"st":4.00000016292334,"bm":0},{"ddd":0,"ind":4,"ty":2,"nm":"ezgif-frame-007.png","cl":"png","refId":"image_3","sr":1,"ks":{"o":{"a":0,"k":100,"ix":11},"r":{"a":0,"k":0,"ix":10},"p":{"a":0,"k":[250,250,0],"ix":2,"l":2},"a":{"a":0,"k":[250,250,0],"ix":1,"l":2},"s":{"a":0,"k":[100,100,100],"ix":6,"l":2}},"ao":0,"ip":9.00000036657752,"op":12.00000048877,"st":6.00000024438501,"bm":0},{"ddd":0,"ind":5,"ty":2,"nm":"ezgif-frame-008.png","cl":"png","refId":"image_4","sr":1,"ks":{"o":{"a":0,"k":100,"ix":11},"r":{"a":0,"k":0,"ix":10},"p":{"a":0,"k":[250,250,0],"ix":2,"l":2},"a":{"a":0,"k":[250,250,0],"ix":1,"l":2},"s":{"a":0,"k":[100,100,100],"ix":6,"l":2}},"ao":0,"ip":12.00000048877,"op":15.0000006109625,"st":8.00000032584668,"bm":0},{"ddd":0,"ind":6,"ty":2,"nm":"ezgif-frame-010.png","cl":"png","refId":"image_5","sr":1,"ks":{"o":{"a":0,"k":100,"ix":11},"r":{"a":0,"k":0,"ix":10},"p":{"a":0,"k":[250,250,0],"ix":2,"l":2},"a":{"a":0,"k":[250,250,0],"ix":1,"l":2},"s":{"a":0,"k":[100,100,100],"ix":6,"l":2}},"ao":0,"ip":15.0000006109625,"op":18.000000733155,"st":0,"bm":0},{"ddd":0,"ind":7,"ty":2,"nm":"ezgif-frame-011.png","cl":"png","refId":"image_6","sr":1,"ks":{"o":{"a":0,"k":100,"ix":11},"r":{"a":0,"k":0,"ix":10},"p":{"a":0,"k":[250,250,0],"ix":2,"l":2},"a":{"a":0,"k":[250,250,0],"ix":1,"l":2},"s":{"a":0,"k":[100,100,100],"ix":6,"l":2}},"ao":0,"ip":18.000000733155,"op":21.0000008553475,"st":2.00000008146167,"bm":0},{"ddd":0,"ind":8,"ty":2,"nm":"ezgif-frame-014.png","cl":"png","refId":"image_7","sr":1,"ks":{"o":{"a":0,"k":100,"ix":11},"r":{"a":0,"k":0,"ix":10},"p":{"a":0,"k":[250,250,0],"ix":2,"l":2},"a":{"a":0,"k":[250,250,0],"ix":1,"l":2},"s":{"a":0,"k":[100,100,100],"ix":6,"l":2}},"ao":0,"ip":21.0000008553475,"op":24.00000097754,"st":7.00000028511585,"bm":0},{"ddd":0,"ind":9,"ty":2,"nm":"ezgif-frame-016.png","cl":"png","refId":"image_8","sr":1,"ks":{"o":{"a":0,"k":100,"ix":11},"r":{"a":0,"k":0,"ix":10},"p":{"a":0,"k":[250,250,0],"ix":2,"l":2},"a":{"a":0,"k":[250,250,0],"ix":1,"l":2},"s":{"a":0,"k":[100,100,100],"ix":6,"l":2}},"ao":0,"ip":24.00000097754,"op":27.0000010997325,"st":3.00000012219251,"bm":0},{"ddd":0,"ind":10,"ty":2,"nm":"ezgif-frame-001.png","cl":"png","refId":"image_0","sr":1,"ks":{"o":{"a":0,"k":100,"ix":11},"r":{"a":0,"k":0,"ix":10},"p":{"a":0,"k":[250,250,0],"ix":2,"l":2},"a":{"a":0,"k":[250,250,0],"ix":1,"l":2},"s":{"a":0,"k":[100,100,100],"ix":6,"l":2}},"ao":0,"ip":27.0000010997325,"op":30.0000012219251,"st":27.0000010997325,"bm":0},{"ddd":0,"ind":11,"ty":2,"nm":"ezgif-frame-005.png","cl":"png","refId":"image_1","sr":1,"ks":{"o":{"a":0,"k":100,"ix":11},"r":{"a":0,"k":0,"ix":10},"p":{"a":0,"k":[250,250,0],"ix":2,"l":2},"a":{"a":0,"k":[250,250,0],"ix":1,"l":2},"s":{"a":0,"k":[100,100,100],"ix":6,"l":2}},"ao":0,"ip":30.0000012219251,"op":33.0000013441176,"st":29.0000011811942,"bm":0},{"ddd":0,"ind":12,"ty":2,"nm":"ezgif-frame-006.png","cl":"png","refId":"image_2","sr":1,"ks":{"o":{"a":0,"k":100,"ix":11},"r":{"a":0,"k":0,"ix":10},"p":{"a":0,"k":[250,250,0],"ix":2,"l":2},"a":{"a":0,"k":[250,250,0],"ix":1,"l":2},"s":{"a":0,"k":[100,100,100],"ix":6,"l":2}},"ao":0,"ip":33.0000013441176,"op":36.0000014663101,"st":31.0000012626559,"bm":0},{"ddd":0,"ind":13,"ty":2,"nm":"ezgif-frame-007.png","cl":"png","refId":"image_3","sr":1,"ks":{"o":{"a":0,"k":100,"ix":11},"r":{"a":0,"k":0,"ix":10},"p":{"a":0,"k":[250,250,0],"ix":2,"l":2},"a":{"a":0,"k":[250,250,0],"ix":1,"l":2},"s":{"a":0,"k":[100,100,100],"ix":6,"l":2}},"ao":0,"ip":36.0000014663101,"op":39.0000015885026,"st":33.0000013441176,"bm":0},{"ddd":0,"ind":14,"ty":2,"nm":"ezgif-frame-008.png","cl":"png","refId":"image_4","sr":1,"ks":{"o":{"a":0,"k":100,"ix":11},"r":{"a":0,"k":0,"ix":10},"p":{"a":0,"k":[250,250,0],"ix":2,"l":2},"a":{"a":0,"k":[250,250,0],"ix":1,"l":2},"s":{"a":0,"k":[100,100,100],"ix":6,"l":2}},"ao":0,"ip":39.0000015885026,"op":42.0000017106951,"st":35.0000014255792,"bm":0},{"ddd":0,"ind":15,"ty":2,"nm":"ezgif-frame-010.png","cl":"png","refId":"image_5","sr":1,"ks":{"o":{"a":0,"k":100,"ix":11},"r":{"a":0,"k":0,"ix":10},"p":{"a":0,"k":[250,250,0],"ix":2,"l":2},"a":{"a":0,"k":[250,250,0],"ix":1,"l":2},"s":{"a":0,"k":[100,100,100],"ix":6,"l":2}},"ao":0,"ip":42.0000017106951,"op":45.0000018328876,"st":27.0000010997325,"bm":0},{"ddd":0,"ind":16,"ty":2,"nm":"ezgif-frame-011.png","cl":"png","refId":"image_6","sr":1,"ks":{"o":{"a":0,"k":100,"ix":11},"r":{"a":0,"k":0,"ix":10},"p":{"a":0,"k":[250,250,0],"ix":2,"l":2},"a":{"a":0,"k":[250,250,0],"ix":1,"l":2},"s":{"a":0,"k":[100,100,100],"ix":6,"l":2}},"ao":0,"ip":45.0000018328876,"op":48.0000019550801,"st":29.0000011811942,"bm":0},{"ddd":0,"ind":17,"ty":2,"nm":"ezgif-frame-014.png","cl":"png","refId":"image_7","sr":1,"ks":{"o":{"a":0,"k":100,"ix":11},"r":{"a":0,"k":0,"ix":10},"p":{"a":0,"k":[250,250,0],"ix":2,"l":2},"a":{"a":0,"k":[250,250,0],"ix":1,"l":2},"s":{"a":0,"k":[100,100,100],"ix":6,"l":2}},"ao":0,"ip":48.0000019550801,"op":51.0000020772726,"st":34.0000013848484,"bm":0},{"ddd":0,"ind":18,"ty":2,"nm":"ezgif-frame-016.png","cl":"png","refId":"image_8","sr":1,"ks":{"o":{"a":0,"k":100,"ix":11},"r":{"a":0,"k":0,"ix":10},"p":{"a":0,"k":[250,250,0],"ix":2,"l":2},"a":{"a":0,"k":[250,250,0],"ix":1,"l":2},"s":{"a":0,"k":[100,100,100],"ix":6,"l":2}},"ao":0,"ip":51.0000020772726,"op":54.0000021994651,"st":30.0000012219251,"bm":0},{"ddd":0,"ind":19,"ty":2,"nm":"ezgif-frame-001.png","cl":"png","refId":"image_0","sr":1,"ks":{"o":{"a":0,"k":100,"ix":11},"r":{"a":0,"k":0,"ix":10},"p":{"a":0,"k":[250,250,0],"ix":2,"l":2},"a":{"a":0,"k":[250,250,0],"ix":1,"l":2},"s":{"a":0,"k":[100,100,100],"ix":6,"l":2}},"ao":0,"ip":54.0000021994651,"op":57.0000023216576,"st":54.0000021994651,"bm":0},{"ddd":0,"ind":20,"ty":2,"nm":"ezgif-frame-005.png","cl":"png","refId":"image_1","sr":1,"ks":{"o":{"a":0,"k":100,"ix":11},"r":{"a":0,"k":0,"ix":10},"p":{"a":0,"k":[250,250,0],"ix":2,"l":2},"a":{"a":0,"k":[250,250,0],"ix":1,"l":2},"s":{"a":0,"k":[100,100,100],"ix":6,"l":2}},"ao":0,"ip":57.0000023216576,"op":60.0000024438501,"st":56.0000022809268,"bm":0},{"ddd":0,"ind":21,"ty":2,"nm":"ezgif-frame-006.png","cl":"png","refId":"image_2","sr":1,"ks":{"o":{"a":0,"k":100,"ix":11},"r":{"a":0,"k":0,"ix":10},"p":{"a":0,"k":[250,250,0],"ix":2,"l":2},"a":{"a":0,"k":[250,250,0],"ix":1,"l":2},"s":{"a":0,"k":[100,100,100],"ix":6,"l":2}},"ao":0,"ip":60.0000024438501,"op":63.0000025660426,"st":58.0000023623884,"bm":0},{"ddd":0,"ind":22,"ty":2,"nm":"ezgif-frame-007.png","cl":"png","refId":"image_3","sr":1,"ks":{"o":{"a":0,"k":100,"ix":11},"r":{"a":0,"k":0,"ix":10},"p":{"a":0,"k":[250,250,0],"ix":2,"l":2},"a":{"a":0,"k":[250,250,0],"ix":1,"l":2},"s":{"a":0,"k":[100,100,100],"ix":6,"l":2}},"ao":0,"ip":63.0000025660426,"op":66.0000026882351,"st":60.0000024438501,"bm":0},{"ddd":0,"ind":23,"ty":2,"nm":"ezgif-frame-008.png","cl":"png","refId":"image_4","sr":1,"ks":{"o":{"a":0,"k":100,"ix":11},"r":{"a":0,"k":0,"ix":10},"p":{"a":0,"k":[250,250,0],"ix":2,"l":2},"a":{"a":0,"k":[250,250,0],"ix":1,"l":2},"s":{"a":0,"k":[100,100,100],"ix":6,"l":2}},"ao":0,"ip":66.0000026882351,"op":69.0000028104276,"st":62.0000025253118,"bm":0},{"ddd":0,"ind":24,"ty":2,"nm":"ezgif-frame-010.png","cl":"png","refId":"image_5","sr":1,"ks":{"o":{"a":0,"k":100,"ix":11},"r":{"a":0,"k":0,"ix":10},"p":{"a":0,"k":[250,250,0],"ix":2,"l":2},"a":{"a":0,"k":[250,250,0],"ix":1,"l":2},"s":{"a":0,"k":[100,100,100],"ix":6,"l":2}},"ao":0,"ip":69.0000028104276,"op":72.0000029326201,"st":54.0000021994651,"bm":0},{"ddd":0,"ind":25,"ty":2,"nm":"ezgif-frame-011.png","cl":"png","refId":"image_6","sr":1,"ks":{"o":{"a":0,"k":100,"ix":11},"r":{"a":0,"k":0,"ix":10},"p":{"a":0,"k":[250,250,0],"ix":2,"l":2},"a":{"a":0,"k":[250,250,0],"ix":1,"l":2},"s":{"a":0,"k":[100,100,100],"ix":6,"l":2}},"ao":0,"ip":72.0000029326201,"op":75.0000030548126,"st":56.0000022809268,"bm":0},{"ddd":0,"ind":26,"ty":2,"nm":"ezgif-frame-014.png","cl":"png","refId":"image_7","sr":1,"ks":{"o":{"a":0,"k":100,"ix":11},"r":{"a":0,"k":0,"ix":10},"p":{"a":0,"k":[250,250,0],"ix":2,"l":2},"a":{"a":0,"k":[250,250,0],"ix":1,"l":2},"s":{"a":0,"k":[100,100,100],"ix":6,"l":2}},"ao":0,"ip":75.0000030548126,"op":78.0000031770051,"st":61.0000024845809,"bm":0},{"ddd":0,"ind":27,"ty":2,"nm":"ezgif-frame-016.png","cl":"png","refId":"image_8","sr":1,"ks":{"o":{"a":0,"k":100,"ix":11},"r":{"a":0,"k":0,"ix":10},"p":{"a":0,"k":[250,250,0],"ix":2,"l":2},"a":{"a":0,"k":[250,250,0],"ix":1,"l":2},"s":{"a":0,"k":[100,100,100],"ix":6,"l":2}},"ao":0,"ip":78.0000031770051,"op":81.0000032991976,"st":57.0000023216576,"bm":0}]},{"id":"comp_3","nm":"neck Comp 1","fr":29.9700012207031,"layers":[{"ddd":0,"ind":1,"ty":2,"nm":"Layer 14","refId":"image_22","sr":1,"ks":{"o":{"a":0,"k":100,"ix":11},"r":{"a":0,"k":6.955,"ix":10},"p":{"a":0,"k":[17.23,51.345,0],"ix":2,"l":2},"a":{"a":0,"k":[19.855,38.095,0],"ix":1,"l":2},"s":{"a":0,"k":[100,100,100],"ix":6,"l":2}},"ao":0,"ip":0,"op":150.000006109625,"st":0,"bm":0}]},{"id":"comp_4","nm":"body Comp 1","fr":29.9700012207031,"layers":[{"ddd":0,"ind":1,"ty":2,"nm":"Layer 15","refId":"image_25","sr":1,"ks":{"o":{"a":0,"k":100,"ix":11},"r":{"a":0,"k":0,"ix":10},"p":{"a":0,"k":[79.927,115.032,0],"ix":2,"l":2},"a":{"a":0,"k":[68.427,121.032,0],"ix":1,"l":2},"s":{"a":0,"k":[100,100,100],"ix":6,"l":2}},"ao":0,"ip":0,"op":150.000006109625,"st":0,"bm":0}]},{"id":"comp_5","nm":"L shoes 111 Comp 1","fr":29.9700012207031,"layers":[{"ddd":0,"ind":1,"ty":2,"nm":"Layer 19","refId":"image_29","sr":1,"ks":{"o":{"a":0,"k":100,"ix":11},"r":{"a":0,"k":0,"ix":10},"p":{"a":0,"k":[32.625,27.708,0],"ix":2,"l":2},"a":{"a":0,"k":[32.625,30.208,0],"ix":1,"l":2},"s":{"a":0,"k":[100,100,100],"ix":6,"l":2}},"ao":0,"ip":0,"op":150.000006109625,"st":0,"bm":0}]},{"id":"comp_6","nm":"R shoes 111 Comp 1","fr":29.9700012207031,"layers":[{"ddd":0,"ind":1,"ty":2,"nm":"Layer 20","refId":"image_32","sr":1,"ks":{"o":{"a":0,"k":100,"ix":11},"r":{"a":0,"k":0,"ix":10},"p":{"a":0,"k":[31.125,27.708,0],"ix":2,"l":2},"a":{"a":0,"k":[32.625,30.208,0],"ix":1,"l":2},"s":{"a":0,"k":[100,100,100],"ix":6,"l":2}},"ao":0,"ip":0,"op":150.000006109625,"st":0,"bm":0}]},{"id":"comp_7","nm":"R hand 111 Comp 1","fr":29.9700012207031,"layers":[{"ddd":0,"ind":1,"ty":2,"nm":"Layer 7","refId":"image_35","sr":1,"ks":{"o":{"a":0,"k":100,"ix":11},"r":{"a":0,"k":163.429,"ix":10},"p":{"a":0,"k":[35.364,12.63,0],"ix":2,"l":2},"a":{"a":0,"k":[13.555,64.929,0],"ix":1,"l":2},"s":{"a":0,"k":[99.303,99.303,100],"ix":6,"l":2}},"ao":0,"ip":0,"op":150.000006109625,"st":0,"bm":0}]}],"layers":[{"ddd":0,"ind":1,"ty":0,"nm":"usman","refId":"comp_0","sr":1,"ks":{"o":{"a":0,"k":100,"ix":11},"r":{"a":0,"k":0,"ix":10},"p":{"a":0,"k":[225,399.5,0],"ix":2,"l":2},"a":{"a":0,"k":[960,540,0],"ix":1,"l":2},"s":{"a":0,"k":[100,100,100],"ix":6,"l":2}},"ao":0,"w":1920,"h":1080,"ip":0,"op":150.000006109625,"st":0,"bm":0}],"markers":[]}