{"v":"5.9.1","fr":29.9700012207031,"ip":0,"op":150.000006109625,"w":1920,"h":1080,"nm":"Course Objectives","ddd":0,"assets":[{"id":"image_0","w":274,"h":159,"u":"images/","p":"img_0.png","e":0},{"id":"image_1","w":207,"h":252,"u":"images/","p":"img_1.png","e":0},{"id":"image_2","w":274,"h":150,"u":"images/","p":"img_2.png","e":0},{"id":"image_3","w":271,"h":174,"u":"images/","p":"img_3.png","e":0},{"id":"image_4","w":452,"h":608,"u":"images/","p":"img_4.png","e":0},{"id":"image_5","w":55,"h":55,"u":"images/","p":"img_5.png","e":0},{"id":"image_6","w":55,"h":55,"u":"images/","p":"img_6.png","e":0},{"id":"image_7","w":55,"h":55,"u":"images/","p":"img_7.png","e":0},{"id":"image_8","w":55,"h":55,"u":"images/","p":"img_8.png","e":0},{"id":"image_9","w":55,"h":55,"u":"images/","p":"img_9.png","e":0},{"id":"image_10","w":126,"h":126,"u":"images/","p":"img_10.png","e":0},{"id":"image_11","w":152,"h":152,"u":"images/","p":"img_11.png","e":0},{"id":"image_12","w":272,"h":272,"u":"images/","p":"img_12.png","e":0},{"id":"image_13","w":269,"h":134,"u":"images/","p":"img_13.png","e":0},{"id":"image_14","w":452,"h":608,"u":"images/","p":"img_14.png","e":0},{"id":"image_15","w":83,"h":30,"u":"images/","p":"img_15.png","e":0},{"id":"image_16","w":47,"h":84,"u":"images/","p":"img_16.png","e":0},{"id":"image_17","w":82,"h":30,"u":"images/","p":"img_17.png","e":0},{"id":"image_18","w":84,"h":29,"u":"images/","p":"img_18.png","e":0},{"id":"image_19","w":84,"h":30,"u":"images/","p":"img_19.png","e":0},{"id":"image_20","w":47,"h":84,"u":"images/","p":"img_20.png","e":0},{"id":"image_21","w":47,"h":84,"u":"images/","p":"img_21.png","e":0},{"id":"image_22","w":47,"h":83,"u":"images/","p":"img_22.png","e":0},{"id":"image_23","w":47,"h":84,"u":"images/","p":"img_23.png","e":0},{"id":"image_24","w":47,"h":84,"u":"images/","p":"img_24.png","e":0},{"id":"image_25","w":47,"h":83,"u":"images/","p":"img_25.png","e":0},{"id":"image_26","w":47,"h":84,"u":"images/","p":"img_26.png","e":0},{"id":"image_27","w":341,"h":174,"u":"images/","p":"img_27.png","e":0},{"id":"image_28","w":452,"h":608,"u":"images/","p":"img_28.png","e":0},{"id":"image_29","w":392,"h":66,"u":"images/","p":"img_29.png","e":0}],"layers":[{"ddd":0,"ind":1,"ty":2,"nm":"Layer 2","refId":"image_0","sr":1,"ks":{"o":{"a":0,"k":100,"ix":11},"r":{"a":0,"k":0,"ix":10},"p":{"a":0,"k":[458.099,695.917,0],"ix":2,"l":2},"a":{"a":0,"k":[136.751,154.35,0],"ix":1,"l":2},"s":{"k":[{"s":[0,0,100],"t":10,"i":{"x":[1,1,1],"y":[1,1,1]},"o":{"x":[0,0,0],"y":[0,0,0]}},{"s":[100,100,100],"t":13,"i":{"x":[1,1,1],"y":[1,1,1]},"o":{"x":[0,0,0],"y":[0,0,0]}},{"s":[116.891,116.891,100],"t":14,"i":{"x":[1,1,1],"y":[1,1,1]},"o":{"x":[0,0,0],"y":[0,0,0]}},{"s":[113.422,113.422,100],"t":15,"i":{"x":[1,1,1],"y":[1,1,1]},"o":{"x":[0,0,0],"y":[0,0,0]}},{"s":[107.878,107.878,100],"t":16,"i":{"x":[1,1,1],"y":[1,1,1]},"o":{"x":[0,0,0],"y":[0,0,0]}},{"s":[104.045,104.045,100],"t":17,"i":{"x":[1,1,1],"y":[1,1,1]},"o":{"x":[0,0,0],"y":[0,0,0]}},{"s":[101.915,101.915,100],"t":18,"i":{"x":[1,1,1],"y":[1,1,1]},"o":{"x":[0,0,0],"y":[0,0,0]}},{"s":[100.854,100.854,100],"t":19,"i":{"x":[1,1,1],"y":[1,1,1]},"o":{"x":[0,0,0],"y":[0,0,0]}},{"s":[100.363,100.363,100],"t":20,"i":{"x":[1,1,1],"y":[1,1,1]},"o":{"x":[0,0,0],"y":[0,0,0]}},{"s":[100.147,100.147,100],"t":21,"i":{"x":[1,1,1],"y":[1,1,1]},"o":{"x":[0,0,0],"y":[0,0,0]}},{"s":[100.057,100.057,100],"t":22,"i":{"x":[1,1,1],"y":[1,1,1]},"o":{"x":[0,0,0],"y":[0,0,0]}}],"l":2}},"ao":0,"ip":0,"op":150.000006109625,"st":0,"bm":0},{"ddd":0,"ind":2,"ty":2,"nm":"Layer 3","refId":"image_1","sr":1,"ks":{"o":{"a":0,"k":100,"ix":11},"r":{"a":0,"k":0,"ix":10},"p":{"a":0,"k":[455.86,625.209,0],"ix":2,"l":2},"a":{"a":0,"k":[103.379,239.99,0],"ix":1,"l":2},"s":{"k":[{"s":[0,0,100],"t":18,"i":{"x":[1,1,1],"y":[1,1,1]},"o":{"x":[0,0,0],"y":[0,0,0]}},{"s":[100,100,100],"t":20,"i":{"x":[1,1,1],"y":[1,1,1]},"o":{"x":[0,0,0],"y":[0,0,0]}},{"s":[125.336,125.336,100],"t":21,"i":{"x":[1,1,1],"y":[1,1,1]},"o":{"x":[0,0,0],"y":[0,0,0]}},{"s":[120.132,120.132,100],"t":22,"i":{"x":[1,1,1],"y":[1,1,1]},"o":{"x":[0,0,0],"y":[0,0,0]}},{"s":[111.817,111.817,100],"t":23,"i":{"x":[1,1,1],"y":[1,1,1]},"o":{"x":[0,0,0],"y":[0,0,0]}},{"s":[106.068,106.068,100],"t":24,"i":{"x":[1,1,1],"y":[1,1,1]},"o":{"x":[0,0,0],"y":[0,0,0]}},{"s":[102.872,102.872,100],"t":25,"i":{"x":[1,1,1],"y":[1,1,1]},"o":{"x":[0,0,0],"y":[0,0,0]}},{"s":[101.281,101.281,100],"t":26,"i":{"x":[1,1,1],"y":[1,1,1]},"o":{"x":[0,0,0],"y":[0,0,0]}},{"s":[100.544,100.544,100],"t":27,"i":{"x":[1,1,1],"y":[1,1,1]},"o":{"x":[0,0,0],"y":[0,0,0]}},{"s":[100.221,100.221,100],"t":28,"i":{"x":[1,1,1],"y":[1,1,1]},"o":{"x":[0,0,0],"y":[0,0,0]}},{"s":[100.086,100.086,100],"t":29,"i":{"x":[1,1,1],"y":[1,1,1]},"o":{"x":[0,0,0],"y":[0,0,0]}}],"l":2}},"ao":0,"ip":0,"op":150.000006109625,"st":0,"bm":0},{"ddd":0,"ind":3,"ty":2,"nm":"Layer 4","parent":1,"refId":"image_2","sr":1,"ks":{"o":{"a":0,"k":100,"ix":11},"r":{"a":0,"k":0,"ix":10},"p":{"a":0,"k":[136.751,75.202,0],"ix":2,"l":2},"a":{"a":0,"k":[136.751,147.54,0],"ix":1,"l":2},"s":{"a":0,"k":[100,100,100],"ix":6,"l":2}},"ao":0,"ip":0,"op":150.000006109625,"st":0,"bm":0},{"ddd":0,"ind":4,"ty":2,"nm":"Layer 28","refId":"image_3","sr":1,"ks":{"o":{"a":0,"k":100,"ix":11},"r":{"a":0,"k":0,"ix":10},"p":{"a":0,"k":[283.467,807.397,0],"ix":2,"l":2},"a":{"a":0,"k":[1.359,82.904,0],"ix":1,"l":2},"s":{"k":[{"s":[0,0,100],"t":5,"i":{"x":[1,1,1],"y":[1,1,1]},"o":{"x":[0,0,0],"y":[0,0,0]}},{"s":[100,100,100],"t":7,"i":{"x":[1,1,1],"y":[1,1,1]},"o":{"x":[0,0,0],"y":[0,0,0]}},{"s":[125.336,125.336,100],"t":8,"i":{"x":[1,1,1],"y":[1,1,1]},"o":{"x":[0,0,0],"y":[0,0,0]}},{"s":[120.132,120.132,100],"t":9,"i":{"x":[1,1,1],"y":[1,1,1]},"o":{"x":[0,0,0],"y":[0,0,0]}},{"s":[111.817,111.817,100],"t":10,"i":{"x":[1,1,1],"y":[1,1,1]},"o":{"x":[0,0,0],"y":[0,0,0]}},{"s":[106.068,106.068,100],"t":11,"i":{"x":[1,1,1],"y":[1,1,1]},"o":{"x":[0,0,0],"y":[0,0,0]}},{"s":[102.872,102.872,100],"t":12,"i":{"x":[1,1,1],"y":[1,1,1]},"o":{"x":[0,0,0],"y":[0,0,0]}},{"s":[101.281,101.281,100],"t":13,"i":{"x":[1,1,1],"y":[1,1,1]},"o":{"x":[0,0,0],"y":[0,0,0]}},{"s":[100.544,100.544,100],"t":14,"i":{"x":[1,1,1],"y":[1,1,1]},"o":{"x":[0,0,0],"y":[0,0,0]}},{"s":[100.221,100.221,100],"t":15,"i":{"x":[1,1,1],"y":[1,1,1]},"o":{"x":[0,0,0],"y":[0,0,0]}},{"s":[100.086,100.086,100],"t":16,"i":{"x":[1,1,1],"y":[1,1,1]},"o":{"x":[0,0,0],"y":[0,0,0]}}],"l":2}},"ao":0,"ip":0,"op":150.000006109625,"st":0,"bm":0},{"ddd":0,"ind":5,"ty":2,"nm":"Layer 31","refId":"image_4","sr":1,"ks":{"o":{"a":0,"k":100,"ix":11},"r":{"a":0,"k":0,"ix":10},"p":{"a":0,"k":[461.882,931,0],"ix":2,"l":2},"a":{"a":0,"k":[225.805,607.569,0],"ix":1,"l":2},"s":{"k":[{"s":[100,0,100],"t":0,"i":{"x":[1,1,1],"y":[1,1,1]},"o":{"x":[0,0,0],"y":[0,0,0]}},{"s":[100,100,100],"t":3,"i":{"x":[1,1,1],"y":[1,1,1]},"o":{"x":[0,0,0],"y":[0,0,0]}},{"s":[100,116.891,100],"t":4,"i":{"x":[1,1,1],"y":[1,1,1]},"o":{"x":[0,0,0],"y":[0,0,0]}},{"s":[100,113.422,100],"t":5,"i":{"x":[1,1,1],"y":[1,1,1]},"o":{"x":[0,0,0],"y":[0,0,0]}},{"s":[100,107.878,100],"t":6,"i":{"x":[1,1,1],"y":[1,1,1]},"o":{"x":[0,0,0],"y":[0,0,0]}},{"s":[100,104.045,100],"t":7,"i":{"x":[1,1,1],"y":[1,1,1]},"o":{"x":[0,0,0],"y":[0,0,0]}},{"s":[100,101.915,100],"t":8,"i":{"x":[1,1,1],"y":[1,1,1]},"o":{"x":[0,0,0],"y":[0,0,0]}},{"s":[100,100.854,100],"t":9,"i":{"x":[1,1,1],"y":[1,1,1]},"o":{"x":[0,0,0],"y":[0,0,0]}},{"s":[100,100.363,100],"t":10,"i":{"x":[1,1,1],"y":[1,1,1]},"o":{"x":[0,0,0],"y":[0,0,0]}},{"s":[100,100.147,100],"t":11,"i":{"x":[1,1,1],"y":[1,1,1]},"o":{"x":[0,0,0],"y":[0,0,0]}},{"s":[100,100.057,100],"t":12,"i":{"x":[1,1,1],"y":[1,1,1]},"o":{"x":[0,0,0],"y":[0,0,0]}}],"l":2}},"ao":0,"ip":0,"op":150.000006109625,"st":0,"bm":0},{"ddd":0,"ind":6,"ty":2,"nm":"Layer 17","refId":"image_5","sr":1,"ks":{"o":{"a":0,"k":100,"ix":11},"r":{"a":0,"k":0,"ix":10},"p":{"a":0,"k":[831.435,497.567,0],"ix":2,"l":2},"a":{"a":0,"k":[27.114,27.114,0],"ix":1,"l":2},"s":{"k":[{"s":[0,0,100],"t":78,"i":{"x":[1,1,1],"y":[1,1,1]},"o":{"x":[0,0,0],"y":[0,0,0]}},{"s":[100,100,100],"t":80,"i":{"x":[1,1,1],"y":[1,1,1]},"o":{"x":[0,0,0],"y":[0,0,0]}},{"s":[125.336,125.336,100],"t":81,"i":{"x":[1,1,1],"y":[1,1,1]},"o":{"x":[0,0,0],"y":[0,0,0]}},{"s":[120.132,120.132,100],"t":82,"i":{"x":[1,1,1],"y":[1,1,1]},"o":{"x":[0,0,0],"y":[0,0,0]}},{"s":[111.817,111.817,100],"t":83,"i":{"x":[1,1,1],"y":[1,1,1]},"o":{"x":[0,0,0],"y":[0,0,0]}},{"s":[106.068,106.068,100],"t":84,"i":{"x":[1,1,1],"y":[1,1,1]},"o":{"x":[0,0,0],"y":[0,0,0]}},{"s":[102.872,102.872,100],"t":85,"i":{"x":[1,1,1],"y":[1,1,1]},"o":{"x":[0,0,0],"y":[0,0,0]}},{"s":[101.281,101.281,100],"t":86,"i":{"x":[1,1,1],"y":[1,1,1]},"o":{"x":[0,0,0],"y":[0,0,0]}},{"s":[100.544,100.544,100],"t":87,"i":{"x":[1,1,1],"y":[1,1,1]},"o":{"x":[0,0,0],"y":[0,0,0]}},{"s":[100.221,100.221,100],"t":88,"i":{"x":[1,1,1],"y":[1,1,1]},"o":{"x":[0,0,0],"y":[0,0,0]}},{"s":[100.086,100.086,100],"t":89,"i":{"x":[1,1,1],"y":[1,1,1]},"o":{"x":[0,0,0],"y":[0,0,0]}}],"l":2}},"ao":0,"ip":0,"op":150.000006109625,"st":0,"bm":0},{"ddd":0,"ind":7,"ty":2,"nm":"Layer 18","refId":"image_6","sr":1,"ks":{"o":{"a":0,"k":100,"ix":11},"r":{"a":0,"k":0,"ix":10},"p":{"a":0,"k":[1018.109,649.997,0],"ix":2,"l":2},"a":{"a":0,"k":[27.114,27.114,0],"ix":1,"l":2},"s":{"k":[{"s":[0,0,100],"t":70,"i":{"x":[1,1,1],"y":[1,1,1]},"o":{"x":[0,0,0],"y":[0,0,0]}},{"s":[100,100,100],"t":72,"i":{"x":[1,1,1],"y":[1,1,1]},"o":{"x":[0,0,0],"y":[0,0,0]}},{"s":[125.336,125.336,100],"t":73,"i":{"x":[1,1,1],"y":[1,1,1]},"o":{"x":[0,0,0],"y":[0,0,0]}},{"s":[120.132,120.132,100],"t":74,"i":{"x":[1,1,1],"y":[1,1,1]},"o":{"x":[0,0,0],"y":[0,0,0]}},{"s":[111.817,111.817,100],"t":75,"i":{"x":[1,1,1],"y":[1,1,1]},"o":{"x":[0,0,0],"y":[0,0,0]}},{"s":[106.068,106.068,100],"t":76,"i":{"x":[1,1,1],"y":[1,1,1]},"o":{"x":[0,0,0],"y":[0,0,0]}},{"s":[102.872,102.872,100],"t":77,"i":{"x":[1,1,1],"y":[1,1,1]},"o":{"x":[0,0,0],"y":[0,0,0]}},{"s":[101.281,101.281,100],"t":78,"i":{"x":[1,1,1],"y":[1,1,1]},"o":{"x":[0,0,0],"y":[0,0,0]}},{"s":[100.544,100.544,100],"t":79,"i":{"x":[1,1,1],"y":[1,1,1]},"o":{"x":[0,0,0],"y":[0,0,0]}},{"s":[100.221,100.221,100],"t":80,"i":{"x":[1,1,1],"y":[1,1,1]},"o":{"x":[0,0,0],"y":[0,0,0]}},{"s":[100.086,100.086,100],"t":81,"i":{"x":[1,1,1],"y":[1,1,1]},"o":{"x":[0,0,0],"y":[0,0,0]}}],"l":2}},"ao":0,"ip":0,"op":150.000006109625,"st":0,"bm":0},{"ddd":0,"ind":8,"ty":2,"nm":"Layer 19","refId":"image_7","sr":1,"ks":{"o":{"a":0,"k":100,"ix":11},"r":{"a":0,"k":0,"ix":10},"p":{"a":0,"k":[895.974,649.997,0],"ix":2,"l":2},"a":{"a":0,"k":[27.114,27.114,0],"ix":1,"l":2},"s":{"k":[{"s":[0,0,100],"t":74,"i":{"x":[1,1,1],"y":[1,1,1]},"o":{"x":[0,0,0],"y":[0,0,0]}},{"s":[100,100,100],"t":76,"i":{"x":[1,1,1],"y":[1,1,1]},"o":{"x":[0,0,0],"y":[0,0,0]}},{"s":[125.336,125.336,100],"t":77,"i":{"x":[1,1,1],"y":[1,1,1]},"o":{"x":[0,0,0],"y":[0,0,0]}},{"s":[120.132,120.132,100],"t":78,"i":{"x":[1,1,1],"y":[1,1,1]},"o":{"x":[0,0,0],"y":[0,0,0]}},{"s":[111.817,111.817,100],"t":79,"i":{"x":[1,1,1],"y":[1,1,1]},"o":{"x":[0,0,0],"y":[0,0,0]}},{"s":[106.068,106.068,100],"t":80,"i":{"x":[1,1,1],"y":[1,1,1]},"o":{"x":[0,0,0],"y":[0,0,0]}},{"s":[102.872,102.872,100],"t":81,"i":{"x":[1,1,1],"y":[1,1,1]},"o":{"x":[0,0,0],"y":[0,0,0]}},{"s":[101.281,101.281,100],"t":82,"i":{"x":[1,1,1],"y":[1,1,1]},"o":{"x":[0,0,0],"y":[0,0,0]}},{"s":[100.544,100.544,100],"t":83,"i":{"x":[1,1,1],"y":[1,1,1]},"o":{"x":[0,0,0],"y":[0,0,0]}},{"s":[100.221,100.221,100],"t":84,"i":{"x":[1,1,1],"y":[1,1,1]},"o":{"x":[0,0,0],"y":[0,0,0]}},{"s":[100.086,100.086,100],"t":85,"i":{"x":[1,1,1],"y":[1,1,1]},"o":{"x":[0,0,0],"y":[0,0,0]}}],"l":2}},"ao":0,"ip":0,"op":150.000006109625,"st":0,"bm":0},{"ddd":0,"ind":9,"ty":2,"nm":"Layer 20","refId":"image_8","sr":1,"ks":{"o":{"a":0,"k":100,"ix":11},"r":{"a":0,"k":0,"ix":10},"p":{"a":0,"k":[964.64,402.145,0],"ix":2,"l":2},"a":{"a":0,"k":[27.114,27.113,0],"ix":1,"l":2},"s":{"k":[{"s":[0,0,100],"t":62,"i":{"x":[1,1,1],"y":[1,1,1]},"o":{"x":[0,0,0],"y":[0,0,0]}},{"s":[100,100,100],"t":64,"i":{"x":[1,1,1],"y":[1,1,1]},"o":{"x":[0,0,0],"y":[0,0,0]}},{"s":[125.336,125.336,100],"t":65,"i":{"x":[1,1,1],"y":[1,1,1]},"o":{"x":[0,0,0],"y":[0,0,0]}},{"s":[120.132,120.132,100],"t":66,"i":{"x":[1,1,1],"y":[1,1,1]},"o":{"x":[0,0,0],"y":[0,0,0]}},{"s":[111.817,111.817,100],"t":67,"i":{"x":[1,1,1],"y":[1,1,1]},"o":{"x":[0,0,0],"y":[0,0,0]}},{"s":[106.068,106.068,100],"t":68,"i":{"x":[1,1,1],"y":[1,1,1]},"o":{"x":[0,0,0],"y":[0,0,0]}},{"s":[102.872,102.872,100],"t":69,"i":{"x":[1,1,1],"y":[1,1,1]},"o":{"x":[0,0,0],"y":[0,0,0]}},{"s":[101.281,101.281,100],"t":70,"i":{"x":[1,1,1],"y":[1,1,1]},"o":{"x":[0,0,0],"y":[0,0,0]}},{"s":[100.544,100.544,100],"t":71,"i":{"x":[1,1,1],"y":[1,1,1]},"o":{"x":[0,0,0],"y":[0,0,0]}},{"s":[100.221,100.221,100],"t":72,"i":{"x":[1,1,1],"y":[1,1,1]},"o":{"x":[0,0,0],"y":[0,0,0]}},{"s":[100.086,100.086,100],"t":73,"i":{"x":[1,1,1],"y":[1,1,1]},"o":{"x":[0,0,0],"y":[0,0,0]}}],"l":2}},"ao":0,"ip":0,"op":150.000006109625,"st":0,"bm":0},{"ddd":0,"ind":10,"ty":2,"nm":"Layer 21","refId":"image_9","sr":1,"ks":{"o":{"a":0,"k":100,"ix":11},"r":{"a":0,"k":0,"ix":10},"p":{"a":0,"k":[1088.565,519.86,0],"ix":2,"l":2},"a":{"a":0,"k":[27.114,27.114,0],"ix":1,"l":2},"s":{"k":[{"s":[0,0,100],"t":66,"i":{"x":[1,1,1],"y":[1,1,1]},"o":{"x":[0,0,0],"y":[0,0,0]}},{"s":[100,100,100],"t":68,"i":{"x":[1,1,1],"y":[1,1,1]},"o":{"x":[0,0,0],"y":[0,0,0]}},{"s":[125.336,125.336,100],"t":69,"i":{"x":[1,1,1],"y":[1,1,1]},"o":{"x":[0,0,0],"y":[0,0,0]}},{"s":[120.132,120.132,100],"t":70,"i":{"x":[1,1,1],"y":[1,1,1]},"o":{"x":[0,0,0],"y":[0,0,0]}},{"s":[111.817,111.817,100],"t":71,"i":{"x":[1,1,1],"y":[1,1,1]},"o":{"x":[0,0,0],"y":[0,0,0]}},{"s":[106.068,106.068,100],"t":72,"i":{"x":[1,1,1],"y":[1,1,1]},"o":{"x":[0,0,0],"y":[0,0,0]}},{"s":[102.872,102.872,100],"t":73,"i":{"x":[1,1,1],"y":[1,1,1]},"o":{"x":[0,0,0],"y":[0,0,0]}},{"s":[101.281,101.281,100],"t":74,"i":{"x":[1,1,1],"y":[1,1,1]},"o":{"x":[0,0,0],"y":[0,0,0]}},{"s":[100.544,100.544,100],"t":75,"i":{"x":[1,1,1],"y":[1,1,1]},"o":{"x":[0,0,0],"y":[0,0,0]}},{"s":[100.221,100.221,100],"t":76,"i":{"x":[1,1,1],"y":[1,1,1]},"o":{"x":[0,0,0],"y":[0,0,0]}},{"s":[100.086,100.086,100],"t":77,"i":{"x":[1,1,1],"y":[1,1,1]},"o":{"x":[0,0,0],"y":[0,0,0]}}],"l":2}},"ao":0,"ip":0,"op":150.000006109625,"st":0,"bm":0},{"ddd":0,"ind":11,"ty":2,"nm":"Layer 22","refId":"image_10","sr":1,"ks":{"o":{"a":0,"k":100,"ix":11},"r":{"a":0,"k":0,"ix":10},"p":{"a":0,"k":[955.398,530.33,0],"ix":2,"l":2},"a":{"a":0,"k":[62.961,62.961,0],"ix":1,"l":2},"s":{"k":[{"s":[0,0,100],"t":41,"i":{"x":[1,1,1],"y":[1,1,1]},"o":{"x":[0,0,0],"y":[0,0,0]}},{"s":[100,100,100],"t":43,"i":{"x":[1,1,1],"y":[1,1,1]},"o":{"x":[0,0,0],"y":[0,0,0]}},{"s":[125.336,125.336,100],"t":44,"i":{"x":[1,1,1],"y":[1,1,1]},"o":{"x":[0,0,0],"y":[0,0,0]}},{"s":[120.132,120.132,100],"t":45,"i":{"x":[1,1,1],"y":[1,1,1]},"o":{"x":[0,0,0],"y":[0,0,0]}},{"s":[111.817,111.817,100],"t":46,"i":{"x":[1,1,1],"y":[1,1,1]},"o":{"x":[0,0,0],"y":[0,0,0]}},{"s":[106.068,106.068,100],"t":47,"i":{"x":[1,1,1],"y":[1,1,1]},"o":{"x":[0,0,0],"y":[0,0,0]}},{"s":[102.872,102.872,100],"t":48,"i":{"x":[1,1,1],"y":[1,1,1]},"o":{"x":[0,0,0],"y":[0,0,0]}},{"s":[101.281,101.281,100],"t":49,"i":{"x":[1,1,1],"y":[1,1,1]},"o":{"x":[0,0,0],"y":[0,0,0]}},{"s":[100.544,100.544,100],"t":50,"i":{"x":[1,1,1],"y":[1,1,1]},"o":{"x":[0,0,0],"y":[0,0,0]}},{"s":[100.221,100.221,100],"t":51,"i":{"x":[1,1,1],"y":[1,1,1]},"o":{"x":[0,0,0],"y":[0,0,0]}},{"s":[100.086,100.086,100],"t":52,"i":{"x":[1,1,1],"y":[1,1,1]},"o":{"x":[0,0,0],"y":[0,0,0]}}],"l":2}},"ao":0,"ip":0,"op":150.000006109625,"st":0,"bm":0},{"ddd":0,"ind":12,"ty":2,"nm":"Layer 23","refId":"image_11","sr":1,"ks":{"o":{"a":0,"k":100,"ix":11},"r":{"a":0,"k":0,"ix":10},"p":{"a":0,"k":[955.291,529.982,0],"ix":2,"l":2},"a":{"a":0,"k":[75.863,75.863,0],"ix":1,"l":2},"s":{"k":[{"s":[0,0,100],"t":47,"i":{"x":[1,1,1],"y":[1,1,1]},"o":{"x":[0,0,0],"y":[0,0,0]}},{"s":[100,100,100],"t":49,"i":{"x":[1,1,1],"y":[1,1,1]},"o":{"x":[0,0,0],"y":[0,0,0]}},{"s":[125.336,125.336,100],"t":50,"i":{"x":[1,1,1],"y":[1,1,1]},"o":{"x":[0,0,0],"y":[0,0,0]}},{"s":[120.132,120.132,100],"t":51,"i":{"x":[1,1,1],"y":[1,1,1]},"o":{"x":[0,0,0],"y":[0,0,0]}},{"s":[111.817,111.817,100],"t":52,"i":{"x":[1,1,1],"y":[1,1,1]},"o":{"x":[0,0,0],"y":[0,0,0]}},{"s":[106.068,106.068,100],"t":53,"i":{"x":[1,1,1],"y":[1,1,1]},"o":{"x":[0,0,0],"y":[0,0,0]}},{"s":[102.872,102.872,100],"t":54,"i":{"x":[1,1,1],"y":[1,1,1]},"o":{"x":[0,0,0],"y":[0,0,0]}},{"s":[101.281,101.281,100],"t":55,"i":{"x":[1,1,1],"y":[1,1,1]},"o":{"x":[0,0,0],"y":[0,0,0]}},{"s":[100.544,100.544,100],"t":56,"i":{"x":[1,1,1],"y":[1,1,1]},"o":{"x":[0,0,0],"y":[0,0,0]}},{"s":[100.221,100.221,100],"t":57,"i":{"x":[1,1,1],"y":[1,1,1]},"o":{"x":[0,0,0],"y":[0,0,0]}},{"s":[100.086,100.086,100],"t":58,"i":{"x":[1,1,1],"y":[1,1,1]},"o":{"x":[0,0,0],"y":[0,0,0]}}],"l":2}},"ao":0,"ip":0,"op":150.000006109625,"st":0,"bm":0},{"ddd":0,"ind":13,"ty":2,"nm":"Layer 24","refId":"image_12","sr":1,"ks":{"o":{"a":0,"k":100,"ix":11},"r":{"a":0,"k":0,"ix":10},"p":{"a":0,"k":[956.572,534.137,0],"ix":2,"l":2},"a":{"a":0,"k":[135.743,135.743,0],"ix":1,"l":2},"s":{"k":[{"s":[0,0,100],"t":52,"i":{"x":[1,1,1],"y":[1,1,1]},"o":{"x":[0,0,0],"y":[0,0,0]}},{"s":[100,100,100],"t":54,"i":{"x":[1,1,1],"y":[1,1,1]},"o":{"x":[0,0,0],"y":[0,0,0]}},{"s":[125.336,125.336,100],"t":55,"i":{"x":[1,1,1],"y":[1,1,1]},"o":{"x":[0,0,0],"y":[0,0,0]}},{"s":[120.132,120.132,100],"t":56,"i":{"x":[1,1,1],"y":[1,1,1]},"o":{"x":[0,0,0],"y":[0,0,0]}},{"s":[111.817,111.817,100],"t":57,"i":{"x":[1,1,1],"y":[1,1,1]},"o":{"x":[0,0,0],"y":[0,0,0]}},{"s":[106.068,106.068,100],"t":58,"i":{"x":[1,1,1],"y":[1,1,1]},"o":{"x":[0,0,0],"y":[0,0,0]}},{"s":[102.872,102.872,100],"t":59,"i":{"x":[1,1,1],"y":[1,1,1]},"o":{"x":[0,0,0],"y":[0,0,0]}},{"s":[101.281,101.281,100],"t":60,"i":{"x":[1,1,1],"y":[1,1,1]},"o":{"x":[0,0,0],"y":[0,0,0]}},{"s":[100.544,100.544,100],"t":61,"i":{"x":[1,1,1],"y":[1,1,1]},"o":{"x":[0,0,0],"y":[0,0,0]}},{"s":[100.221,100.221,100],"t":62,"i":{"x":[1,1,1],"y":[1,1,1]},"o":{"x":[0,0,0],"y":[0,0,0]}},{"s":[100.086,100.086,100],"t":63,"i":{"x":[1,1,1],"y":[1,1,1]},"o":{"x":[0,0,0],"y":[0,0,0]}}],"l":2}},"ao":0,"ip":0,"op":150.000006109625,"st":0,"bm":0},{"ddd":0,"ind":14,"ty":2,"nm":"Layer 27","refId":"image_13","sr":1,"ks":{"o":{"a":0,"k":100,"ix":11},"r":{"a":0,"k":0,"ix":10},"p":{"a":0,"k":[785.903,831.787,0],"ix":2,"l":2},"a":{"a":0,"k":[1.431,66.51,0],"ix":1,"l":2},"s":{"k":[{"s":[0,0,100],"t":37,"i":{"x":[1,1,1],"y":[1,1,1]},"o":{"x":[0,0,0],"y":[0,0,0]}},{"s":[100,100,100],"t":39,"i":{"x":[1,1,1],"y":[1,1,1]},"o":{"x":[0,0,0],"y":[0,0,0]}},{"s":[125.336,125.336,100],"t":40,"i":{"x":[1,1,1],"y":[1,1,1]},"o":{"x":[0,0,0],"y":[0,0,0]}},{"s":[120.132,120.132,100],"t":41,"i":{"x":[1,1,1],"y":[1,1,1]},"o":{"x":[0,0,0],"y":[0,0,0]}},{"s":[111.817,111.817,100],"t":42,"i":{"x":[1,1,1],"y":[1,1,1]},"o":{"x":[0,0,0],"y":[0,0,0]}},{"s":[106.068,106.068,100],"t":43,"i":{"x":[1,1,1],"y":[1,1,1]},"o":{"x":[0,0,0],"y":[0,0,0]}},{"s":[102.872,102.872,100],"t":44,"i":{"x":[1,1,1],"y":[1,1,1]},"o":{"x":[0,0,0],"y":[0,0,0]}},{"s":[101.281,101.281,100],"t":45,"i":{"x":[1,1,1],"y":[1,1,1]},"o":{"x":[0,0,0],"y":[0,0,0]}},{"s":[100.544,100.544,100],"t":46,"i":{"x":[1,1,1],"y":[1,1,1]},"o":{"x":[0,0,0],"y":[0,0,0]}},{"s":[100.221,100.221,100],"t":47,"i":{"x":[1,1,1],"y":[1,1,1]},"o":{"x":[0,0,0],"y":[0,0,0]}},{"s":[100.086,100.086,100],"t":48,"i":{"x":[1,1,1],"y":[1,1,1]},"o":{"x":[0,0,0],"y":[0,0,0]}}],"l":2}},"ao":0,"ip":0,"op":150.000006109625,"st":0,"bm":0},{"ddd":0,"ind":15,"ty":2,"nm":"Layer 30","refId":"image_14","sr":1,"ks":{"o":{"a":0,"k":100,"ix":11},"r":{"a":0,"k":0,"ix":10},"p":{"a":0,"k":[960,923,0],"ix":2,"l":2},"a":{"a":0,"k":[225.805,599.569,0],"ix":1,"l":2},"s":{"k":[{"s":[100,0,100],"t":30,"i":{"x":[1,1,1],"y":[1,1,1]},"o":{"x":[0,0,0],"y":[0,0,0]}},{"s":[100,100,100],"t":32,"i":{"x":[1,1,1],"y":[1,1,1]},"o":{"x":[0,0,0],"y":[0,0,0]}},{"s":[100,125.336,100],"t":33,"i":{"x":[1,1,1],"y":[1,1,1]},"o":{"x":[0,0,0],"y":[0,0,0]}},{"s":[100,120.132,100],"t":34,"i":{"x":[1,1,1],"y":[1,1,1]},"o":{"x":[0,0,0],"y":[0,0,0]}},{"s":[100,111.817,100],"t":35,"i":{"x":[1,1,1],"y":[1,1,1]},"o":{"x":[0,0,0],"y":[0,0,0]}},{"s":[100,106.068,100],"t":36,"i":{"x":[1,1,1],"y":[1,1,1]},"o":{"x":[0,0,0],"y":[0,0,0]}},{"s":[100,102.872,100],"t":37,"i":{"x":[1,1,1],"y":[1,1,1]},"o":{"x":[0,0,0],"y":[0,0,0]}},{"s":[100,101.281,100],"t":38,"i":{"x":[1,1,1],"y":[1,1,1]},"o":{"x":[0,0,0],"y":[0,0,0]}},{"s":[100,100.544,100],"t":39,"i":{"x":[1,1,1],"y":[1,1,1]},"o":{"x":[0,0,0],"y":[0,0,0]}},{"s":[100,100.221,100],"t":40,"i":{"x":[1,1,1],"y":[1,1,1]},"o":{"x":[0,0,0],"y":[0,0,0]}},{"s":[100,100.086,100],"t":41,"i":{"x":[1,1,1],"y":[1,1,1]},"o":{"x":[0,0,0],"y":[0,0,0]}}],"l":2}},"ao":0,"ip":0,"op":150.000006109625,"st":0,"bm":0},{"ddd":0,"ind":16,"ty":2,"nm":"Layer 6","refId":"image_15","sr":1,"ks":{"o":{"a":0,"k":100,"ix":11},"r":{"a":0,"k":0,"ix":10},"p":{"a":0,"k":[1508.937,458.66,0],"ix":2,"l":2},"a":{"a":0,"k":[41.493,26.543,0],"ix":1,"l":2},"s":{"k":[{"s":[0,0,100],"t":121,"i":{"x":[1,1,1],"y":[1,1,1]},"o":{"x":[0,0,0],"y":[0,0,0]}},{"s":[100,100,100],"t":123,"i":{"x":[1,1,1],"y":[1,1,1]},"o":{"x":[0,0,0],"y":[0,0,0]}},{"s":[125.336,125.336,100],"t":124,"i":{"x":[1,1,1],"y":[1,1,1]},"o":{"x":[0,0,0],"y":[0,0,0]}},{"s":[120.132,120.132,100],"t":125,"i":{"x":[1,1,1],"y":[1,1,1]},"o":{"x":[0,0,0],"y":[0,0,0]}},{"s":[111.817,111.817,100],"t":126,"i":{"x":[1,1,1],"y":[1,1,1]},"o":{"x":[0,0,0],"y":[0,0,0]}},{"s":[106.068,106.068,100],"t":127,"i":{"x":[1,1,1],"y":[1,1,1]},"o":{"x":[0,0,0],"y":[0,0,0]}},{"s":[102.872,102.872,100],"t":128,"i":{"x":[1,1,1],"y":[1,1,1]},"o":{"x":[0,0,0],"y":[0,0,0]}},{"s":[101.281,101.281,100],"t":129,"i":{"x":[1,1,1],"y":[1,1,1]},"o":{"x":[0,0,0],"y":[0,0,0]}},{"s":[100.544,100.544,100],"t":130,"i":{"x":[1,1,1],"y":[1,1,1]},"o":{"x":[0,0,0],"y":[0,0,0]}},{"s":[100.221,100.221,100],"t":131,"i":{"x":[1,1,1],"y":[1,1,1]},"o":{"x":[0,0,0],"y":[0,0,0]}},{"s":[100.086,100.086,100],"t":132,"i":{"x":[1,1,1],"y":[1,1,1]},"o":{"x":[0,0,0],"y":[0,0,0]}}],"l":2}},"ao":0,"ip":0,"op":150.000006109625,"st":0,"bm":0},{"ddd":0,"ind":17,"ty":2,"nm":"Layer 13","refId":"image_16","sr":1,"ks":{"o":{"a":0,"k":100,"ix":11},"r":{"a":0,"k":0,"ix":10},"p":{"a":0,"k":[1427.312,588.845,0],"ix":2,"l":2},"a":{"a":0,"k":[23.225,41.691,0],"ix":1,"l":2},"s":{"k":[{"s":[0,0,100],"t":121,"i":{"x":[1,1,1],"y":[1,1,1]},"o":{"x":[0,0,0],"y":[0,0,0]}},{"s":[100,100,100],"t":123,"i":{"x":[1,1,1],"y":[1,1,1]},"o":{"x":[0,0,0],"y":[0,0,0]}},{"s":[125.336,125.336,100],"t":124,"i":{"x":[1,1,1],"y":[1,1,1]},"o":{"x":[0,0,0],"y":[0,0,0]}},{"s":[120.132,120.132,100],"t":125,"i":{"x":[1,1,1],"y":[1,1,1]},"o":{"x":[0,0,0],"y":[0,0,0]}},{"s":[111.817,111.817,100],"t":126,"i":{"x":[1,1,1],"y":[1,1,1]},"o":{"x":[0,0,0],"y":[0,0,0]}},{"s":[106.068,106.068,100],"t":127,"i":{"x":[1,1,1],"y":[1,1,1]},"o":{"x":[0,0,0],"y":[0,0,0]}},{"s":[102.872,102.872,100],"t":128,"i":{"x":[1,1,1],"y":[1,1,1]},"o":{"x":[0,0,0],"y":[0,0,0]}},{"s":[101.281,101.281,100],"t":129,"i":{"x":[1,1,1],"y":[1,1,1]},"o":{"x":[0,0,0],"y":[0,0,0]}},{"s":[100.544,100.544,100],"t":130,"i":{"x":[1,1,1],"y":[1,1,1]},"o":{"x":[0,0,0],"y":[0,0,0]}},{"s":[100.221,100.221,100],"t":131,"i":{"x":[1,1,1],"y":[1,1,1]},"o":{"x":[0,0,0],"y":[0,0,0]}},{"s":[100.086,100.086,100],"t":132,"i":{"x":[1,1,1],"y":[1,1,1]},"o":{"x":[0,0,0],"y":[0,0,0]}}],"l":2}},"ao":0,"ip":0,"op":150.000006109625,"st":0,"bm":0},{"ddd":0,"ind":18,"ty":2,"nm":"Layer 5","refId":"image_17","sr":1,"ks":{"o":{"a":0,"k":100,"ix":11},"r":{"a":0,"k":0,"ix":10},"p":{"a":0,"k":[1454.516,465.375,0],"ix":2,"l":2},"a":{"a":0,"k":[40.98,14.685,0],"ix":1,"l":2},"s":{"k":[{"s":[0,0,100],"t":116,"i":{"x":[1,1,1],"y":[1,1,1]},"o":{"x":[0,0,0],"y":[0,0,0]}},{"s":[100,100,100],"t":118,"i":{"x":[1,1,1],"y":[1,1,1]},"o":{"x":[0,0,0],"y":[0,0,0]}},{"s":[125.336,125.336,100],"t":119,"i":{"x":[1,1,1],"y":[1,1,1]},"o":{"x":[0,0,0],"y":[0,0,0]}},{"s":[120.132,120.132,100],"t":120,"i":{"x":[1,1,1],"y":[1,1,1]},"o":{"x":[0,0,0],"y":[0,0,0]}},{"s":[111.817,111.817,100],"t":121,"i":{"x":[1,1,1],"y":[1,1,1]},"o":{"x":[0,0,0],"y":[0,0,0]}},{"s":[106.068,106.068,100],"t":122,"i":{"x":[1,1,1],"y":[1,1,1]},"o":{"x":[0,0,0],"y":[0,0,0]}},{"s":[102.872,102.872,100],"t":123,"i":{"x":[1,1,1],"y":[1,1,1]},"o":{"x":[0,0,0],"y":[0,0,0]}},{"s":[101.281,101.281,100],"t":124,"i":{"x":[1,1,1],"y":[1,1,1]},"o":{"x":[0,0,0],"y":[0,0,0]}},{"s":[100.544,100.544,100],"t":125,"i":{"x":[1,1,1],"y":[1,1,1]},"o":{"x":[0,0,0],"y":[0,0,0]}},{"s":[100.221,100.221,100],"t":126,"i":{"x":[1,1,1],"y":[1,1,1]},"o":{"x":[0,0,0],"y":[0,0,0]}},{"s":[100.086,100.086,100],"t":127,"i":{"x":[1,1,1],"y":[1,1,1]},"o":{"x":[0,0,0],"y":[0,0,0]}}],"l":2}},"ao":0,"ip":0,"op":150.000006109625,"st":0,"bm":0},{"ddd":0,"ind":19,"ty":2,"nm":"Layer 8","refId":"image_18","sr":1,"ks":{"o":{"a":0,"k":100,"ix":11},"r":{"a":0,"k":0,"ix":10},"p":{"a":0,"k":[1456.534,425.564,0],"ix":2,"l":2},"a":{"a":0,"k":[43.794,12.413,0],"ix":1,"l":2},"s":{"k":[{"s":[0,0,100],"t":116,"i":{"x":[1,1,1],"y":[1,1,1]},"o":{"x":[0,0,0],"y":[0,0,0]}},{"s":[100,100,100],"t":118,"i":{"x":[1,1,1],"y":[1,1,1]},"o":{"x":[0,0,0],"y":[0,0,0]}},{"s":[125.336,125.336,100],"t":119,"i":{"x":[1,1,1],"y":[1,1,1]},"o":{"x":[0,0,0],"y":[0,0,0]}},{"s":[120.132,120.132,100],"t":120,"i":{"x":[1,1,1],"y":[1,1,1]},"o":{"x":[0,0,0],"y":[0,0,0]}},{"s":[111.817,111.817,100],"t":121,"i":{"x":[1,1,1],"y":[1,1,1]},"o":{"x":[0,0,0],"y":[0,0,0]}},{"s":[106.068,106.068,100],"t":122,"i":{"x":[1,1,1],"y":[1,1,1]},"o":{"x":[0,0,0],"y":[0,0,0]}},{"s":[102.872,102.872,100],"t":123,"i":{"x":[1,1,1],"y":[1,1,1]},"o":{"x":[0,0,0],"y":[0,0,0]}},{"s":[101.281,101.281,100],"t":124,"i":{"x":[1,1,1],"y":[1,1,1]},"o":{"x":[0,0,0],"y":[0,0,0]}},{"s":[100.544,100.544,100],"t":125,"i":{"x":[1,1,1],"y":[1,1,1]},"o":{"x":[0,0,0],"y":[0,0,0]}},{"s":[100.221,100.221,100],"t":126,"i":{"x":[1,1,1],"y":[1,1,1]},"o":{"x":[0,0,0],"y":[0,0,0]}},{"s":[100.086,100.086,100],"t":127,"i":{"x":[1,1,1],"y":[1,1,1]},"o":{"x":[0,0,0],"y":[0,0,0]}}],"l":2}},"ao":0,"ip":0,"op":150.000006109625,"st":0,"bm":0},{"ddd":0,"ind":20,"ty":2,"nm":"Layer 7","refId":"image_19","sr":1,"ks":{"o":{"a":0,"k":100,"ix":11},"r":{"a":0,"k":0,"ix":10},"p":{"a":0,"k":[1399.917,446.594,0],"ix":2,"l":2},"a":{"a":0,"k":[41.703,14.618,0],"ix":1,"l":2},"s":{"k":[{"s":[0,0,100],"t":106,"i":{"x":[1,1,1],"y":[1,1,1]},"o":{"x":[0,0,0],"y":[0,0,0]}},{"s":[100,100,100],"t":108,"i":{"x":[1,1,1],"y":[1,1,1]},"o":{"x":[0,0,0],"y":[0,0,0]}},{"s":[125.336,125.336,100],"t":109,"i":{"x":[1,1,1],"y":[1,1,1]},"o":{"x":[0,0,0],"y":[0,0,0]}},{"s":[120.132,120.132,100],"t":110,"i":{"x":[1,1,1],"y":[1,1,1]},"o":{"x":[0,0,0],"y":[0,0,0]}},{"s":[111.817,111.817,100],"t":111,"i":{"x":[1,1,1],"y":[1,1,1]},"o":{"x":[0,0,0],"y":[0,0,0]}},{"s":[106.068,106.068,100],"t":112,"i":{"x":[1,1,1],"y":[1,1,1]},"o":{"x":[0,0,0],"y":[0,0,0]}},{"s":[102.872,102.872,100],"t":113,"i":{"x":[1,1,1],"y":[1,1,1]},"o":{"x":[0,0,0],"y":[0,0,0]}},{"s":[101.281,101.281,100],"t":114,"i":{"x":[1,1,1],"y":[1,1,1]},"o":{"x":[0,0,0],"y":[0,0,0]}},{"s":[100.544,100.544,100],"t":115,"i":{"x":[1,1,1],"y":[1,1,1]},"o":{"x":[0,0,0],"y":[0,0,0]}},{"s":[100.221,100.221,100],"t":116,"i":{"x":[1,1,1],"y":[1,1,1]},"o":{"x":[0,0,0],"y":[0,0,0]}},{"s":[100.086,100.086,100],"t":117,"i":{"x":[1,1,1],"y":[1,1,1]},"o":{"x":[0,0,0],"y":[0,0,0]}}],"l":2}},"ao":0,"ip":0,"op":150.000006109625,"st":0,"bm":0},{"ddd":0,"ind":21,"ty":2,"nm":"Layer 9","refId":"image_20","sr":1,"ks":{"o":{"a":0,"k":100,"ix":11},"r":{"a":0,"k":0,"ix":10},"p":{"a":0,"k":[1481.65,512.889,0],"ix":2,"l":2},"a":{"a":0,"k":[23.259,41.506,0],"ix":1,"l":2},"s":{"k":[{"s":[0,0,100],"t":106,"i":{"x":[1,1,1],"y":[1,1,1]},"o":{"x":[0,0,0],"y":[0,0,0]}},{"s":[100,100,100],"t":108,"i":{"x":[1,1,1],"y":[1,1,1]},"o":{"x":[0,0,0],"y":[0,0,0]}},{"s":[125.336,125.336,100],"t":109,"i":{"x":[1,1,1],"y":[1,1,1]},"o":{"x":[0,0,0],"y":[0,0,0]}},{"s":[120.132,120.132,100],"t":110,"i":{"x":[1,1,1],"y":[1,1,1]},"o":{"x":[0,0,0],"y":[0,0,0]}},{"s":[111.817,111.817,100],"t":111,"i":{"x":[1,1,1],"y":[1,1,1]},"o":{"x":[0,0,0],"y":[0,0,0]}},{"s":[106.068,106.068,100],"t":112,"i":{"x":[1,1,1],"y":[1,1,1]},"o":{"x":[0,0,0],"y":[0,0,0]}},{"s":[102.872,102.872,100],"t":113,"i":{"x":[1,1,1],"y":[1,1,1]},"o":{"x":[0,0,0],"y":[0,0,0]}},{"s":[101.281,101.281,100],"t":114,"i":{"x":[1,1,1],"y":[1,1,1]},"o":{"x":[0,0,0],"y":[0,0,0]}},{"s":[100.544,100.544,100],"t":115,"i":{"x":[1,1,1],"y":[1,1,1]},"o":{"x":[0,0,0],"y":[0,0,0]}},{"s":[100.221,100.221,100],"t":116,"i":{"x":[1,1,1],"y":[1,1,1]},"o":{"x":[0,0,0],"y":[0,0,0]}},{"s":[100.086,100.086,100],"t":117,"i":{"x":[1,1,1],"y":[1,1,1]},"o":{"x":[0,0,0],"y":[0,0,0]}}],"l":2}},"ao":0,"ip":0,"op":150.000006109625,"st":0,"bm":0},{"ddd":0,"ind":22,"ty":2,"nm":"Layer 11","refId":"image_21","sr":1,"ks":{"o":{"a":0,"k":100,"ix":11},"r":{"a":0,"k":0,"ix":10},"p":{"a":0,"k":[1372.689,569.89,0],"ix":2,"l":2},"a":{"a":0,"k":[23.2,41.561,0],"ix":1,"l":2},"s":{"k":[{"s":[0,0,100],"t":106,"i":{"x":[1,1,1],"y":[1,1,1]},"o":{"x":[0,0,0],"y":[0,0,0]}},{"s":[100,100,100],"t":108,"i":{"x":[1,1,1],"y":[1,1,1]},"o":{"x":[0,0,0],"y":[0,0,0]}},{"s":[125.336,125.336,100],"t":109,"i":{"x":[1,1,1],"y":[1,1,1]},"o":{"x":[0,0,0],"y":[0,0,0]}},{"s":[120.132,120.132,100],"t":110,"i":{"x":[1,1,1],"y":[1,1,1]},"o":{"x":[0,0,0],"y":[0,0,0]}},{"s":[111.817,111.817,100],"t":111,"i":{"x":[1,1,1],"y":[1,1,1]},"o":{"x":[0,0,0],"y":[0,0,0]}},{"s":[106.068,106.068,100],"t":112,"i":{"x":[1,1,1],"y":[1,1,1]},"o":{"x":[0,0,0],"y":[0,0,0]}},{"s":[102.872,102.872,100],"t":113,"i":{"x":[1,1,1],"y":[1,1,1]},"o":{"x":[0,0,0],"y":[0,0,0]}},{"s":[101.281,101.281,100],"t":114,"i":{"x":[1,1,1],"y":[1,1,1]},"o":{"x":[0,0,0],"y":[0,0,0]}},{"s":[100.544,100.544,100],"t":115,"i":{"x":[1,1,1],"y":[1,1,1]},"o":{"x":[0,0,0],"y":[0,0,0]}},{"s":[100.221,100.221,100],"t":116,"i":{"x":[1,1,1],"y":[1,1,1]},"o":{"x":[0,0,0],"y":[0,0,0]}},{"s":[100.086,100.086,100],"t":117,"i":{"x":[1,1,1],"y":[1,1,1]},"o":{"x":[0,0,0],"y":[0,0,0]}}],"l":2}},"ao":0,"ip":0,"op":150.000006109625,"st":0,"bm":0},{"ddd":0,"ind":23,"ty":2,"nm":"Layer 10","refId":"image_22","sr":1,"ks":{"o":{"a":0,"k":100,"ix":11},"r":{"a":0,"k":0,"ix":10},"p":{"a":0,"k":[1436.655,507.932,0],"ix":2,"l":2},"a":{"a":0,"k":[87.156,55.457,0],"ix":1,"l":2},"s":{"k":[{"s":[0,0,100],"t":102,"i":{"x":[1,1,1],"y":[1,1,1]},"o":{"x":[0,0,0],"y":[0,0,0]}},{"s":[100,100,100],"t":104,"i":{"x":[1,1,1],"y":[1,1,1]},"o":{"x":[0,0,0],"y":[0,0,0]}},{"s":[125.336,125.336,100],"t":105,"i":{"x":[1,1,1],"y":[1,1,1]},"o":{"x":[0,0,0],"y":[0,0,0]}},{"s":[120.132,120.132,100],"t":106,"i":{"x":[1,1,1],"y":[1,1,1]},"o":{"x":[0,0,0],"y":[0,0,0]}},{"s":[111.817,111.817,100],"t":107,"i":{"x":[1,1,1],"y":[1,1,1]},"o":{"x":[0,0,0],"y":[0,0,0]}},{"s":[106.068,106.068,100],"t":108,"i":{"x":[1,1,1],"y":[1,1,1]},"o":{"x":[0,0,0],"y":[0,0,0]}},{"s":[102.872,102.872,100],"t":109,"i":{"x":[1,1,1],"y":[1,1,1]},"o":{"x":[0,0,0],"y":[0,0,0]}},{"s":[101.281,101.281,100],"t":110,"i":{"x":[1,1,1],"y":[1,1,1]},"o":{"x":[0,0,0],"y":[0,0,0]}},{"s":[100.544,100.544,100],"t":111,"i":{"x":[1,1,1],"y":[1,1,1]},"o":{"x":[0,0,0],"y":[0,0,0]}},{"s":[100.221,100.221,100],"t":112,"i":{"x":[1,1,1],"y":[1,1,1]},"o":{"x":[0,0,0],"y":[0,0,0]}},{"s":[100.086,100.086,100],"t":113,"i":{"x":[1,1,1],"y":[1,1,1]},"o":{"x":[0,0,0],"y":[0,0,0]}}],"l":2}},"ao":0,"ip":0,"op":150.000006109625,"st":0,"bm":0},{"ddd":0,"ind":24,"ty":2,"nm":"Layer 12","refId":"image_23","sr":1,"ks":{"o":{"a":0,"k":100,"ix":11},"r":{"a":0,"k":0,"ix":10},"p":{"a":0,"k":[1536.243,494.1,0],"ix":2,"l":2},"a":{"a":0,"k":[23.224,41.5,0],"ix":1,"l":2},"s":{"k":[{"s":[0,0,100],"t":110,"i":{"x":[1,1,1],"y":[1,1,1]},"o":{"x":[0,0,0],"y":[0,0,0]}},{"s":[100,100,100],"t":112,"i":{"x":[1,1,1],"y":[1,1,1]},"o":{"x":[0,0,0],"y":[0,0,0]}},{"s":[125.336,125.336,100],"t":113,"i":{"x":[1,1,1],"y":[1,1,1]},"o":{"x":[0,0,0],"y":[0,0,0]}},{"s":[120.132,120.132,100],"t":114,"i":{"x":[1,1,1],"y":[1,1,1]},"o":{"x":[0,0,0],"y":[0,0,0]}},{"s":[111.817,111.817,100],"t":115,"i":{"x":[1,1,1],"y":[1,1,1]},"o":{"x":[0,0,0],"y":[0,0,0]}},{"s":[106.068,106.068,100],"t":116,"i":{"x":[1,1,1],"y":[1,1,1]},"o":{"x":[0,0,0],"y":[0,0,0]}},{"s":[102.872,102.872,100],"t":117,"i":{"x":[1,1,1],"y":[1,1,1]},"o":{"x":[0,0,0],"y":[0,0,0]}},{"s":[101.281,101.281,100],"t":118,"i":{"x":[1,1,1],"y":[1,1,1]},"o":{"x":[0,0,0],"y":[0,0,0]}},{"s":[100.544,100.544,100],"t":119,"i":{"x":[1,1,1],"y":[1,1,1]},"o":{"x":[0,0,0],"y":[0,0,0]}},{"s":[100.221,100.221,100],"t":120,"i":{"x":[1,1,1],"y":[1,1,1]},"o":{"x":[0,0,0],"y":[0,0,0]}},{"s":[100.086,100.086,100],"t":121,"i":{"x":[1,1,1],"y":[1,1,1]},"o":{"x":[0,0,0],"y":[0,0,0]}}],"l":2}},"ao":0,"ip":0,"op":150.000006109625,"st":0,"bm":0},{"ddd":0,"ind":25,"ty":2,"nm":"Layer 15","refId":"image_24","sr":1,"ks":{"o":{"a":0,"k":100,"ix":11},"r":{"a":0,"k":0,"ix":10},"p":{"a":0,"k":[1481.766,588.863,0],"ix":2,"l":2},"a":{"a":0,"k":[23.361,41.679,0],"ix":1,"l":2},"s":{"k":[{"s":[0,0,100],"t":110,"i":{"x":[1,1,1],"y":[1,1,1]},"o":{"x":[0,0,0],"y":[0,0,0]}},{"s":[100,100,100],"t":112,"i":{"x":[1,1,1],"y":[1,1,1]},"o":{"x":[0,0,0],"y":[0,0,0]}},{"s":[125.336,125.336,100],"t":113,"i":{"x":[1,1,1],"y":[1,1,1]},"o":{"x":[0,0,0],"y":[0,0,0]}},{"s":[120.132,120.132,100],"t":114,"i":{"x":[1,1,1],"y":[1,1,1]},"o":{"x":[0,0,0],"y":[0,0,0]}},{"s":[111.817,111.817,100],"t":115,"i":{"x":[1,1,1],"y":[1,1,1]},"o":{"x":[0,0,0],"y":[0,0,0]}},{"s":[106.068,106.068,100],"t":116,"i":{"x":[1,1,1],"y":[1,1,1]},"o":{"x":[0,0,0],"y":[0,0,0]}},{"s":[102.872,102.872,100],"t":117,"i":{"x":[1,1,1],"y":[1,1,1]},"o":{"x":[0,0,0],"y":[0,0,0]}},{"s":[101.281,101.281,100],"t":118,"i":{"x":[1,1,1],"y":[1,1,1]},"o":{"x":[0,0,0],"y":[0,0,0]}},{"s":[100.544,100.544,100],"t":119,"i":{"x":[1,1,1],"y":[1,1,1]},"o":{"x":[0,0,0],"y":[0,0,0]}},{"s":[100.221,100.221,100],"t":120,"i":{"x":[1,1,1],"y":[1,1,1]},"o":{"x":[0,0,0],"y":[0,0,0]}},{"s":[100.086,100.086,100],"t":121,"i":{"x":[1,1,1],"y":[1,1,1]},"o":{"x":[0,0,0],"y":[0,0,0]}}],"l":2}},"ao":0,"ip":0,"op":150.000006109625,"st":0,"bm":0},{"ddd":0,"ind":26,"ty":2,"nm":"Layer 16","refId":"image_25","sr":1,"ks":{"o":{"a":0,"k":100,"ix":11},"r":{"a":0,"k":0,"ix":10},"p":{"a":0,"k":[1427.173,512.984,0],"ix":2,"l":2},"a":{"a":0,"k":[23.39,41.482,0],"ix":1,"l":2},"s":{"k":[{"s":[0,0,100],"t":110,"i":{"x":[1,1,1],"y":[1,1,1]},"o":{"x":[0,0,0],"y":[0,0,0]}},{"s":[100,100,100],"t":112,"i":{"x":[1,1,1],"y":[1,1,1]},"o":{"x":[0,0,0],"y":[0,0,0]}},{"s":[125.336,125.336,100],"t":113,"i":{"x":[1,1,1],"y":[1,1,1]},"o":{"x":[0,0,0],"y":[0,0,0]}},{"s":[120.132,120.132,100],"t":114,"i":{"x":[1,1,1],"y":[1,1,1]},"o":{"x":[0,0,0],"y":[0,0,0]}},{"s":[111.817,111.817,100],"t":115,"i":{"x":[1,1,1],"y":[1,1,1]},"o":{"x":[0,0,0],"y":[0,0,0]}},{"s":[106.068,106.068,100],"t":116,"i":{"x":[1,1,1],"y":[1,1,1]},"o":{"x":[0,0,0],"y":[0,0,0]}},{"s":[102.872,102.872,100],"t":117,"i":{"x":[1,1,1],"y":[1,1,1]},"o":{"x":[0,0,0],"y":[0,0,0]}},{"s":[101.281,101.281,100],"t":118,"i":{"x":[1,1,1],"y":[1,1,1]},"o":{"x":[0,0,0],"y":[0,0,0]}},{"s":[100.544,100.544,100],"t":119,"i":{"x":[1,1,1],"y":[1,1,1]},"o":{"x":[0,0,0],"y":[0,0,0]}},{"s":[100.221,100.221,100],"t":120,"i":{"x":[1,1,1],"y":[1,1,1]},"o":{"x":[0,0,0],"y":[0,0,0]}},{"s":[100.086,100.086,100],"t":121,"i":{"x":[1,1,1],"y":[1,1,1]},"o":{"x":[0,0,0],"y":[0,0,0]}}],"l":2}},"ao":0,"ip":0,"op":150.000006109625,"st":0,"bm":0},{"ddd":0,"ind":27,"ty":2,"nm":"Layer 14","refId":"image_26","sr":1,"ks":{"o":{"a":0,"k":100,"ix":11},"r":{"a":0,"k":0,"ix":10},"p":{"a":0,"k":[1536.303,569.746,0],"ix":2,"l":2},"a":{"a":0,"k":[23.17,41.512,0],"ix":1,"l":2},"s":{"k":[{"s":[0,0,100],"t":102,"i":{"x":[1,1,1],"y":[1,1,1]},"o":{"x":[0,0,0],"y":[0,0,0]}},{"s":[100,100,100],"t":104,"i":{"x":[1,1,1],"y":[1,1,1]},"o":{"x":[0,0,0],"y":[0,0,0]}},{"s":[125.336,125.336,100],"t":105,"i":{"x":[1,1,1],"y":[1,1,1]},"o":{"x":[0,0,0],"y":[0,0,0]}},{"s":[120.132,120.132,100],"t":106,"i":{"x":[1,1,1],"y":[1,1,1]},"o":{"x":[0,0,0],"y":[0,0,0]}},{"s":[111.817,111.817,100],"t":107,"i":{"x":[1,1,1],"y":[1,1,1]},"o":{"x":[0,0,0],"y":[0,0,0]}},{"s":[106.068,106.068,100],"t":108,"i":{"x":[1,1,1],"y":[1,1,1]},"o":{"x":[0,0,0],"y":[0,0,0]}},{"s":[102.872,102.872,100],"t":109,"i":{"x":[1,1,1],"y":[1,1,1]},"o":{"x":[0,0,0],"y":[0,0,0]}},{"s":[101.281,101.281,100],"t":110,"i":{"x":[1,1,1],"y":[1,1,1]},"o":{"x":[0,0,0],"y":[0,0,0]}},{"s":[100.544,100.544,100],"t":111,"i":{"x":[1,1,1],"y":[1,1,1]},"o":{"x":[0,0,0],"y":[0,0,0]}},{"s":[100.221,100.221,100],"t":112,"i":{"x":[1,1,1],"y":[1,1,1]},"o":{"x":[0,0,0],"y":[0,0,0]}},{"s":[100.086,100.086,100],"t":113,"i":{"x":[1,1,1],"y":[1,1,1]},"o":{"x":[0,0,0],"y":[0,0,0]}}],"l":2}},"ao":0,"ip":0,"op":150.000006109625,"st":0,"bm":0},{"ddd":0,"ind":28,"ty":2,"nm":"Layer 26","refId":"image_27","sr":1,"ks":{"o":{"a":0,"k":100,"ix":11},"r":{"a":0,"k":0,"ix":10},"p":{"a":0,"k":[1290.582,811.397,0],"ix":2,"l":2},"a":{"a":0,"k":[5.408,86.904,0],"ix":1,"l":2},"s":{"k":[{"s":[0,0,100],"t":95,"i":{"x":[1,1,1],"y":[1,1,1]},"o":{"x":[0,0,0],"y":[0,0,0]}},{"s":[100,100,100],"t":97,"i":{"x":[1,1,1],"y":[1,1,1]},"o":{"x":[0,0,0],"y":[0,0,0]}},{"s":[109.954,109.954,100],"t":98,"i":{"x":[1,1,1],"y":[1,1,1]},"o":{"x":[0,0,0],"y":[0,0,0]}},{"s":[103.107,103.107,100],"t":99,"i":{"x":[1,1,1],"y":[1,1,1]},"o":{"x":[0,0,0],"y":[0,0,0]}},{"s":[100.717,100.717,100],"t":100,"i":{"x":[1,1,1],"y":[1,1,1]},"o":{"x":[0,0,0],"y":[0,0,0]}},{"s":[100.145,100.145,100],"t":101,"i":{"x":[1,1,1],"y":[1,1,1]},"o":{"x":[0,0,0],"y":[0,0,0]}},{"s":[100.027,100.027,100],"t":102,"i":{"x":[1,1,1],"y":[1,1,1]},"o":{"x":[0,0,0],"y":[0,0,0]}}],"l":2}},"ao":0,"ip":0,"op":150.000006109625,"st":0,"bm":0},{"ddd":0,"ind":29,"ty":2,"nm":"Layer 29","refId":"image_28","sr":1,"ks":{"o":{"a":0,"k":100,"ix":11},"r":{"a":0,"k":0,"ix":10},"p":{"a":0,"k":[1458.118,929,0],"ix":2,"l":2},"a":{"a":0,"k":[225.805,605.569,0],"ix":1,"l":2},"s":{"k":[{"s":[100,0,100],"t":90,"i":{"x":[1,1,1],"y":[1,1,1]},"o":{"x":[0,0,0],"y":[0,0,0]}},{"s":[100,100,100],"t":92,"i":{"x":[1,1,1],"y":[1,1,1]},"o":{"x":[0,0,0],"y":[0,0,0]}},{"s":[100,125.336,100],"t":93,"i":{"x":[1,1,1],"y":[1,1,1]},"o":{"x":[0,0,0],"y":[0,0,0]}},{"s":[100,120.132,100],"t":94,"i":{"x":[1,1,1],"y":[1,1,1]},"o":{"x":[0,0,0],"y":[0,0,0]}},{"s":[100,111.817,100],"t":95,"i":{"x":[1,1,1],"y":[1,1,1]},"o":{"x":[0,0,0],"y":[0,0,0]}},{"s":[100,106.068,100],"t":96,"i":{"x":[1,1,1],"y":[1,1,1]},"o":{"x":[0,0,0],"y":[0,0,0]}},{"s":[100,102.872,100],"t":97,"i":{"x":[1,1,1],"y":[1,1,1]},"o":{"x":[0,0,0],"y":[0,0,0]}},{"s":[100,101.281,100],"t":98,"i":{"x":[1,1,1],"y":[1,1,1]},"o":{"x":[0,0,0],"y":[0,0,0]}},{"s":[100,100.544,100],"t":99,"i":{"x":[1,1,1],"y":[1,1,1]},"o":{"x":[0,0,0],"y":[0,0,0]}},{"s":[100,100.221,100],"t":100,"i":{"x":[1,1,1],"y":[1,1,1]},"o":{"x":[0,0,0],"y":[0,0,0]}},{"s":[100,100.086,100],"t":101,"i":{"x":[1,1,1],"y":[1,1,1]},"o":{"x":[0,0,0],"y":[0,0,0]}}],"l":2}},"ao":0,"ip":0,"op":150.000006109625,"st":0,"bm":0},{"ddd":0,"ind":30,"ty":2,"nm":"Layer 25","refId":"image_29","sr":1,"ks":{"o":{"a":0,"k":100,"ix":11},"r":{"a":0,"k":0,"ix":10},"p":{"a":0,"k":[241.101,192.145,0],"ix":2,"l":2},"a":{"a":0,"k":[4.773,40.606,0],"ix":1,"l":2},"s":{"k":[{"s":[0,100,100],"t":0,"i":{"x":[1,1,1],"y":[1,1,1]},"o":{"x":[0,0,0],"y":[0,0,0]}},{"s":[100,100,100],"t":2,"i":{"x":[1,1,1],"y":[1,1,1]},"o":{"x":[0,0,0],"y":[0,0,0]}},{"s":[125.336,100,100],"t":3,"i":{"x":[1,1,1],"y":[1,1,1]},"o":{"x":[0,0,0],"y":[0,0,0]}},{"s":[120.132,100,100],"t":4,"i":{"x":[1,1,1],"y":[1,1,1]},"o":{"x":[0,0,0],"y":[0,0,0]}},{"s":[111.817,100,100],"t":5,"i":{"x":[1,1,1],"y":[1,1,1]},"o":{"x":[0,0,0],"y":[0,0,0]}},{"s":[106.068,100,100],"t":6,"i":{"x":[1,1,1],"y":[1,1,1]},"o":{"x":[0,0,0],"y":[0,0,0]}},{"s":[102.872,100,100],"t":7,"i":{"x":[1,1,1],"y":[1,1,1]},"o":{"x":[0,0,0],"y":[0,0,0]}},{"s":[101.281,100,100],"t":8,"i":{"x":[1,1,1],"y":[1,1,1]},"o":{"x":[0,0,0],"y":[0,0,0]}},{"s":[100.544,100,100],"t":9,"i":{"x":[1,1,1],"y":[1,1,1]},"o":{"x":[0,0,0],"y":[0,0,0]}},{"s":[100.221,100,100],"t":10,"i":{"x":[1,1,1],"y":[1,1,1]},"o":{"x":[0,0,0],"y":[0,0,0]}},{"s":[100.086,100,100],"t":11,"i":{"x":[1,1,1],"y":[1,1,1]},"o":{"x":[0,0,0],"y":[0,0,0]}}],"l":2}},"ao":0,"ip":0,"op":150.000006109625,"st":0,"bm":0}],"markers":[]}