{"v":"5.9.1","fr":29.9700012207031,"ip":0,"op":130.000005295009,"w":450,"h":799,"nm":"usman 2","ddd":0,"assets":[{"id":"image_0","w":500,"h":500,"u":"images/","p":"img_0.png","e":0},{"id":"image_1","w":500,"h":500,"u":"images/","p":"img_1.png","e":0},{"id":"image_2","w":500,"h":500,"u":"images/","p":"img_2.png","e":0},{"id":"image_3","w":500,"h":500,"u":"images/","p":"img_3.png","e":0},{"id":"image_4","w":500,"h":500,"u":"images/","p":"img_4.png","e":0},{"id":"image_5","w":500,"h":500,"u":"images/","p":"img_5.png","e":0},{"id":"image_6","w":500,"h":500,"u":"images/","p":"img_6.png","e":0},{"id":"image_7","w":500,"h":500,"u":"images/","p":"img_7.png","e":0},{"id":"image_8","w":500,"h":500,"u":"images/","p":"img_8.png","e":0},{"id":"image_9","w":20,"h":9,"u":"images/","p":"img_9.png","e":0},{"id":"image_10","w":21,"h":10,"u":"images/","p":"img_10.png","e":0},{"id":"image_11","w":11,"h":11,"u":"images/","p":"img_11.png","e":0},{"id":"image_12","w":11,"h":11,"u":"images/","p":"img_12.png","e":0},{"id":"image_13","w":105,"h":127,"u":"images/","p":"img_13.png","e":0},{"id":"image_14","w":51,"h":123,"u":"images/","p":"img_14.png","e":0},{"id":"image_15","w":32,"h":104,"u":"images/","p":"img_15.png","e":0},{"id":"image_16","w":37,"h":47,"u":"images/","p":"img_16.png","e":0},{"id":"image_17","w":35,"h":57,"u":"images/","p":"img_17.png","e":0},{"id":"image_18","w":160,"h":216,"u":"images/","p":"img_18.png","e":0},{"id":"image_19","w":160,"h":216,"u":"images/","p":"img_19.png","e":0},{"id":"image_20","w":112,"h":55,"u":"images/","p":"img_20.png","e":0},{"id":"image_21","w":55,"h":191,"u":"images/","p":"img_21.png","e":0},{"id":"image_22","w":47,"h":175,"u":"images/","p":"img_22.png","e":0},{"id":"image_23","w":70,"h":47,"u":"images/","p":"img_23.png","e":0},{"id":"image_24","w":55,"h":191,"u":"images/","p":"img_24.png","e":0},{"id":"image_25","w":47,"h":175,"u":"images/","p":"img_25.png","e":0},{"id":"image_26","w":70,"h":47,"u":"images/","p":"img_26.png","e":0},{"id":"image_27","w":78,"h":119,"u":"images/","p":"img_27.png","e":0},{"id":"image_28","w":56,"h":102,"u":"images/","p":"img_28.png","e":0},{"id":"image_29","w":50,"h":74,"u":"images/","p":"img_29.png","e":0},{"id":"image_30","w":263,"h":304,"u":"images/","p":"img_30.png","e":0},{"id":"comp_0","nm":"usman","fr":29.9700012207031,"layers":[{"ddd":0,"ind":3,"ty":3,"nm":"C | body down","sr":1,"ks":{"o":{"a":0,"k":100,"ix":11},"r":{"a":0,"k":-0.136,"ix":10},"p":{"a":0,"k":[905.869,572.289,0],"ix":2,"l":2},"a":{"a":0,"k":[0,0,0],"ix":1,"l":2},"s":{"k":[{"s":[100,100,100],"t":0,"i":{"x":[1,1,1],"y":[1,1,1]},"o":{"x":[0,0,0],"y":[0,0,0]}},{"s":[100,100,100],"t":130,"i":{"x":[1,1,1],"y":[1,1,1]},"o":{"x":[0,0,0],"y":[0,0,0]}}],"l":2}},"ao":0,"ef":[{"ty":5,"nm":"Controller","np":14,"mn":"Pseudo/DUIK Ctrl v02","ix":1,"en":1,"ef":[{"ty":6,"nm":"Icon","mn":"Pseudo/DUIK Ctrl v02-0001","ix":1,"v":0},{"ty":2,"nm":"Color","mn":"Pseudo/DUIK Ctrl v02-0002","ix":2,"v":{"a":0,"k":[0.92549020052,0.0941176489,0.0941176489,1],"ix":2}},{"ty":3,"nm":"Position","mn":"Pseudo/DUIK Ctrl v02-0003","ix":3,"v":{"a":0,"k":[0,0],"ix":3}},{"ty":0,"nm":"Size","mn":"Pseudo/DUIK Ctrl v02-0004","ix":4,"v":{"a":0,"k":100,"ix":4}},{"ty":7,"nm":"Flip","mn":"Pseudo/DUIK Ctrl v02-0005","ix":5,"v":{"a":0,"k":0,"ix":5}},{"ty":0,"nm":"Orientation","mn":"Pseudo/DUIK Ctrl v02-0006","ix":6,"v":{"a":0,"k":0,"ix":6}},{"ty":0,"nm":"Opacity","mn":"Pseudo/DUIK Ctrl v02-0007","ix":7,"v":{"a":0,"k":100,"ix":7}},{"ty":6,"nm":"","mn":"Pseudo/DUIK Ctrl v02-0008","ix":8,"v":0},{"ty":6,"nm":"Anchor","mn":"Pseudo/DUIK Ctrl v02-0009","ix":9,"v":0},{"ty":2,"nm":"Color","mn":"Pseudo/DUIK Ctrl v02-0010","ix":10,"v":{"a":0,"k":[0,0,0,1],"ix":10}},{"ty":0,"nm":"Size","mn":"Pseudo/DUIK Ctrl v02-0011","ix":11,"v":{"a":0,"k":100,"ix":11}},{"ty":6,"nm":"","mn":"Pseudo/DUIK Ctrl v02-0012","ix":12,"v":0}]}],"ip":0,"op":150.000006109625,"st":0,"bm":0},{"ddd":0,"ind":6,"ty":0,"nm":"Pre-comp 2","refId":"comp_1","sr":1,"ks":{"o":{"a":0,"k":100,"ix":11},"r":{"a":1,"k":[{"i":{"x":[0.667],"y":[1]},"o":{"x":[0.333],"y":[0]},"t":0,"s":[4.92]},{"i":{"x":[0.667],"y":[1]},"o":{"x":[0.333],"y":[0]},"t":10,"s":[3.051]},{"i":{"x":[0.667],"y":[1]},"o":{"x":[0.333],"y":[0]},"t":20,"s":[3.051]},{"i":{"x":[0.667],"y":[1]},"o":{"x":[0.333],"y":[0]},"t":30,"s":[12.139]},{"i":{"x":[0.667],"y":[1]},"o":{"x":[0.333],"y":[0]},"t":40,"s":[12.139]},{"i":{"x":[0.667],"y":[1]},"o":{"x":[0.333],"y":[0]},"t":50,"s":[6.597]},{"i":{"x":[0.667],"y":[1]},"o":{"x":[0.333],"y":[0]},"t":60,"s":[6.597]},{"i":{"x":[0.667],"y":[1]},"o":{"x":[0.167],"y":[0]},"t":70,"s":[3.201]},{"i":{"x":[0.833],"y":[1]},"o":{"x":[0.167],"y":[0]},"t":81,"s":[3.201]},{"i":{"x":[0.667],"y":[1]},"o":{"x":[0.167],"y":[0]},"t":90,"s":[10.826]},{"t":100.000004073084,"s":[3.201]}],"ix":10},"p":{"a":0,"k":[902.5,360,0],"ix":2,"l":2},"a":{"a":0,"k":[64,142.5,0],"ix":1,"l":2},"s":{"a":0,"k":[100,100,100],"ix":6,"l":2}},"ao":0,"w":117,"h":160,"ip":0,"op":150.000006109625,"st":0,"bm":0},{"ddd":0,"ind":8,"ty":0,"nm":"L hand 1","parent":13,"refId":"comp_3","sr":1,"ks":{"o":{"a":0,"k":100,"ix":11},"r":{"k":[{"s":[354.787],"t":5,"i":{"x":[1],"y":[1]},"o":{"x":[0],"y":[0]}},{"s":[354.183],"t":6,"i":{"x":[1],"y":[1]},"o":{"x":[0],"y":[0]}},{"s":[350.478],"t":7,"i":{"x":[1],"y":[1]},"o":{"x":[0],"y":[0]}},{"s":[343.413],"t":8,"i":{"x":[1],"y":[1]},"o":{"x":[0],"y":[0]}},{"s":[335.795],"t":9,"i":{"x":[1],"y":[1]},"o":{"x":[0],"y":[0]}},{"s":[332.211],"t":10,"i":{"x":[1],"y":[1]},"o":{"x":[0],"y":[0]}},{"s":[332.211],"t":24,"i":{"x":[1],"y":[1]},"o":{"x":[0],"y":[0]}},{"s":[334.335],"t":25,"i":{"x":[1],"y":[1]},"o":{"x":[0],"y":[0]}},{"s":[338.983],"t":26,"i":{"x":[1],"y":[1]},"o":{"x":[0],"y":[0]}},{"s":[343.995],"t":27,"i":{"x":[1],"y":[1]},"o":{"x":[0],"y":[0]}},{"s":[347.91],"t":28,"i":{"x":[1],"y":[1]},"o":{"x":[0],"y":[0]}},{"s":[349.494],"t":29,"i":{"x":[1],"y":[1]},"o":{"x":[0],"y":[0]}},{"s":[349.494],"t":45,"i":{"x":[1],"y":[1]},"o":{"x":[0],"y":[0]}},{"s":[347.805],"t":46,"i":{"x":[1],"y":[1]},"o":{"x":[0],"y":[0]}},{"s":[342.686],"t":47,"i":{"x":[1],"y":[1]},"o":{"x":[0],"y":[0]}},{"s":[335.486],"t":48,"i":{"x":[1],"y":[1]},"o":{"x":[0],"y":[0]}},{"s":[329.354],"t":49,"i":{"x":[1],"y":[1]},"o":{"x":[0],"y":[0]}},{"s":[329.12],"t":51,"i":{"x":[1],"y":[1]},"o":{"x":[0],"y":[0]}},{"s":[330.387],"t":52,"i":{"x":[1],"y":[1]},"o":{"x":[0],"y":[0]}},{"s":[332.966],"t":53,"i":{"x":[1],"y":[1]},"o":{"x":[0],"y":[0]}},{"s":[336.583],"t":54,"i":{"x":[1],"y":[1]},"o":{"x":[0],"y":[0]}},{"s":[340.798],"t":55,"i":{"x":[1],"y":[1]},"o":{"x":[0],"y":[0]}},{"s":[345.252],"t":56,"i":{"x":[1],"y":[1]},"o":{"x":[0],"y":[0]}},{"s":[349.657],"t":57,"i":{"x":[1],"y":[1]},"o":{"x":[0],"y":[0]}},{"s":[353.811],"t":58,"i":{"x":[1],"y":[1]},"o":{"x":[0],"y":[0]}},{"s":[357.558],"t":59,"i":{"x":[1],"y":[1]},"o":{"x":[0],"y":[0]}},{"s":[360.752],"t":60,"i":{"x":[1],"y":[1]},"o":{"x":[0],"y":[0]}},{"s":[363.305],"t":61,"i":{"x":[1],"y":[1]},"o":{"x":[0],"y":[0]}},{"s":[365.134],"t":62,"i":{"x":[1],"y":[1]},"o":{"x":[0],"y":[0]}},{"s":[366.212],"t":63,"i":{"x":[1],"y":[1]},"o":{"x":[0],"y":[0]}}]},"p":{"a":0,"k":[15.6,44.617,0],"ix":2,"l":2},"a":{"a":0,"k":[27.841,17.53,0],"ix":1,"l":2},"s":{"a":0,"k":[100,100,100],"ix":6,"l":2}},"ao":0,"ef":[{"ty":5,"nm":"IK","np":3,"mn":"Pseudo/DUIK ik","ix":1,"en":1,"ef":[{"ty":10,"nm":"Controller","mn":"Pseudo/DUIK ik-0001","ix":1,"v":{"a":0,"k":5,"ix":1}}]}],"w":51,"h":123,"ip":0,"op":150.000006109625,"st":0,"bm":0},{"ddd":0,"ind":9,"ty":2,"nm":"L hand 11","parent":8,"refId":"image_15","sr":1,"ks":{"o":{"a":0,"k":100,"ix":11},"r":{"k":[{"s":[-41.597],"t":5,"i":{"x":[1],"y":[1]},"o":{"x":[0],"y":[0]}},{"s":[-45.798],"t":6,"i":{"x":[1],"y":[1]},"o":{"x":[0],"y":[0]}},{"s":[-51.818],"t":7,"i":{"x":[1],"y":[1]},"o":{"x":[0],"y":[0]}},{"s":[-54.137],"t":8,"i":{"x":[1],"y":[1]},"o":{"x":[0],"y":[0]}},{"s":[-52.575],"t":9,"i":{"x":[1],"y":[1]},"o":{"x":[0],"y":[0]}},{"s":[-51.01],"t":10,"i":{"x":[1],"y":[1]},"o":{"x":[0],"y":[0]}},{"s":[-51.01],"t":24,"i":{"x":[1],"y":[1]},"o":{"x":[0],"y":[0]}},{"s":[-55.053],"t":25,"i":{"x":[1],"y":[1]},"o":{"x":[0],"y":[0]}},{"s":[-63.786],"t":26,"i":{"x":[1],"y":[1]},"o":{"x":[0],"y":[0]}},{"s":[-73.006],"t":27,"i":{"x":[1],"y":[1]},"o":{"x":[0],"y":[0]}},{"s":[-80.043],"t":28,"i":{"x":[1],"y":[1]},"o":{"x":[0],"y":[0]}},{"s":[-82.846],"t":29,"i":{"x":[1],"y":[1]},"o":{"x":[0],"y":[0]}},{"s":[-82.846],"t":45,"i":{"x":[1],"y":[1]},"o":{"x":[0],"y":[0]}},{"s":[-78.292],"t":46,"i":{"x":[1],"y":[1]},"o":{"x":[0],"y":[0]}},{"s":[-66.263],"t":47,"i":{"x":[1],"y":[1]},"o":{"x":[0],"y":[0]}},{"s":[-49.084],"t":48,"i":{"x":[1],"y":[1]},"o":{"x":[0],"y":[0]}},{"s":[-32.166],"t":49,"i":{"x":[1],"y":[1]},"o":{"x":[0],"y":[0]}},{"s":[-28.055],"t":50,"i":{"x":[1],"y":[1]},"o":{"x":[0],"y":[0]}},{"s":[-27.813],"t":51,"i":{"x":[1],"y":[1]},"o":{"x":[0],"y":[0]}},{"s":[-28.16],"t":52,"i":{"x":[1],"y":[1]},"o":{"x":[0],"y":[0]}},{"s":[-30.044],"t":53,"i":{"x":[1],"y":[1]},"o":{"x":[0],"y":[0]}},{"s":[-33.139],"t":54,"i":{"x":[1],"y":[1]},"o":{"x":[0],"y":[0]}},{"s":[-36.734],"t":55,"i":{"x":[1],"y":[1]},"o":{"x":[0],"y":[0]}},{"s":[-40.263],"t":56,"i":{"x":[1],"y":[1]},"o":{"x":[0],"y":[0]}},{"s":[-43.36],"t":57,"i":{"x":[1],"y":[1]},"o":{"x":[0],"y":[0]}},{"s":[-45.835],"t":58,"i":{"x":[1],"y":[1]},"o":{"x":[0],"y":[0]}},{"s":[-47.616],"t":59,"i":{"x":[1],"y":[1]},"o":{"x":[0],"y":[0]}},{"s":[-48.712],"t":60,"i":{"x":[1],"y":[1]},"o":{"x":[0],"y":[0]}},{"s":[-49.21],"t":61,"i":{"x":[1],"y":[1]},"o":{"x":[0],"y":[0]}},{"s":[-49.249],"t":62,"i":{"x":[1],"y":[1]},"o":{"x":[0],"y":[0]}},{"s":[-49.035],"t":63,"i":{"x":[1],"y":[1]},"o":{"x":[0],"y":[0]}},{"s":[-48.883],"t":64,"i":{"x":[1],"y":[1]},"o":{"x":[0],"y":[0]}}]},"p":{"k":[{"s":[21.475,106.612,0],"t":0,"i":{"x":1,"y":1},"o":{"x":0,"y":0}},{"s":[21.475,106.612,0],"t":130,"i":{"x":1,"y":1},"o":{"x":0,"y":0}}],"l":2},"a":{"a":0,"k":[16.014,9.389,0],"ix":1,"l":2},"s":{"a":0,"k":[100,100,100],"ix":6,"l":2}},"ao":0,"ef":[{"ty":5,"nm":"IK","np":3,"mn":"Pseudo/DUIK ik","ix":1,"en":1,"ef":[{"ty":10,"nm":"Controller","mn":"Pseudo/DUIK ik-0001","ix":1,"v":{"a":0,"k":5,"ix":1}}]}],"ip":0,"op":150.000006109625,"st":0,"bm":0},{"ddd":0,"ind":10,"ty":2,"nm":"L hand 111","parent":9,"refId":"image_16","sr":1,"ks":{"o":{"a":0,"k":100,"ix":11},"r":{"k":[{"s":[13.102],"t":5,"i":{"x":[1],"y":[1]},"o":{"x":[0],"y":[0]}},{"s":[-4.242],"t":6,"i":{"x":[1],"y":[1]},"o":{"x":[0],"y":[0]}},{"s":[5.461],"t":7,"i":{"x":[1],"y":[1]},"o":{"x":[0],"y":[0]}},{"s":[14.778],"t":8,"i":{"x":[1],"y":[1]},"o":{"x":[0],"y":[0]}},{"s":[20.725],"t":9,"i":{"x":[1],"y":[1]},"o":{"x":[0],"y":[0]}},{"s":[22.596],"t":10,"i":{"x":[1],"y":[1]},"o":{"x":[0],"y":[0]}},{"s":[22.413],"t":11,"i":{"x":[1],"y":[1]},"o":{"x":[0],"y":[0]}},{"s":[22.194],"t":12,"i":{"x":[1],"y":[1]},"o":{"x":[0],"y":[0]}},{"s":[21.944],"t":13,"i":{"x":[1],"y":[1]},"o":{"x":[0],"y":[0]}},{"s":[21.664],"t":14,"i":{"x":[1],"y":[1]},"o":{"x":[0],"y":[0]}},{"s":[21.357],"t":15,"i":{"x":[1],"y":[1]},"o":{"x":[0],"y":[0]}},{"s":[21.025],"t":16,"i":{"x":[1],"y":[1]},"o":{"x":[0],"y":[0]}},{"s":[20.67],"t":17,"i":{"x":[1],"y":[1]},"o":{"x":[0],"y":[0]}},{"s":[20.295],"t":18,"i":{"x":[1],"y":[1]},"o":{"x":[0],"y":[0]}},{"s":[19.903],"t":19,"i":{"x":[1],"y":[1]},"o":{"x":[0],"y":[0]}},{"s":[19.495],"t":20,"i":{"x":[1],"y":[1]},"o":{"x":[0],"y":[0]}},{"s":[19.073],"t":21,"i":{"x":[1],"y":[1]},"o":{"x":[0],"y":[0]}},{"s":[18.642],"t":22,"i":{"x":[1],"y":[1]},"o":{"x":[0],"y":[0]}},{"s":[18.202],"t":23,"i":{"x":[1],"y":[1]},"o":{"x":[0],"y":[0]}},{"s":[17.756],"t":24,"i":{"x":[1],"y":[1]},"o":{"x":[0],"y":[0]}},{"s":[19.226],"t":25,"i":{"x":[1],"y":[1]},"o":{"x":[0],"y":[0]}},{"s":[22.861],"t":26,"i":{"x":[1],"y":[1]},"o":{"x":[0],"y":[0]}},{"s":[26.619],"t":27,"i":{"x":[1],"y":[1]},"o":{"x":[0],"y":[0]}},{"s":[29.296],"t":28,"i":{"x":[1],"y":[1]},"o":{"x":[0],"y":[0]}},{"s":[30.074],"t":29,"i":{"x":[1],"y":[1]},"o":{"x":[0],"y":[0]}},{"s":[29.642],"t":30,"i":{"x":[1],"y":[1]},"o":{"x":[0],"y":[0]}},{"s":[29.221],"t":31,"i":{"x":[1],"y":[1]},"o":{"x":[0],"y":[0]}},{"s":[28.813],"t":32,"i":{"x":[1],"y":[1]},"o":{"x":[0],"y":[0]}},{"s":[28.42],"t":33,"i":{"x":[1],"y":[1]},"o":{"x":[0],"y":[0]}},{"s":[28.046],"t":34,"i":{"x":[1],"y":[1]},"o":{"x":[0],"y":[0]}},{"s":[27.691],"t":35,"i":{"x":[1],"y":[1]},"o":{"x":[0],"y":[0]}},{"s":[27.359],"t":36,"i":{"x":[1],"y":[1]},"o":{"x":[0],"y":[0]}},{"s":[27.052],"t":37,"i":{"x":[1],"y":[1]},"o":{"x":[0],"y":[0]}},{"s":[26.772],"t":38,"i":{"x":[1],"y":[1]},"o":{"x":[0],"y":[0]}},{"s":[26.521],"t":39,"i":{"x":[1],"y":[1]},"o":{"x":[0],"y":[0]}},{"s":[26.303],"t":40,"i":{"x":[1],"y":[1]},"o":{"x":[0],"y":[0]}},{"s":[26.119],"t":41,"i":{"x":[1],"y":[1]},"o":{"x":[0],"y":[0]}},{"s":[25.972],"t":42,"i":{"x":[1],"y":[1]},"o":{"x":[0],"y":[0]}},{"s":[25.864],"t":43,"i":{"x":[1],"y":[1]},"o":{"x":[0],"y":[0]}},{"s":[25.797],"t":44,"i":{"x":[1],"y":[1]},"o":{"x":[0],"y":[0]}},{"s":[25.774],"t":45,"i":{"x":[1],"y":[1]},"o":{"x":[0],"y":[0]}},{"s":[56.78],"t":46,"i":{"x":[1],"y":[1]},"o":{"x":[0],"y":[0]}},{"s":[49.87],"t":47,"i":{"x":[1],"y":[1]},"o":{"x":[0],"y":[0]}},{"s":[39.891],"t":48,"i":{"x":[1],"y":[1]},"o":{"x":[0],"y":[0]}},{"s":[29.105],"t":49,"i":{"x":[1],"y":[1]},"o":{"x":[0],"y":[0]}},{"s":[25.5],"t":50,"i":{"x":[1],"y":[1]},"o":{"x":[0],"y":[0]}},{"s":[24.986],"t":51,"i":{"x":[1],"y":[1]},"o":{"x":[0],"y":[0]}},{"s":[24.066],"t":52,"i":{"x":[1],"y":[1]},"o":{"x":[0],"y":[0]}},{"s":[23.371],"t":53,"i":{"x":[1],"y":[1]},"o":{"x":[0],"y":[0]}},{"s":[22.849],"t":54,"i":{"x":[1],"y":[1]},"o":{"x":[0],"y":[0]}},{"s":[22.228],"t":55,"i":{"x":[1],"y":[1]},"o":{"x":[0],"y":[0]}},{"s":[21.304],"t":56,"i":{"x":[1],"y":[1]},"o":{"x":[0],"y":[0]}},{"s":[19.996],"t":57,"i":{"x":[1],"y":[1]},"o":{"x":[0],"y":[0]}},{"s":[18.316],"t":58,"i":{"x":[1],"y":[1]},"o":{"x":[0],"y":[0]}},{"s":[16.351],"t":59,"i":{"x":[1],"y":[1]},"o":{"x":[0],"y":[0]}},{"s":[14.253],"t":60,"i":{"x":[1],"y":[1]},"o":{"x":[0],"y":[0]}},{"s":[12.198],"t":61,"i":{"x":[1],"y":[1]},"o":{"x":[0],"y":[0]}},{"s":[10.408],"t":62,"i":{"x":[1],"y":[1]},"o":{"x":[0],"y":[0]}},{"s":[9.115],"t":63,"i":{"x":[1],"y":[1]},"o":{"x":[0],"y":[0]}},{"s":[8.618],"t":64,"i":{"x":[1],"y":[1]},"o":{"x":[0],"y":[0]}}]},"p":{"k":[{"s":[14.023,92.736,0],"t":0,"i":{"x":1,"y":1},"o":{"x":0,"y":0}},{"s":[14.023,92.736,0],"t":130,"i":{"x":1,"y":1},"o":{"x":0,"y":0}}],"l":2},"a":{"a":0,"k":[7.696,7.781,0],"ix":1,"l":2},"s":{"a":0,"k":[100,100,100],"ix":6,"l":2}},"ao":0,"ef":[{"ty":5,"nm":"IK","np":3,"mn":"Pseudo/DUIK ik","ix":1,"en":1,"ef":[{"ty":10,"nm":"Controller","mn":"Pseudo/DUIK ik-0001","ix":1,"v":{"a":0,"k":5,"ix":1}}]}],"ip":0,"op":150.000006109625,"st":0,"bm":0},{"ddd":0,"ind":11,"ty":2,"nm":"neck","parent":13,"refId":"image_17","sr":1,"ks":{"o":{"a":0,"k":100,"ix":11},"r":{"a":0,"k":0,"ix":10},"p":{"a":0,"k":[84.242,8.447,0],"ix":2,"l":2},"a":{"a":0,"k":[17.445,46.355,0],"ix":1,"l":2},"s":{"a":0,"k":[100,100,100],"ix":6,"l":2}},"ao":0,"ip":0,"op":150.000006109625,"st":0,"bm":0},{"ddd":0,"ind":13,"ty":0,"nm":"body","parent":14,"refId":"comp_4","sr":1,"ks":{"o":{"a":0,"k":100,"ix":11},"r":{"a":0,"k":0,"ix":10},"p":{"a":0,"k":[57.276,11.561,0],"ix":2,"l":2},"a":{"a":0,"k":[87.594,196.08,0],"ix":1,"l":2},"s":{"a":0,"k":[100,100,100],"ix":6,"l":2}},"ao":0,"w":160,"h":216,"ip":0,"op":150.000006109625,"st":0,"bm":0},{"ddd":0,"ind":14,"ty":2,"nm":"body down","parent":3,"refId":"image_20","sr":1,"ks":{"o":{"a":0,"k":100,"ix":11},"r":{"a":0,"k":0,"ix":10},"p":{"a":0,"k":[0,0,0],"ix":2,"l":2},"a":{"a":0,"k":[55.512,27.228,0],"ix":1,"l":2},"s":{"a":0,"k":[100,100,100],"ix":6,"l":2}},"ao":0,"ef":[{"ty":21,"nm":"Fill","np":9,"mn":"ADBE Fill","ix":1,"en":1,"ef":[{"ty":10,"nm":"Fill Mask","mn":"ADBE Fill-0001","ix":1,"v":{"a":0,"k":0,"ix":1}},{"ty":7,"nm":"All Masks","mn":"ADBE Fill-0007","ix":2,"v":{"a":0,"k":0,"ix":2}},{"ty":2,"nm":"Color","mn":"ADBE Fill-0002","ix":3,"v":{"a":0,"k":[0.501960813999,0.501960813999,0.501960813999,1],"ix":3}},{"ty":7,"nm":"Invert","mn":"ADBE Fill-0006","ix":4,"v":{"a":0,"k":0,"ix":4}},{"ty":0,"nm":"Horizontal Feather","mn":"ADBE Fill-0003","ix":5,"v":{"a":0,"k":0,"ix":5}},{"ty":0,"nm":"Vertical Feather","mn":"ADBE Fill-0004","ix":6,"v":{"a":0,"k":0,"ix":6}},{"ty":0,"nm":"Opacity","mn":"ADBE Fill-0005","ix":7,"v":{"a":0,"k":1,"ix":7}}]}],"ip":0,"op":150.000006109625,"st":0,"bm":0},{"ddd":0,"ind":15,"ty":2,"nm":"L leg 1","parent":14,"refId":"image_21","sr":1,"ks":{"o":{"a":0,"k":100,"ix":11},"r":{"k":[{"s":[-39.328],"t":0,"i":{"x":[1],"y":[1]},"o":{"x":[0],"y":[0]}},{"s":[-39.328],"t":130,"i":{"x":[1],"y":[1]},"o":{"x":[0],"y":[0]}}]},"p":{"a":0,"k":[28.228,29.348,0],"ix":2,"l":2},"a":{"a":0,"k":[28.131,27.282,0],"ix":1,"l":2},"s":{"a":0,"k":[100,100,100],"ix":6,"l":2}},"ao":0,"ef":[{"ty":5,"nm":"IK","np":3,"mn":"Pseudo/DUIK ik","ix":1,"en":1,"ef":[{"ty":10,"nm":"Controller","mn":"Pseudo/DUIK ik-0001","ix":1,"v":{"a":0,"k":2,"ix":1}}]},{"ty":21,"nm":"Fill","np":9,"mn":"ADBE Fill","ix":2,"en":1,"ef":[{"ty":10,"nm":"Fill Mask","mn":"ADBE Fill-0001","ix":1,"v":{"a":0,"k":0,"ix":1}},{"ty":7,"nm":"All Masks","mn":"ADBE Fill-0007","ix":2,"v":{"a":0,"k":0,"ix":2}},{"ty":2,"nm":"Color","mn":"ADBE Fill-0002","ix":3,"v":{"a":0,"k":[0.501960813999,0.501960813999,0.501960813999,1],"ix":3}},{"ty":7,"nm":"Invert","mn":"ADBE Fill-0006","ix":4,"v":{"a":0,"k":0,"ix":4}},{"ty":0,"nm":"Horizontal Feather","mn":"ADBE Fill-0003","ix":5,"v":{"a":0,"k":0,"ix":5}},{"ty":0,"nm":"Vertical Feather","mn":"ADBE Fill-0004","ix":6,"v":{"a":0,"k":0,"ix":6}},{"ty":0,"nm":"Opacity","mn":"ADBE Fill-0005","ix":7,"v":{"a":0,"k":1,"ix":7}}]}],"ip":0,"op":150.000006109625,"st":0,"bm":0},{"ddd":0,"ind":16,"ty":2,"nm":"L leg 11","parent":15,"refId":"image_22","sr":1,"ks":{"o":{"a":0,"k":100,"ix":11},"r":{"k":[{"s":[54.548],"t":0,"i":{"x":[1],"y":[1]},"o":{"x":[0],"y":[0]}},{"s":[54.548],"t":130,"i":{"x":[1],"y":[1]},"o":{"x":[0],"y":[0]}}]},"p":{"k":[{"s":[26.794,167.135,0],"t":0,"i":{"x":1,"y":1},"o":{"x":0,"y":0}},{"s":[26.794,167.135,0],"t":130,"i":{"x":1,"y":1},"o":{"x":0,"y":0}}],"l":2},"a":{"a":0,"k":[23.11,13.364,0],"ix":1,"l":2},"s":{"a":0,"k":[100,100,100],"ix":6,"l":2}},"ao":0,"ef":[{"ty":5,"nm":"IK","np":3,"mn":"Pseudo/DUIK ik","ix":1,"en":1,"ef":[{"ty":10,"nm":"Controller","mn":"Pseudo/DUIK ik-0001","ix":1,"v":{"a":0,"k":2,"ix":1}}]},{"ty":21,"nm":"Fill","np":9,"mn":"ADBE Fill","ix":2,"en":1,"ef":[{"ty":10,"nm":"Fill Mask","mn":"ADBE Fill-0001","ix":1,"v":{"a":0,"k":0,"ix":1}},{"ty":7,"nm":"All Masks","mn":"ADBE Fill-0007","ix":2,"v":{"a":0,"k":0,"ix":2}},{"ty":2,"nm":"Color","mn":"ADBE Fill-0002","ix":3,"v":{"a":0,"k":[0.501960813999,0.501960813999,0.501960813999,1],"ix":3}},{"ty":7,"nm":"Invert","mn":"ADBE Fill-0006","ix":4,"v":{"a":0,"k":0,"ix":4}},{"ty":0,"nm":"Horizontal Feather","mn":"ADBE Fill-0003","ix":5,"v":{"a":0,"k":0,"ix":5}},{"ty":0,"nm":"Vertical Feather","mn":"ADBE Fill-0004","ix":6,"v":{"a":0,"k":0,"ix":6}},{"ty":0,"nm":"Opacity","mn":"ADBE Fill-0005","ix":7,"v":{"a":0,"k":1,"ix":7}}]}],"ip":0,"op":150.000006109625,"st":0,"bm":0},{"ddd":0,"ind":17,"ty":2,"nm":"L shoes 111","parent":16,"refId":"image_23","sr":1,"ks":{"o":{"a":0,"k":100,"ix":11},"r":{"k":[{"s":[1.056],"t":0,"i":{"x":[1],"y":[1]},"o":{"x":[0],"y":[0]}},{"s":[1.056],"t":130,"i":{"x":[1],"y":[1]},"o":{"x":[0],"y":[0]}}]},"p":{"k":[{"s":[23.062,175.846,0],"t":0,"i":{"x":1,"y":1},"o":{"x":0,"y":0}},{"s":[23.062,175.846,0],"t":130,"i":{"x":1,"y":1},"o":{"x":0,"y":0}}],"l":2},"a":{"a":0,"k":[12.302,17.809,0],"ix":1,"l":2},"s":{"a":0,"k":[100,100,100],"ix":6,"l":2}},"ao":0,"ef":[{"ty":5,"nm":"IK","np":3,"mn":"Pseudo/DUIK ik","ix":1,"en":1,"ef":[{"ty":10,"nm":"Controller","mn":"Pseudo/DUIK ik-0001","ix":1,"v":{"a":0,"k":2,"ix":1}}]}],"ip":0,"op":150.000006109625,"st":0,"bm":0},{"ddd":0,"ind":18,"ty":2,"nm":"R leg 1","parent":14,"refId":"image_24","sr":1,"ks":{"o":{"a":0,"k":100,"ix":11},"r":{"k":[{"s":[674.757],"t":0,"i":{"x":[1],"y":[1]},"o":{"x":[0],"y":[0]}},{"s":[674.757],"t":130,"i":{"x":[1],"y":[1]},"o":{"x":[0],"y":[0]}}]},"p":{"a":0,"k":[85.046,30.598,0],"ix":2,"l":2},"a":{"a":0,"k":[29.867,25.014,0],"ix":1,"l":2},"s":{"a":0,"k":[100,100,100],"ix":6,"l":2}},"ao":0,"ef":[{"ty":5,"nm":"IK","np":3,"mn":"Pseudo/DUIK ik","ix":1,"en":1,"ef":[{"ty":10,"nm":"Controller","mn":"Pseudo/DUIK ik-0001","ix":1,"v":{"a":0,"k":0,"ix":1}}]},{"ty":5,"nm":"IK 2","np":3,"mn":"Pseudo/DUIK ik","ix":2,"en":1,"ef":[{"ty":10,"nm":"Controller","mn":"Pseudo/DUIK ik-0001","ix":1,"v":{"a":0,"k":0,"ix":1}}]},{"ty":5,"nm":"IK 3","np":3,"mn":"Pseudo/DUIK ik","ix":3,"en":1,"ef":[{"ty":10,"nm":"Controller","mn":"Pseudo/DUIK ik-0001","ix":1,"v":{"a":0,"k":1,"ix":1}}]},{"ty":21,"nm":"Fill","np":9,"mn":"ADBE Fill","ix":4,"en":1,"ef":[{"ty":10,"nm":"Fill Mask","mn":"ADBE Fill-0001","ix":1,"v":{"a":0,"k":0,"ix":1}},{"ty":7,"nm":"All Masks","mn":"ADBE Fill-0007","ix":2,"v":{"a":0,"k":0,"ix":2}},{"ty":2,"nm":"Color","mn":"ADBE Fill-0002","ix":3,"v":{"a":0,"k":[0.501960813999,0.501960813999,0.501960813999,1],"ix":3}},{"ty":7,"nm":"Invert","mn":"ADBE Fill-0006","ix":4,"v":{"a":0,"k":0,"ix":4}},{"ty":0,"nm":"Horizontal Feather","mn":"ADBE Fill-0003","ix":5,"v":{"a":0,"k":0,"ix":5}},{"ty":0,"nm":"Vertical Feather","mn":"ADBE Fill-0004","ix":6,"v":{"a":0,"k":0,"ix":6}},{"ty":0,"nm":"Opacity","mn":"ADBE Fill-0005","ix":7,"v":{"a":0,"k":1,"ix":7}}]}],"ip":0,"op":150.000006109625,"st":0,"bm":0},{"ddd":0,"ind":19,"ty":2,"nm":"R leg 11","parent":18,"refId":"image_25","sr":1,"ks":{"o":{"a":0,"k":100,"ix":11},"r":{"k":[{"s":[59.565],"t":0,"i":{"x":[1],"y":[1]},"o":{"x":[0],"y":[0]}},{"s":[59.565],"t":130,"i":{"x":[1],"y":[1]},"o":{"x":[0],"y":[0]}}]},"p":{"k":[{"s":[28.176,167.782,0],"t":0,"i":{"x":1,"y":1},"o":{"x":0,"y":0}},{"s":[28.176,167.782,0],"t":130,"i":{"x":1,"y":1},"o":{"x":0,"y":0}}],"l":2},"a":{"a":0,"k":[24.095,15.001,0],"ix":1,"l":2},"s":{"a":0,"k":[100,100,100],"ix":6,"l":2}},"ao":0,"ef":[{"ty":5,"nm":"IK","np":3,"mn":"Pseudo/DUIK ik","ix":1,"en":1,"ef":[{"ty":10,"nm":"Controller","mn":"Pseudo/DUIK ik-0001","ix":1,"v":{"a":0,"k":0,"ix":1}}]},{"ty":5,"nm":"IK 2","np":3,"mn":"Pseudo/DUIK ik","ix":2,"en":1,"ef":[{"ty":10,"nm":"Controller","mn":"Pseudo/DUIK ik-0001","ix":1,"v":{"a":0,"k":0,"ix":1}}]},{"ty":5,"nm":"IK 3","np":3,"mn":"Pseudo/DUIK ik","ix":3,"en":1,"ef":[{"ty":10,"nm":"Controller","mn":"Pseudo/DUIK ik-0001","ix":1,"v":{"a":0,"k":1,"ix":1}}]},{"ty":21,"nm":"Fill","np":9,"mn":"ADBE Fill","ix":4,"en":1,"ef":[{"ty":10,"nm":"Fill Mask","mn":"ADBE Fill-0001","ix":1,"v":{"a":0,"k":0,"ix":1}},{"ty":7,"nm":"All Masks","mn":"ADBE Fill-0007","ix":2,"v":{"a":0,"k":0,"ix":2}},{"ty":2,"nm":"Color","mn":"ADBE Fill-0002","ix":3,"v":{"a":0,"k":[0.501960813999,0.501960813999,0.501960813999,1],"ix":3}},{"ty":7,"nm":"Invert","mn":"ADBE Fill-0006","ix":4,"v":{"a":0,"k":0,"ix":4}},{"ty":0,"nm":"Horizontal Feather","mn":"ADBE Fill-0003","ix":5,"v":{"a":0,"k":0,"ix":5}},{"ty":0,"nm":"Vertical Feather","mn":"ADBE Fill-0004","ix":6,"v":{"a":0,"k":0,"ix":6}},{"ty":0,"nm":"Opacity","mn":"ADBE Fill-0005","ix":7,"v":{"a":0,"k":1,"ix":7}}]},{"ty":21,"nm":"Fill 2","np":9,"mn":"ADBE Fill","ix":5,"en":1,"ef":[{"ty":10,"nm":"Fill Mask","mn":"ADBE Fill-0001","ix":1,"v":{"a":0,"k":0,"ix":1}},{"ty":7,"nm":"All Masks","mn":"ADBE Fill-0007","ix":2,"v":{"a":0,"k":0,"ix":2}},{"ty":2,"nm":"Color","mn":"ADBE Fill-0002","ix":3,"v":{"a":0,"k":[0.501960813999,0.501960813999,0.501960813999,1],"ix":3}},{"ty":7,"nm":"Invert","mn":"ADBE Fill-0006","ix":4,"v":{"a":0,"k":0,"ix":4}},{"ty":0,"nm":"Horizontal Feather","mn":"ADBE Fill-0003","ix":5,"v":{"a":0,"k":0,"ix":5}},{"ty":0,"nm":"Vertical Feather","mn":"ADBE Fill-0004","ix":6,"v":{"a":0,"k":0,"ix":6}},{"ty":0,"nm":"Opacity","mn":"ADBE Fill-0005","ix":7,"v":{"a":0,"k":1,"ix":7}}]}],"ip":0,"op":150.000006109625,"st":0,"bm":0},{"ddd":0,"ind":20,"ty":2,"nm":"R shoes 111","parent":19,"refId":"image_26","sr":1,"ks":{"o":{"a":0,"k":100,"ix":11},"r":{"k":[{"s":[726.588],"t":0,"i":{"x":[1],"y":[1]},"o":{"x":[0],"y":[0]}},{"s":[726.588],"t":130,"i":{"x":[1],"y":[1]},"o":{"x":[0],"y":[0]}}]},"p":{"k":[{"s":[24.336,172.8,0],"t":0,"i":{"x":1,"y":1},"o":{"x":0,"y":0}},{"s":[24.336,172.8,0],"t":130,"i":{"x":1,"y":1},"o":{"x":0,"y":0}}],"l":2},"a":{"a":0,"k":[12.03,14.763,0],"ix":1,"l":2},"s":{"a":0,"k":[100,100,100],"ix":6,"l":2}},"ao":0,"ef":[{"ty":5,"nm":"IK","np":3,"mn":"Pseudo/DUIK ik","ix":1,"en":1,"ef":[{"ty":10,"nm":"Controller","mn":"Pseudo/DUIK ik-0001","ix":1,"v":{"a":0,"k":0,"ix":1}}]},{"ty":5,"nm":"IK 2","np":3,"mn":"Pseudo/DUIK ik","ix":2,"en":1,"ef":[{"ty":10,"nm":"Controller","mn":"Pseudo/DUIK ik-0001","ix":1,"v":{"a":0,"k":0,"ix":1}}]},{"ty":5,"nm":"IK 3","np":3,"mn":"Pseudo/DUIK ik","ix":3,"en":1,"ef":[{"ty":10,"nm":"Controller","mn":"Pseudo/DUIK ik-0001","ix":1,"v":{"a":0,"k":1,"ix":1}}]}],"ip":0,"op":150.000006109625,"st":0,"bm":0},{"ddd":0,"ind":21,"ty":0,"nm":"R hand 1","parent":13,"refId":"comp_5","sr":1,"ks":{"o":{"a":0,"k":100,"ix":11},"r":{"k":[{"s":[13.891],"t":5,"i":{"x":[1],"y":[1]},"o":{"x":[0],"y":[0]}},{"s":[15.662],"t":6,"i":{"x":[1],"y":[1]},"o":{"x":[0],"y":[0]}},{"s":[12.165],"t":7,"i":{"x":[1],"y":[1]},"o":{"x":[0],"y":[0]}},{"s":[7.176],"t":8,"i":{"x":[1],"y":[1]},"o":{"x":[0],"y":[0]}},{"s":[2.249],"t":9,"i":{"x":[1],"y":[1]},"o":{"x":[0],"y":[0]}},{"s":[-0.377],"t":10,"i":{"x":[1],"y":[1]},"o":{"x":[0],"y":[0]}},{"s":[-0.377],"t":24,"i":{"x":[1],"y":[1]},"o":{"x":[0],"y":[0]}},{"s":[-0.551],"t":25,"i":{"x":[1],"y":[1]},"o":{"x":[0],"y":[0]}},{"s":[-1.47],"t":26,"i":{"x":[1],"y":[1]},"o":{"x":[0],"y":[0]}},{"s":[-2.744],"t":27,"i":{"x":[1],"y":[1]},"o":{"x":[0],"y":[0]}},{"s":[-4.006],"t":28,"i":{"x":[1],"y":[1]},"o":{"x":[0],"y":[0]}},{"s":[-4.679],"t":29,"i":{"x":[1],"y":[1]},"o":{"x":[0],"y":[0]}},{"s":[-4.679],"t":45,"i":{"x":[1],"y":[1]},"o":{"x":[0],"y":[0]}},{"s":[-5.132],"t":46,"i":{"x":[1],"y":[1]},"o":{"x":[0],"y":[0]}},{"s":[-7.05],"t":47,"i":{"x":[1],"y":[1]},"o":{"x":[0],"y":[0]}},{"s":[-9.413],"t":48,"i":{"x":[1],"y":[1]},"o":{"x":[0],"y":[0]}},{"s":[-11.142],"t":49,"i":{"x":[1],"y":[1]},"o":{"x":[0],"y":[0]}},{"s":[-11.299],"t":50,"i":{"x":[1],"y":[1]},"o":{"x":[0],"y":[0]}},{"s":[-9.064],"t":51,"i":{"x":[1],"y":[1]},"o":{"x":[0],"y":[0]}},{"s":[-5.602],"t":52,"i":{"x":[1],"y":[1]},"o":{"x":[0],"y":[0]}},{"s":[-2.171],"t":53,"i":{"x":[1],"y":[1]},"o":{"x":[0],"y":[0]}},{"s":[0.987],"t":54,"i":{"x":[1],"y":[1]},"o":{"x":[0],"y":[0]}},{"s":[3.837],"t":55,"i":{"x":[1],"y":[1]},"o":{"x":[0],"y":[0]}},{"s":[6.386],"t":56,"i":{"x":[1],"y":[1]},"o":{"x":[0],"y":[0]}},{"s":[8.646],"t":57,"i":{"x":[1],"y":[1]},"o":{"x":[0],"y":[0]}},{"s":[10.627],"t":58,"i":{"x":[1],"y":[1]},"o":{"x":[0],"y":[0]}},{"s":[12.329],"t":59,"i":{"x":[1],"y":[1]},"o":{"x":[0],"y":[0]}},{"s":[13.752],"t":60,"i":{"x":[1],"y":[1]},"o":{"x":[0],"y":[0]}},{"s":[14.885],"t":61,"i":{"x":[1],"y":[1]},"o":{"x":[0],"y":[0]}},{"s":[15.705],"t":62,"i":{"x":[1],"y":[1]},"o":{"x":[0],"y":[0]}},{"s":[16.17],"t":63,"i":{"x":[1],"y":[1]},"o":{"x":[0],"y":[0]}},{"s":[16.256],"t":64,"i":{"x":[1],"y":[1]},"o":{"x":[0],"y":[0]}},{"s":[14.637],"t":65,"i":{"x":[1],"y":[1]},"o":{"x":[0],"y":[0]}},{"s":[13.257],"t":66,"i":{"x":[1],"y":[1]},"o":{"x":[0],"y":[0]}},{"s":[11.849],"t":67,"i":{"x":[1],"y":[1]},"o":{"x":[0],"y":[0]}},{"s":[10.397],"t":68,"i":{"x":[1],"y":[1]},"o":{"x":[0],"y":[0]}},{"s":[8.907],"t":69,"i":{"x":[1],"y":[1]},"o":{"x":[0],"y":[0]}},{"s":[7.398],"t":70,"i":{"x":[1],"y":[1]},"o":{"x":[0],"y":[0]}},{"s":[5.887],"t":71,"i":{"x":[1],"y":[1]},"o":{"x":[0],"y":[0]}},{"s":[4.397],"t":72,"i":{"x":[1],"y":[1]},"o":{"x":[0],"y":[0]}},{"s":[2.964],"t":73,"i":{"x":[1],"y":[1]},"o":{"x":[0],"y":[0]}},{"s":[1.628],"t":74,"i":{"x":[1],"y":[1]},"o":{"x":[0],"y":[0]}},{"s":[0.448],"t":75,"i":{"x":[1],"y":[1]},"o":{"x":[0],"y":[0]}},{"s":[-0.507],"t":76,"i":{"x":[1],"y":[1]},"o":{"x":[0],"y":[0]}},{"s":[-1.151],"t":77,"i":{"x":[1],"y":[1]},"o":{"x":[0],"y":[0]}},{"s":[-1.393],"t":78,"i":{"x":[1],"y":[1]},"o":{"x":[0],"y":[0]}},{"s":[-2.914],"t":79,"i":{"x":[1],"y":[1]},"o":{"x":[0],"y":[0]}},{"s":[-4.011],"t":80,"i":{"x":[1],"y":[1]},"o":{"x":[0],"y":[0]}},{"s":[-4.868],"t":81,"i":{"x":[1],"y":[1]},"o":{"x":[0],"y":[0]}},{"s":[-5.592],"t":82,"i":{"x":[1],"y":[1]},"o":{"x":[0],"y":[0]}},{"s":[-6.243],"t":83,"i":{"x":[1],"y":[1]},"o":{"x":[0],"y":[0]}},{"s":[-6.846],"t":84,"i":{"x":[1],"y":[1]},"o":{"x":[0],"y":[0]}},{"s":[-7.41],"t":85,"i":{"x":[1],"y":[1]},"o":{"x":[0],"y":[0]}},{"s":[-7.929],"t":86,"i":{"x":[1],"y":[1]},"o":{"x":[0],"y":[0]}},{"s":[-8.382],"t":87,"i":{"x":[1],"y":[1]},"o":{"x":[0],"y":[0]}},{"s":[-8.631],"t":88,"i":{"x":[1],"y":[1]},"o":{"x":[0],"y":[0]}},{"s":[-7.976],"t":89,"i":{"x":[1],"y":[1]},"o":{"x":[0],"y":[0]}},{"s":[-7.107],"t":90,"i":{"x":[1],"y":[1]},"o":{"x":[0],"y":[0]}},{"s":[-6.371],"t":91,"i":{"x":[1],"y":[1]},"o":{"x":[0],"y":[0]}},{"s":[-5.776],"t":92,"i":{"x":[1],"y":[1]},"o":{"x":[0],"y":[0]}},{"s":[-5.338],"t":93,"i":{"x":[1],"y":[1]},"o":{"x":[0],"y":[0]}},{"s":[-5.121],"t":94,"i":{"x":[1],"y":[1]},"o":{"x":[0],"y":[0]}},{"s":[-5.578],"t":95,"i":{"x":[1],"y":[1]},"o":{"x":[0],"y":[0]}},{"s":[-6.033],"t":96,"i":{"x":[1],"y":[1]},"o":{"x":[0],"y":[0]}},{"s":[-6.472],"t":97,"i":{"x":[1],"y":[1]},"o":{"x":[0],"y":[0]}},{"s":[-6.9],"t":98,"i":{"x":[1],"y":[1]},"o":{"x":[0],"y":[0]}},{"s":[-7.313],"t":99,"i":{"x":[1],"y":[1]},"o":{"x":[0],"y":[0]}},{"s":[-7.707],"t":100,"i":{"x":[1],"y":[1]},"o":{"x":[0],"y":[0]}},{"s":[-8.077],"t":101,"i":{"x":[1],"y":[1]},"o":{"x":[0],"y":[0]}},{"s":[-8.415],"t":102,"i":{"x":[1],"y":[1]},"o":{"x":[0],"y":[0]}},{"s":[-8.708],"t":103,"i":{"x":[1],"y":[1]},"o":{"x":[0],"y":[0]}},{"s":[-8.91],"t":104,"i":{"x":[1],"y":[1]},"o":{"x":[0],"y":[0]}},{"s":[-8.504],"t":105,"i":{"x":[1],"y":[1]},"o":{"x":[0],"y":[0]}},{"s":[-7.815],"t":106,"i":{"x":[1],"y":[1]},"o":{"x":[0],"y":[0]}},{"s":[-7.305],"t":107,"i":{"x":[1],"y":[1]},"o":{"x":[0],"y":[0]}},{"s":[-6.897],"t":108,"i":{"x":[1],"y":[1]},"o":{"x":[0],"y":[0]}},{"s":[-6.582],"t":109,"i":{"x":[1],"y":[1]},"o":{"x":[0],"y":[0]}},{"s":[-6.367],"t":110,"i":{"x":[1],"y":[1]},"o":{"x":[0],"y":[0]}},{"s":[-6.283],"t":111,"i":{"x":[1],"y":[1]},"o":{"x":[0],"y":[0]}},{"s":[-2.203],"t":112,"i":{"x":[1],"y":[1]},"o":{"x":[0],"y":[0]}},{"s":[1.175],"t":113,"i":{"x":[1],"y":[1]},"o":{"x":[0],"y":[0]}},{"s":[4.082],"t":114,"i":{"x":[1],"y":[1]},"o":{"x":[0],"y":[0]}},{"s":[6.611],"t":115,"i":{"x":[1],"y":[1]},"o":{"x":[0],"y":[0]}},{"s":[8.793],"t":116,"i":{"x":[1],"y":[1]},"o":{"x":[0],"y":[0]}},{"s":[10.66],"t":117,"i":{"x":[1],"y":[1]},"o":{"x":[0],"y":[0]}},{"s":[12.231],"t":118,"i":{"x":[1],"y":[1]},"o":{"x":[0],"y":[0]}},{"s":[13.519],"t":119,"i":{"x":[1],"y":[1]},"o":{"x":[0],"y":[0]}},{"s":[14.528],"t":120,"i":{"x":[1],"y":[1]},"o":{"x":[0],"y":[0]}},{"s":[15.276],"t":121,"i":{"x":[1],"y":[1]},"o":{"x":[0],"y":[0]}},{"s":[15.783],"t":122,"i":{"x":[1],"y":[1]},"o":{"x":[0],"y":[0]}},{"s":[16.08],"t":123,"i":{"x":[1],"y":[1]},"o":{"x":[0],"y":[0]}},{"s":[16.218],"t":124,"i":{"x":[1],"y":[1]},"o":{"x":[0],"y":[0]}},{"s":[16.256],"t":125,"i":{"x":[1],"y":[1]},"o":{"x":[0],"y":[0]}}]},"p":{"a":0,"k":[140.341,39.863,0],"ix":2,"l":2},"a":{"a":0,"k":[21.503,19.406,0],"ix":1,"l":2},"s":{"a":0,"k":[100,100,100],"ix":6,"l":2}},"ao":0,"ef":[{"ty":5,"nm":"IK","np":3,"mn":"Pseudo/DUIK ik","ix":1,"en":1,"ef":[{"ty":10,"nm":"Controller","mn":"Pseudo/DUIK ik-0001","ix":1,"v":{"a":0,"k":4,"ix":1}}]}],"w":78,"h":119,"ip":0,"op":150.000006109625,"st":0,"bm":0},{"ddd":0,"ind":22,"ty":2,"nm":"R hand 11","parent":21,"refId":"image_28","sr":1,"ks":{"o":{"a":0,"k":100,"ix":11},"r":{"k":[{"s":[338.616],"t":5,"i":{"x":[1],"y":[1]},"o":{"x":[0],"y":[0]}},{"s":[320.893],"t":6,"i":{"x":[1],"y":[1]},"o":{"x":[0],"y":[0]}},{"s":[314.794],"t":7,"i":{"x":[1],"y":[1]},"o":{"x":[0],"y":[0]}},{"s":[313.263],"t":8,"i":{"x":[1],"y":[1]},"o":{"x":[0],"y":[0]}},{"s":[314.19],"t":9,"i":{"x":[1],"y":[1]},"o":{"x":[0],"y":[0]}},{"s":[315.265],"t":10,"i":{"x":[1],"y":[1]},"o":{"x":[0],"y":[0]}},{"s":[315.265],"t":24,"i":{"x":[1],"y":[1]},"o":{"x":[0],"y":[0]}},{"s":[308.848],"t":25,"i":{"x":[1],"y":[1]},"o":{"x":[0],"y":[0]}},{"s":[304.419],"t":26,"i":{"x":[1],"y":[1]},"o":{"x":[0],"y":[0]}},{"s":[301.371],"t":27,"i":{"x":[1],"y":[1]},"o":{"x":[0],"y":[0]}},{"s":[299.444],"t":28,"i":{"x":[1],"y":[1]},"o":{"x":[0],"y":[0]}},{"s":[298.662],"t":29,"i":{"x":[1],"y":[1]},"o":{"x":[0],"y":[0]}},{"s":[298.662],"t":45,"i":{"x":[1],"y":[1]},"o":{"x":[0],"y":[0]}},{"s":[308.065],"t":46,"i":{"x":[1],"y":[1]},"o":{"x":[0],"y":[0]}},{"s":[319.189],"t":47,"i":{"x":[1],"y":[1]},"o":{"x":[0],"y":[0]}},{"s":[330.39],"t":48,"i":{"x":[1],"y":[1]},"o":{"x":[0],"y":[0]}},{"s":[339.119],"t":49,"i":{"x":[1],"y":[1]},"o":{"x":[0],"y":[0]}},{"s":[341.945],"t":50,"i":{"x":[1],"y":[1]},"o":{"x":[0],"y":[0]}},{"s":[341.93],"t":51,"i":{"x":[1],"y":[1]},"o":{"x":[0],"y":[0]}},{"s":[339.185],"t":52,"i":{"x":[1],"y":[1]},"o":{"x":[0],"y":[0]}},{"s":[336.349],"t":53,"i":{"x":[1],"y":[1]},"o":{"x":[0],"y":[0]}},{"s":[333.943],"t":54,"i":{"x":[1],"y":[1]},"o":{"x":[0],"y":[0]}},{"s":[332.032],"t":55,"i":{"x":[1],"y":[1]},"o":{"x":[0],"y":[0]}},{"s":[330.589],"t":56,"i":{"x":[1],"y":[1]},"o":{"x":[0],"y":[0]}},{"s":[329.566],"t":57,"i":{"x":[1],"y":[1]},"o":{"x":[0],"y":[0]}},{"s":[328.918],"t":58,"i":{"x":[1],"y":[1]},"o":{"x":[0],"y":[0]}},{"s":[328.601],"t":59,"i":{"x":[1],"y":[1]},"o":{"x":[0],"y":[0]}},{"s":[328.774],"t":61,"i":{"x":[1],"y":[1]},"o":{"x":[0],"y":[0]}},{"s":[329.164],"t":62,"i":{"x":[1],"y":[1]},"o":{"x":[0],"y":[0]}},{"s":[329.678],"t":63,"i":{"x":[1],"y":[1]},"o":{"x":[0],"y":[0]}},{"s":[330.085],"t":64,"i":{"x":[1],"y":[1]},"o":{"x":[0],"y":[0]}},{"s":[330.315],"t":67,"i":{"x":[1],"y":[1]},"o":{"x":[0],"y":[0]}},{"s":[330.461],"t":68,"i":{"x":[1],"y":[1]},"o":{"x":[0],"y":[0]}},{"s":[330.794],"t":69,"i":{"x":[1],"y":[1]},"o":{"x":[0],"y":[0]}},{"s":[331.296],"t":70,"i":{"x":[1],"y":[1]},"o":{"x":[0],"y":[0]}},{"s":[331.938],"t":71,"i":{"x":[1],"y":[1]},"o":{"x":[0],"y":[0]}},{"s":[332.685],"t":72,"i":{"x":[1],"y":[1]},"o":{"x":[0],"y":[0]}},{"s":[334.299],"t":74,"i":{"x":[1],"y":[1]},"o":{"x":[0],"y":[0]}},{"s":[335.029],"t":75,"i":{"x":[1],"y":[1]},"o":{"x":[0],"y":[0]}},{"s":[335.598],"t":76,"i":{"x":[1],"y":[1]},"o":{"x":[0],"y":[0]}},{"s":[335.94],"t":77,"i":{"x":[1],"y":[1]},"o":{"x":[0],"y":[0]}},{"s":[336.266],"t":79,"i":{"x":[1],"y":[1]},"o":{"x":[0],"y":[0]}},{"s":[335.752],"t":80,"i":{"x":[1],"y":[1]},"o":{"x":[0],"y":[0]}},{"s":[334.879],"t":81,"i":{"x":[1],"y":[1]},"o":{"x":[0],"y":[0]}},{"s":[333.879],"t":82,"i":{"x":[1],"y":[1]},"o":{"x":[0],"y":[0]}},{"s":[332.883],"t":83,"i":{"x":[1],"y":[1]},"o":{"x":[0],"y":[0]}},{"s":[331.979],"t":84,"i":{"x":[1],"y":[1]},"o":{"x":[0],"y":[0]}},{"s":[331.229],"t":85,"i":{"x":[1],"y":[1]},"o":{"x":[0],"y":[0]}},{"s":[330.692],"t":86,"i":{"x":[1],"y":[1]},"o":{"x":[0],"y":[0]}},{"s":[330.469],"t":88,"i":{"x":[1],"y":[1]},"o":{"x":[0],"y":[0]}},{"s":[330.914],"t":89,"i":{"x":[1],"y":[1]},"o":{"x":[0],"y":[0]}},{"s":[331.191],"t":90,"i":{"x":[1],"y":[1]},"o":{"x":[0],"y":[0]}},{"s":[331.543],"t":91,"i":{"x":[1],"y":[1]},"o":{"x":[0],"y":[0]}},{"s":[331.93],"t":92,"i":{"x":[1],"y":[1]},"o":{"x":[0],"y":[0]}},{"s":[332.266],"t":93,"i":{"x":[1],"y":[1]},"o":{"x":[0],"y":[0]}},{"s":[332.709],"t":96,"i":{"x":[1],"y":[1]},"o":{"x":[0],"y":[0]}},{"s":[332.992],"t":98,"i":{"x":[1],"y":[1]},"o":{"x":[0],"y":[0]}},{"s":[333.239],"t":100,"i":{"x":[1],"y":[1]},"o":{"x":[0],"y":[0]}},{"s":[333.2],"t":104,"i":{"x":[1],"y":[1]},"o":{"x":[0],"y":[0]}},{"s":[332.053],"t":105,"i":{"x":[1],"y":[1]},"o":{"x":[0],"y":[0]}},{"s":[331.084],"t":106,"i":{"x":[1],"y":[1]},"o":{"x":[0],"y":[0]}},{"s":[330.461],"t":107,"i":{"x":[1],"y":[1]},"o":{"x":[0],"y":[0]}},{"s":[329.995],"t":108,"i":{"x":[1],"y":[1]},"o":{"x":[0],"y":[0]}},{"s":[329.652],"t":109,"i":{"x":[1],"y":[1]},"o":{"x":[0],"y":[0]}},{"s":[329.337],"t":111,"i":{"x":[1],"y":[1]},"o":{"x":[0],"y":[0]}},{"s":[325.66],"t":112,"i":{"x":[1],"y":[1]},"o":{"x":[0],"y":[0]}},{"s":[323.326],"t":113,"i":{"x":[1],"y":[1]},"o":{"x":[0],"y":[0]}},{"s":[321.849],"t":114,"i":{"x":[1],"y":[1]},"o":{"x":[0],"y":[0]}},{"s":[321.032],"t":115,"i":{"x":[1],"y":[1]},"o":{"x":[0],"y":[0]}},{"s":[320.966],"t":117,"i":{"x":[1],"y":[1]},"o":{"x":[0],"y":[0]}},{"s":[321.575],"t":118,"i":{"x":[1],"y":[1]},"o":{"x":[0],"y":[0]}},{"s":[322.536],"t":119,"i":{"x":[1],"y":[1]},"o":{"x":[0],"y":[0]}},{"s":[323.786],"t":120,"i":{"x":[1],"y":[1]},"o":{"x":[0],"y":[0]}},{"s":[325.252],"t":121,"i":{"x":[1],"y":[1]},"o":{"x":[0],"y":[0]}},{"s":[326.826],"t":122,"i":{"x":[1],"y":[1]},"o":{"x":[0],"y":[0]}},{"s":[328.347],"t":123,"i":{"x":[1],"y":[1]},"o":{"x":[0],"y":[0]}},{"s":[329.565],"t":124,"i":{"x":[1],"y":[1]},"o":{"x":[0],"y":[0]}},{"s":[330.085],"t":125,"i":{"x":[1],"y":[1]},"o":{"x":[0],"y":[0]}}]},"p":{"k":[{"s":[59.875,100.26,0],"t":0,"i":{"x":1,"y":1},"o":{"x":0,"y":0}},{"s":[59.875,100.26,0],"t":130,"i":{"x":1,"y":1},"o":{"x":0,"y":0}}],"l":2},"a":{"a":0,"k":[15.66,12.191,0],"ix":1,"l":2},"s":{"a":0,"k":[100,100,100],"ix":6,"l":2}},"ao":0,"ef":[{"ty":5,"nm":"IK","np":3,"mn":"Pseudo/DUIK ik","ix":1,"en":1,"ef":[{"ty":10,"nm":"Controller","mn":"Pseudo/DUIK ik-0001","ix":1,"v":{"a":0,"k":4,"ix":1}}]}],"ip":0,"op":150.000006109625,"st":0,"bm":0},{"ddd":0,"ind":23,"ty":0,"nm":"R hand 111","parent":22,"refId":"comp_6","sr":1,"ks":{"o":{"a":0,"k":100,"ix":11},"r":{"k":[{"s":[-394.293],"t":0,"i":{"x":[1],"y":[1]},"o":{"x":[0],"y":[0]}},{"s":[-393.296],"t":1,"i":{"x":[1],"y":[1]},"o":{"x":[0],"y":[0]}},{"s":[-391.813],"t":2,"i":{"x":[1],"y":[1]},"o":{"x":[0],"y":[0]}},{"s":[-390.254],"t":3,"i":{"x":[1],"y":[1]},"o":{"x":[0],"y":[0]}},{"s":[-388.771],"t":4,"i":{"x":[1],"y":[1]},"o":{"x":[0],"y":[0]}},{"s":[-387.773],"t":5,"i":{"x":[1],"y":[1]},"o":{"x":[0],"y":[0]}},{"s":[-386.197],"t":6,"i":{"x":[1],"y":[1]},"o":{"x":[0],"y":[0]}},{"s":[-390.975],"t":7,"i":{"x":[1],"y":[1]},"o":{"x":[0],"y":[0]}},{"s":[-384.543],"t":8,"i":{"x":[1],"y":[1]},"o":{"x":[0],"y":[0]}},{"s":[-380.798],"t":9,"i":{"x":[1],"y":[1]},"o":{"x":[0],"y":[0]}},{"s":[-379.658],"t":10,"i":{"x":[1],"y":[1]},"o":{"x":[0],"y":[0]}},{"s":[-380.215],"t":11,"i":{"x":[1],"y":[1]},"o":{"x":[0],"y":[0]}},{"s":[-380.905],"t":12,"i":{"x":[1],"y":[1]},"o":{"x":[0],"y":[0]}},{"s":[-381.718],"t":13,"i":{"x":[1],"y":[1]},"o":{"x":[0],"y":[0]}},{"s":[-382.642],"t":14,"i":{"x":[1],"y":[1]},"o":{"x":[0],"y":[0]}},{"s":[-383.666],"t":15,"i":{"x":[1],"y":[1]},"o":{"x":[0],"y":[0]}},{"s":[-384.779],"t":16,"i":{"x":[1],"y":[1]},"o":{"x":[0],"y":[0]}},{"s":[-385.97],"t":17,"i":{"x":[1],"y":[1]},"o":{"x":[0],"y":[0]}},{"s":[-387.227],"t":18,"i":{"x":[1],"y":[1]},"o":{"x":[0],"y":[0]}},{"s":[-388.539],"t":19,"i":{"x":[1],"y":[1]},"o":{"x":[0],"y":[0]}},{"s":[-389.896],"t":20,"i":{"x":[1],"y":[1]},"o":{"x":[0],"y":[0]}},{"s":[-391.284],"t":21,"i":{"x":[1],"y":[1]},"o":{"x":[0],"y":[0]}},{"s":[-392.694],"t":22,"i":{"x":[1],"y":[1]},"o":{"x":[0],"y":[0]}},{"s":[-395.534],"t":24,"i":{"x":[1],"y":[1]},"o":{"x":[0],"y":[0]}},{"s":[-390.35],"t":25,"i":{"x":[1],"y":[1]},"o":{"x":[0],"y":[0]}},{"s":[-386.386],"t":26,"i":{"x":[1],"y":[1]},"o":{"x":[0],"y":[0]}},{"s":[-383.412],"t":27,"i":{"x":[1],"y":[1]},"o":{"x":[0],"y":[0]}},{"s":[-381.525],"t":28,"i":{"x":[1],"y":[1]},"o":{"x":[0],"y":[0]}},{"s":[-381.315],"t":29,"i":{"x":[1],"y":[1]},"o":{"x":[0],"y":[0]}},{"s":[-382.492],"t":30,"i":{"x":[1],"y":[1]},"o":{"x":[0],"y":[0]}},{"s":[-383.589],"t":31,"i":{"x":[1],"y":[1]},"o":{"x":[0],"y":[0]}},{"s":[-384.595],"t":32,"i":{"x":[1],"y":[1]},"o":{"x":[0],"y":[0]}},{"s":[-385.498],"t":33,"i":{"x":[1],"y":[1]},"o":{"x":[0],"y":[0]}},{"s":[-386.289],"t":34,"i":{"x":[1],"y":[1]},"o":{"x":[0],"y":[0]}},{"s":[-386.954],"t":35,"i":{"x":[1],"y":[1]},"o":{"x":[0],"y":[0]}},{"s":[-387.483],"t":36,"i":{"x":[1],"y":[1]},"o":{"x":[0],"y":[0]}},{"s":[-387.866],"t":37,"i":{"x":[1],"y":[1]},"o":{"x":[0],"y":[0]}},{"s":[-387.697],"t":41,"i":{"x":[1],"y":[1]},"o":{"x":[0],"y":[0]}},{"s":[-387.175],"t":42,"i":{"x":[1],"y":[1]},"o":{"x":[0],"y":[0]}},{"s":[-386.437],"t":43,"i":{"x":[1],"y":[1]},"o":{"x":[0],"y":[0]}},{"s":[-385.474],"t":44,"i":{"x":[1],"y":[1]},"o":{"x":[0],"y":[0]}},{"s":[-384.274],"t":45,"i":{"x":[1],"y":[1]},"o":{"x":[0],"y":[0]}},{"s":[-391.775],"t":46,"i":{"x":[1],"y":[1]},"o":{"x":[0],"y":[0]}},{"s":[-398.965],"t":47,"i":{"x":[1],"y":[1]},"o":{"x":[0],"y":[0]}},{"s":[-404.97],"t":48,"i":{"x":[1],"y":[1]},"o":{"x":[0],"y":[0]}},{"s":[-408.419],"t":49,"i":{"x":[1],"y":[1]},"o":{"x":[0],"y":[0]}},{"s":[-406.916],"t":50,"i":{"x":[1],"y":[1]},"o":{"x":[0],"y":[0]}},{"s":[-404.439],"t":51,"i":{"x":[1],"y":[1]},"o":{"x":[0],"y":[0]}},{"s":[-400.03],"t":52,"i":{"x":[1],"y":[1]},"o":{"x":[0],"y":[0]}},{"s":[-395.17],"t":53,"i":{"x":[1],"y":[1]},"o":{"x":[0],"y":[0]}},{"s":[-390.233],"t":54,"i":{"x":[1],"y":[1]},"o":{"x":[0],"y":[0]}},{"s":[-385.346],"t":55,"i":{"x":[1],"y":[1]},"o":{"x":[0],"y":[0]}},{"s":[-380.585],"t":56,"i":{"x":[1],"y":[1]},"o":{"x":[0],"y":[0]}},{"s":[-376.014],"t":57,"i":{"x":[1],"y":[1]},"o":{"x":[0],"y":[0]}},{"s":[-371.693],"t":58,"i":{"x":[1],"y":[1]},"o":{"x":[0],"y":[0]}},{"s":[-367.674],"t":59,"i":{"x":[1],"y":[1]},"o":{"x":[0],"y":[0]}},{"s":[-364.009],"t":60,"i":{"x":[1],"y":[1]},"o":{"x":[0],"y":[0]}},{"s":[-360.737],"t":61,"i":{"x":[1],"y":[1]},"o":{"x":[0],"y":[0]}},{"s":[-357.879],"t":62,"i":{"x":[1],"y":[1]},"o":{"x":[0],"y":[0]}},{"s":[-355.428],"t":63,"i":{"x":[1],"y":[1]},"o":{"x":[0],"y":[0]}},{"s":[-353.228],"t":64,"i":{"x":[1],"y":[1]},"o":{"x":[0],"y":[0]}},{"s":[-351.757],"t":65,"i":{"x":[1],"y":[1]},"o":{"x":[0],"y":[0]}},{"s":[-352.924],"t":66,"i":{"x":[1],"y":[1]},"o":{"x":[0],"y":[0]}},{"s":[-356.242],"t":67,"i":{"x":[1],"y":[1]},"o":{"x":[0],"y":[0]}},{"s":[-360.6],"t":68,"i":{"x":[1],"y":[1]},"o":{"x":[0],"y":[0]}},{"s":[-364.877],"t":69,"i":{"x":[1],"y":[1]},"o":{"x":[0],"y":[0]}},{"s":[-367.95],"t":70,"i":{"x":[1],"y":[1]},"o":{"x":[0],"y":[0]}},{"s":[-368.689],"t":71,"i":{"x":[1],"y":[1]},"o":{"x":[0],"y":[0]}},{"s":[-369.134],"t":72,"i":{"x":[1],"y":[1]},"o":{"x":[0],"y":[0]}},{"s":[-370.404],"t":73,"i":{"x":[1],"y":[1]},"o":{"x":[0],"y":[0]}},{"s":[-371.962],"t":74,"i":{"x":[1],"y":[1]},"o":{"x":[0],"y":[0]}},{"s":[-373.646],"t":75,"i":{"x":[1],"y":[1]},"o":{"x":[0],"y":[0]}},{"s":[-375.348],"t":76,"i":{"x":[1],"y":[1]},"o":{"x":[0],"y":[0]}},{"s":[-376.943],"t":77,"i":{"x":[1],"y":[1]},"o":{"x":[0],"y":[0]}},{"s":[-377.996],"t":78,"i":{"x":[1],"y":[1]},"o":{"x":[0],"y":[0]}},{"s":[-377.45],"t":79,"i":{"x":[1],"y":[1]},"o":{"x":[0],"y":[0]}},{"s":[-377.147],"t":80,"i":{"x":[1],"y":[1]},"o":{"x":[0],"y":[0]}},{"s":[-376.911],"t":81,"i":{"x":[1],"y":[1]},"o":{"x":[0],"y":[0]}},{"s":[-377.111],"t":85,"i":{"x":[1],"y":[1]},"o":{"x":[0],"y":[0]}},{"s":[-377.548],"t":86,"i":{"x":[1],"y":[1]},"o":{"x":[0],"y":[0]}},{"s":[-378.156],"t":87,"i":{"x":[1],"y":[1]},"o":{"x":[0],"y":[0]}},{"s":[-378.69],"t":88,"i":{"x":[1],"y":[1]},"o":{"x":[0],"y":[0]}},{"s":[-379.872],"t":89,"i":{"x":[1],"y":[1]},"o":{"x":[0],"y":[0]}},{"s":[-381.145],"t":90,"i":{"x":[1],"y":[1]},"o":{"x":[0],"y":[0]}},{"s":[-382.369],"t":91,"i":{"x":[1],"y":[1]},"o":{"x":[0],"y":[0]}},{"s":[-383.488],"t":92,"i":{"x":[1],"y":[1]},"o":{"x":[0],"y":[0]}},{"s":[-384.388],"t":93,"i":{"x":[1],"y":[1]},"o":{"x":[0],"y":[0]}},{"s":[-384.736],"t":95,"i":{"x":[1],"y":[1]},"o":{"x":[0],"y":[0]}},{"s":[-385.028],"t":97,"i":{"x":[1],"y":[1]},"o":{"x":[0],"y":[0]}},{"s":[-385.276],"t":98,"i":{"x":[1],"y":[1]},"o":{"x":[0],"y":[0]}},{"s":[-385.561],"t":99,"i":{"x":[1],"y":[1]},"o":{"x":[0],"y":[0]}},{"s":[-385.87],"t":100,"i":{"x":[1],"y":[1]},"o":{"x":[0],"y":[0]}},{"s":[-386.51],"t":102,"i":{"x":[1],"y":[1]},"o":{"x":[0],"y":[0]}},{"s":[-386.808],"t":103,"i":{"x":[1],"y":[1]},"o":{"x":[0],"y":[0]}},{"s":[-386.9],"t":105,"i":{"x":[1],"y":[1]},"o":{"x":[0],"y":[0]}},{"s":[-387.206],"t":106,"i":{"x":[1],"y":[1]},"o":{"x":[0],"y":[0]}},{"s":[-387.66],"t":107,"i":{"x":[1],"y":[1]},"o":{"x":[0],"y":[0]}},{"s":[-388.14],"t":108,"i":{"x":[1],"y":[1]},"o":{"x":[0],"y":[0]}},{"s":[-388.601],"t":109,"i":{"x":[1],"y":[1]},"o":{"x":[0],"y":[0]}},{"s":[-388.994],"t":110,"i":{"x":[1],"y":[1]},"o":{"x":[0],"y":[0]}},{"s":[-389.201],"t":111,"i":{"x":[1],"y":[1]},"o":{"x":[0],"y":[0]}},{"s":[-388.792],"t":112,"i":{"x":[1],"y":[1]},"o":{"x":[0],"y":[0]}},{"s":[-388.331],"t":113,"i":{"x":[1],"y":[1]},"o":{"x":[0],"y":[0]}},{"s":[-387.983],"t":114,"i":{"x":[1],"y":[1]},"o":{"x":[0],"y":[0]}},{"s":[-388.337],"t":121,"i":{"x":[1],"y":[1]},"o":{"x":[0],"y":[0]}}]},"p":{"k":[{"s":[45.129,89.975,0],"t":0,"i":{"x":1,"y":1},"o":{"x":0,"y":0}},{"s":[45.129,89.975,0],"t":130,"i":{"x":1,"y":1},"o":{"x":0,"y":0}}],"l":2},"a":{"a":0,"k":[36.203,18.558,0],"ix":1,"l":2},"s":{"a":0,"k":[100,100,100],"ix":6,"l":2}},"ao":0,"ef":[{"ty":5,"nm":"IK","np":3,"mn":"Pseudo/DUIK ik","ix":1,"en":1,"ef":[{"ty":10,"nm":"Controller","mn":"Pseudo/DUIK ik-0001","ix":1,"v":{"a":0,"k":4,"ix":1}}]}],"w":68,"h":77,"ip":0,"op":150.000006109625,"st":0,"bm":0},{"ddd":0,"ind":24,"ty":2,"nm":"Layer 3","refId":"image_30","sr":1,"ks":{"o":{"a":0,"k":100,"ix":11},"r":{"a":0,"k":0,"ix":10},"p":{"a":0,"k":[916.604,744.864,0],"ix":2,"l":2},"a":{"a":0,"k":[131.398,151.62,0],"ix":1,"l":2},"s":{"a":0,"k":[100,100,100],"ix":6,"l":2}},"ao":0,"ip":0,"op":150.000006109625,"st":0,"bm":0}]},{"id":"comp_1","nm":"Pre-comp 2","fr":29.9700012207031,"layers":[{"ddd":0,"ind":1,"ty":0,"nm":"ezgif-frame-001","refId":"comp_2","sr":1,"ks":{"o":{"a":0,"k":100,"ix":11},"r":{"a":0,"k":0,"ix":10},"p":{"a":0,"k":[73.5,125.25,0],"ix":2,"l":2},"a":{"a":0,"k":[250,250,0],"ix":1,"l":2},"s":{"a":0,"k":[12.6,12.6,100],"ix":6,"l":2}},"ao":0,"w":500,"h":500,"ip":0,"op":60.0000024438501,"st":0,"bm":0},{"ddd":0,"ind":2,"ty":0,"nm":"ezgif-frame-001","refId":"comp_2","sr":1,"ks":{"o":{"a":0,"k":100,"ix":11},"r":{"a":0,"k":0,"ix":10},"p":{"a":0,"k":[73.5,125.25,0],"ix":2,"l":2},"a":{"a":0,"k":[250,250,0],"ix":1,"l":2},"s":{"a":0,"k":[12.6,12.6,100],"ix":6,"l":2}},"ao":0,"w":500,"h":500,"ip":60.0000024438501,"op":120.0000048877,"st":60.0000024438501,"bm":0},{"ddd":0,"ind":3,"ty":0,"nm":"ezgif-frame-001","refId":"comp_2","sr":1,"ks":{"o":{"a":0,"k":100,"ix":11},"r":{"a":0,"k":0,"ix":10},"p":{"a":0,"k":[73.5,125.25,0],"ix":2,"l":2},"a":{"a":0,"k":[250,250,0],"ix":1,"l":2},"s":{"a":0,"k":[12.6,12.6,100],"ix":6,"l":2}},"ao":0,"w":500,"h":500,"ip":120.0000048877,"op":180.00000733155,"st":120.0000048877,"bm":0},{"ddd":0,"ind":4,"ty":2,"nm":"Layer 20","refId":"image_9","sr":1,"ks":{"o":{"a":0,"k":100,"ix":11},"r":{"a":0,"k":0,"ix":10},"p":{"a":1,"k":[{"i":{"x":0.833,"y":0.833},"o":{"x":0.167,"y":0.167},"t":9,"s":[80.969,78.93,0],"to":[0.342,-0.41,0],"ti":[-0.342,0.41,0]},{"i":{"x":0.833,"y":0.833},"o":{"x":0.167,"y":0.167},"t":10,"s":[83.018,76.47,0],"to":[0,0,0],"ti":[0,0,0]},{"i":{"x":0.833,"y":0.833},"o":{"x":0.167,"y":0.167},"t":30,"s":[83.018,76.47,0],"to":[-0.332,-0.09,0],"ti":[0.332,0.09,0]},{"i":{"x":0.833,"y":0.833},"o":{"x":0.167,"y":0.167},"t":31,"s":[81.029,75.93,0],"to":[0,0,0],"ti":[0,0,0]},{"i":{"x":0.833,"y":0.833},"o":{"x":0.167,"y":0.167},"t":50,"s":[81.029,75.93,0],"to":[0.157,0.503,0],"ti":[-0.157,-0.503,0]},{"t":51.0000020772726,"s":[81.969,78.95,0]}],"ix":2,"l":2},"a":{"a":0,"k":[9.514,4.398,0],"ix":1,"l":2},"s":{"a":0,"k":[100,100,100],"ix":6,"l":2}},"ao":0,"ip":0,"op":150.000006109625,"st":0,"bm":0},{"ddd":0,"ind":5,"ty":2,"nm":"Layer 21","refId":"image_10","sr":1,"ks":{"o":{"a":0,"k":100,"ix":11},"r":{"a":0,"k":0,"ix":10},"p":{"a":1,"k":[{"i":{"x":0.833,"y":0.833},"o":{"x":0.167,"y":0.167},"t":9,"s":[56.209,79.598,0],"to":[0.342,-0.41,0],"ti":[-0.342,0.41,0]},{"i":{"x":0.833,"y":0.833},"o":{"x":0.167,"y":0.167},"t":10,"s":[58.258,77.138,0],"to":[0,0,0],"ti":[0,0,0]},{"i":{"x":0.833,"y":0.833},"o":{"x":0.167,"y":0.167},"t":30,"s":[58.258,77.138,0],"to":[-0.332,-0.09,0],"ti":[0.332,0.09,0]},{"i":{"x":0.833,"y":0.833},"o":{"x":0.167,"y":0.167},"t":31,"s":[56.269,76.599,0],"to":[0,0,0],"ti":[0,0,0]},{"i":{"x":0.833,"y":0.833},"o":{"x":0.167,"y":0.167},"t":50,"s":[56.269,76.599,0],"to":[0.157,0.503,0],"ti":[-0.157,-0.503,0]},{"t":51.0000020772726,"s":[57.209,79.618,0]}],"ix":2,"l":2},"a":{"a":0,"k":[10.343,4.653,0],"ix":1,"l":2},"s":{"a":0,"k":[100,100,100],"ix":6,"l":2}},"ao":0,"ip":0,"op":150.000006109625,"st":0,"bm":0},{"ddd":0,"ind":6,"ty":2,"nm":"Layer 22","refId":"image_11","sr":1,"ks":{"o":{"a":0,"k":100,"ix":11},"r":{"a":0,"k":0,"ix":10},"p":{"a":1,"k":[{"i":{"x":0.833,"y":0.833},"o":{"x":0.167,"y":0.167},"t":9,"s":[58.245,93.322,0],"to":[0.59,-0.322,0],"ti":[-0.59,0.322,0]},{"i":{"x":0.833,"y":0.833},"o":{"x":0.167,"y":0.167},"t":10,"s":[61.784,91.391,0],"to":[0,0,0],"ti":[0,0,0]},{"i":{"x":0.833,"y":0.833},"o":{"x":0.167,"y":0.167},"t":30,"s":[61.784,91.391,0],"to":[-0.5,-0.01,0],"ti":[0.5,0.01,0]},{"i":{"x":0.833,"y":0.833},"o":{"x":0.167,"y":0.167},"t":31,"s":[58.784,91.332,0],"to":[0,0,0],"ti":[0,0,0]},{"i":{"x":0.833,"y":0.833},"o":{"x":0.167,"y":0.167},"t":50,"s":[58.784,91.332,0],"to":[0.16,0.337,0],"ti":[-0.16,-0.337,0]},{"t":51.0000020772726,"s":[59.745,93.351,0]}],"ix":2,"l":2},"a":{"a":0,"k":[5.141,5.141,0],"ix":1,"l":2},"s":{"a":1,"k":[{"i":{"x":[0.833,0.833,0.833],"y":[0.833,0.833,0.833]},"o":{"x":[0.167,0.167,0.167],"y":[0.167,0.167,0.167]},"t":0,"s":[100,100,100]},{"i":{"x":[0.833,0.833,0.833],"y":[0.833,0.833,0.833]},"o":{"x":[0.167,0.167,0.167],"y":[0.167,0.167,0.167]},"t":2,"s":[100,0,100]},{"i":{"x":[0.833,0.833,0.833],"y":[0.833,0.833,0.833]},"o":{"x":[0.167,0.167,0.167],"y":[0.167,0.167,0.167]},"t":4,"s":[100,100,100]},{"i":{"x":[0.833,0.833,0.833],"y":[0.833,0.833,0.833]},"o":{"x":[0.167,0.167,0.167],"y":[0.167,0.167,0.167]},"t":20,"s":[100,100,100]},{"i":{"x":[0.833,0.833,0.833],"y":[0.833,0.833,0.833]},"o":{"x":[0.167,0.167,0.167],"y":[0.167,0.167,0.167]},"t":22,"s":[100,0,100]},{"i":{"x":[0.833,0.833,0.833],"y":[0.833,0.833,0.833]},"o":{"x":[0.167,0.167,0.167],"y":[0.167,0.167,0.167]},"t":24,"s":[100,100,100]},{"i":{"x":[0.833,0.833,0.833],"y":[0.833,0.833,0.833]},"o":{"x":[0.167,0.167,0.167],"y":[0.167,0.167,0.167]},"t":50,"s":[100,100,100]},{"i":{"x":[0.833,0.833,0.833],"y":[0.833,0.833,0.833]},"o":{"x":[0.167,0.167,0.167],"y":[0.167,0.167,0.167]},"t":52,"s":[100,0,100]},{"t":54.0000021994651,"s":[100,100,100]}],"ix":6,"l":2}},"ao":0,"ip":0,"op":150.000006109625,"st":0,"bm":0},{"ddd":0,"ind":7,"ty":2,"nm":"Layer 23","refId":"image_12","sr":1,"ks":{"o":{"a":0,"k":100,"ix":11},"r":{"a":0,"k":0,"ix":10},"p":{"a":1,"k":[{"i":{"x":0.833,"y":0.833},"o":{"x":0.167,"y":0.167},"t":9,"s":[81.995,92.572,0],"to":[0.59,-0.322,0],"ti":[-0.59,0.322,0]},{"i":{"x":0.833,"y":0.833},"o":{"x":0.167,"y":0.167},"t":10,"s":[85.534,90.641,0],"to":[0,0,0],"ti":[0,0,0]},{"i":{"x":0.833,"y":0.833},"o":{"x":0.167,"y":0.167},"t":30,"s":[85.534,90.641,0],"to":[-0.5,-0.01,0],"ti":[0.5,0.01,0]},{"i":{"x":0.833,"y":0.833},"o":{"x":0.167,"y":0.167},"t":31,"s":[82.534,90.582,0],"to":[0,0,0],"ti":[0,0,0]},{"i":{"x":0.833,"y":0.833},"o":{"x":0.167,"y":0.167},"t":50,"s":[82.534,90.582,0],"to":[0.16,0.337,0],"ti":[-0.16,-0.337,0]},{"t":51.0000020772726,"s":[83.495,92.601,0]}],"ix":2,"l":2},"a":{"a":0,"k":[5.141,5.141,0],"ix":1,"l":2},"s":{"a":1,"k":[{"i":{"x":[0.833,0.833,0.833],"y":[0.833,0.833,0.833]},"o":{"x":[0.167,0.167,0.167],"y":[0.167,0.167,0.167]},"t":0,"s":[100,100,100]},{"i":{"x":[0.833,0.833,0.833],"y":[0.833,0.833,0.833]},"o":{"x":[0.167,0.167,0.167],"y":[0.167,0.167,0.167]},"t":2,"s":[100,0,100]},{"i":{"x":[0.833,0.833,0.833],"y":[0.833,0.833,0.833]},"o":{"x":[0.167,0.167,0.167],"y":[0.167,0.167,0.167]},"t":4,"s":[100,100,100]},{"i":{"x":[0.833,0.833,0.833],"y":[0.833,0.833,0.833]},"o":{"x":[0.167,0.167,0.167],"y":[0.167,0.167,0.167]},"t":20,"s":[100,100,100]},{"i":{"x":[0.833,0.833,0.833],"y":[0.833,0.833,0.833]},"o":{"x":[0.167,0.167,0.167],"y":[0.167,0.167,0.167]},"t":22,"s":[100,0,100]},{"i":{"x":[0.833,0.833,0.833],"y":[0.833,0.833,0.833]},"o":{"x":[0.167,0.167,0.167],"y":[0.167,0.167,0.167]},"t":24,"s":[100,100,100]},{"i":{"x":[0.833,0.833,0.833],"y":[0.833,0.833,0.833]},"o":{"x":[0.167,0.167,0.167],"y":[0.167,0.167,0.167]},"t":50,"s":[100,100,100]},{"i":{"x":[0.833,0.833,0.833],"y":[0.833,0.833,0.833]},"o":{"x":[0.167,0.167,0.167],"y":[0.167,0.167,0.167]},"t":52,"s":[100,0,100]},{"t":54.0000021994651,"s":[100,100,100]}],"ix":6,"l":2}},"ao":0,"ip":0,"op":150.000006109625,"st":0,"bm":0},{"ddd":0,"ind":8,"ty":2,"nm":"Layer 2","refId":"image_13","sr":1,"ks":{"o":{"a":0,"k":100,"ix":11},"r":{"a":0,"k":0,"ix":10},"p":{"a":0,"k":[52.381,81.094,0],"ix":2,"l":2},"a":{"a":0,"k":[52.375,63.44,0],"ix":1,"l":2},"s":{"a":0,"k":[100,100,100],"ix":6,"l":2}},"ao":0,"ip":0,"op":150.000006109625,"st":0,"bm":0}]},{"id":"comp_2","nm":"ezgif-frame-001","fr":29.9700012207031,"layers":[{"ddd":0,"ind":1,"ty":2,"nm":"ezgif-frame-001.png","cl":"png","refId":"image_0","sr":1,"ks":{"o":{"a":0,"k":100,"ix":11},"r":{"a":0,"k":0,"ix":10},"p":{"a":0,"k":[250,250,0],"ix":2,"l":2},"a":{"a":0,"k":[250,250,0],"ix":1,"l":2},"s":{"a":0,"k":[100,100,100],"ix":6,"l":2}},"ao":0,"ip":0,"op":3.00000012219251,"st":0,"bm":0},{"ddd":0,"ind":2,"ty":2,"nm":"ezgif-frame-005.png","cl":"png","refId":"image_1","sr":1,"ks":{"o":{"a":0,"k":100,"ix":11},"r":{"a":0,"k":0,"ix":10},"p":{"a":0,"k":[250,250,0],"ix":2,"l":2},"a":{"a":0,"k":[250,250,0],"ix":1,"l":2},"s":{"a":0,"k":[100,100,100],"ix":6,"l":2}},"ao":0,"ip":3.00000012219251,"op":6.00000024438501,"st":2.00000008146167,"bm":0},{"ddd":0,"ind":3,"ty":2,"nm":"ezgif-frame-006.png","cl":"png","refId":"image_2","sr":1,"ks":{"o":{"a":0,"k":100,"ix":11},"r":{"a":0,"k":0,"ix":10},"p":{"a":0,"k":[250,250,0],"ix":2,"l":2},"a":{"a":0,"k":[250,250,0],"ix":1,"l":2},"s":{"a":0,"k":[100,100,100],"ix":6,"l":2}},"ao":0,"ip":6.00000024438501,"op":9.00000036657752,"st":4.00000016292334,"bm":0},{"ddd":0,"ind":4,"ty":2,"nm":"ezgif-frame-007.png","cl":"png","refId":"image_3","sr":1,"ks":{"o":{"a":0,"k":100,"ix":11},"r":{"a":0,"k":0,"ix":10},"p":{"a":0,"k":[250,250,0],"ix":2,"l":2},"a":{"a":0,"k":[250,250,0],"ix":1,"l":2},"s":{"a":0,"k":[100,100,100],"ix":6,"l":2}},"ao":0,"ip":9.00000036657752,"op":12.00000048877,"st":6.00000024438501,"bm":0},{"ddd":0,"ind":5,"ty":2,"nm":"ezgif-frame-008.png","cl":"png","refId":"image_4","sr":1,"ks":{"o":{"a":0,"k":100,"ix":11},"r":{"a":0,"k":0,"ix":10},"p":{"a":0,"k":[250,250,0],"ix":2,"l":2},"a":{"a":0,"k":[250,250,0],"ix":1,"l":2},"s":{"a":0,"k":[100,100,100],"ix":6,"l":2}},"ao":0,"ip":12.00000048877,"op":15.0000006109625,"st":8.00000032584668,"bm":0},{"ddd":0,"ind":6,"ty":2,"nm":"ezgif-frame-010.png","cl":"png","refId":"image_5","sr":1,"ks":{"o":{"a":0,"k":100,"ix":11},"r":{"a":0,"k":0,"ix":10},"p":{"a":0,"k":[250,250,0],"ix":2,"l":2},"a":{"a":0,"k":[250,250,0],"ix":1,"l":2},"s":{"a":0,"k":[100,100,100],"ix":6,"l":2}},"ao":0,"ip":15.0000006109625,"op":18.000000733155,"st":0,"bm":0},{"ddd":0,"ind":7,"ty":2,"nm":"ezgif-frame-011.png","cl":"png","refId":"image_6","sr":1,"ks":{"o":{"a":0,"k":100,"ix":11},"r":{"a":0,"k":0,"ix":10},"p":{"a":0,"k":[250,250,0],"ix":2,"l":2},"a":{"a":0,"k":[250,250,0],"ix":1,"l":2},"s":{"a":0,"k":[100,100,100],"ix":6,"l":2}},"ao":0,"ip":18.000000733155,"op":21.0000008553475,"st":2.00000008146167,"bm":0},{"ddd":0,"ind":8,"ty":2,"nm":"ezgif-frame-014.png","cl":"png","refId":"image_7","sr":1,"ks":{"o":{"a":0,"k":100,"ix":11},"r":{"a":0,"k":0,"ix":10},"p":{"a":0,"k":[250,250,0],"ix":2,"l":2},"a":{"a":0,"k":[250,250,0],"ix":1,"l":2},"s":{"a":0,"k":[100,100,100],"ix":6,"l":2}},"ao":0,"ip":21.0000008553475,"op":24.00000097754,"st":7.00000028511585,"bm":0},{"ddd":0,"ind":9,"ty":2,"nm":"ezgif-frame-016.png","cl":"png","refId":"image_8","sr":1,"ks":{"o":{"a":0,"k":100,"ix":11},"r":{"a":0,"k":0,"ix":10},"p":{"a":0,"k":[250,250,0],"ix":2,"l":2},"a":{"a":0,"k":[250,250,0],"ix":1,"l":2},"s":{"a":0,"k":[100,100,100],"ix":6,"l":2}},"ao":0,"ip":24.00000097754,"op":27.0000010997325,"st":3.00000012219251,"bm":0},{"ddd":0,"ind":10,"ty":2,"nm":"ezgif-frame-001.png","cl":"png","refId":"image_0","sr":1,"ks":{"o":{"a":0,"k":100,"ix":11},"r":{"a":0,"k":0,"ix":10},"p":{"a":0,"k":[250,250,0],"ix":2,"l":2},"a":{"a":0,"k":[250,250,0],"ix":1,"l":2},"s":{"a":0,"k":[100,100,100],"ix":6,"l":2}},"ao":0,"ip":27.0000010997325,"op":30.0000012219251,"st":27.0000010997325,"bm":0},{"ddd":0,"ind":11,"ty":2,"nm":"ezgif-frame-005.png","cl":"png","refId":"image_1","sr":1,"ks":{"o":{"a":0,"k":100,"ix":11},"r":{"a":0,"k":0,"ix":10},"p":{"a":0,"k":[250,250,0],"ix":2,"l":2},"a":{"a":0,"k":[250,250,0],"ix":1,"l":2},"s":{"a":0,"k":[100,100,100],"ix":6,"l":2}},"ao":0,"ip":30.0000012219251,"op":33.0000013441176,"st":29.0000011811942,"bm":0},{"ddd":0,"ind":12,"ty":2,"nm":"ezgif-frame-006.png","cl":"png","refId":"image_2","sr":1,"ks":{"o":{"a":0,"k":100,"ix":11},"r":{"a":0,"k":0,"ix":10},"p":{"a":0,"k":[250,250,0],"ix":2,"l":2},"a":{"a":0,"k":[250,250,0],"ix":1,"l":2},"s":{"a":0,"k":[100,100,100],"ix":6,"l":2}},"ao":0,"ip":33.0000013441176,"op":36.0000014663101,"st":31.0000012626559,"bm":0},{"ddd":0,"ind":13,"ty":2,"nm":"ezgif-frame-007.png","cl":"png","refId":"image_3","sr":1,"ks":{"o":{"a":0,"k":100,"ix":11},"r":{"a":0,"k":0,"ix":10},"p":{"a":0,"k":[250,250,0],"ix":2,"l":2},"a":{"a":0,"k":[250,250,0],"ix":1,"l":2},"s":{"a":0,"k":[100,100,100],"ix":6,"l":2}},"ao":0,"ip":36.0000014663101,"op":39.0000015885026,"st":33.0000013441176,"bm":0},{"ddd":0,"ind":14,"ty":2,"nm":"ezgif-frame-008.png","cl":"png","refId":"image_4","sr":1,"ks":{"o":{"a":0,"k":100,"ix":11},"r":{"a":0,"k":0,"ix":10},"p":{"a":0,"k":[250,250,0],"ix":2,"l":2},"a":{"a":0,"k":[250,250,0],"ix":1,"l":2},"s":{"a":0,"k":[100,100,100],"ix":6,"l":2}},"ao":0,"ip":39.0000015885026,"op":42.0000017106951,"st":35.0000014255792,"bm":0},{"ddd":0,"ind":15,"ty":2,"nm":"ezgif-frame-010.png","cl":"png","refId":"image_5","sr":1,"ks":{"o":{"a":0,"k":100,"ix":11},"r":{"a":0,"k":0,"ix":10},"p":{"a":0,"k":[250,250,0],"ix":2,"l":2},"a":{"a":0,"k":[250,250,0],"ix":1,"l":2},"s":{"a":0,"k":[100,100,100],"ix":6,"l":2}},"ao":0,"ip":42.0000017106951,"op":45.0000018328876,"st":27.0000010997325,"bm":0},{"ddd":0,"ind":16,"ty":2,"nm":"ezgif-frame-011.png","cl":"png","refId":"image_6","sr":1,"ks":{"o":{"a":0,"k":100,"ix":11},"r":{"a":0,"k":0,"ix":10},"p":{"a":0,"k":[250,250,0],"ix":2,"l":2},"a":{"a":0,"k":[250,250,0],"ix":1,"l":2},"s":{"a":0,"k":[100,100,100],"ix":6,"l":2}},"ao":0,"ip":45.0000018328876,"op":48.0000019550801,"st":29.0000011811942,"bm":0},{"ddd":0,"ind":17,"ty":2,"nm":"ezgif-frame-014.png","cl":"png","refId":"image_7","sr":1,"ks":{"o":{"a":0,"k":100,"ix":11},"r":{"a":0,"k":0,"ix":10},"p":{"a":0,"k":[250,250,0],"ix":2,"l":2},"a":{"a":0,"k":[250,250,0],"ix":1,"l":2},"s":{"a":0,"k":[100,100,100],"ix":6,"l":2}},"ao":0,"ip":48.0000019550801,"op":51.0000020772726,"st":34.0000013848484,"bm":0},{"ddd":0,"ind":18,"ty":2,"nm":"ezgif-frame-016.png","cl":"png","refId":"image_8","sr":1,"ks":{"o":{"a":0,"k":100,"ix":11},"r":{"a":0,"k":0,"ix":10},"p":{"a":0,"k":[250,250,0],"ix":2,"l":2},"a":{"a":0,"k":[250,250,0],"ix":1,"l":2},"s":{"a":0,"k":[100,100,100],"ix":6,"l":2}},"ao":0,"ip":51.0000020772726,"op":54.0000021994651,"st":30.0000012219251,"bm":0},{"ddd":0,"ind":19,"ty":2,"nm":"ezgif-frame-001.png","cl":"png","refId":"image_0","sr":1,"ks":{"o":{"a":0,"k":100,"ix":11},"r":{"a":0,"k":0,"ix":10},"p":{"a":0,"k":[250,250,0],"ix":2,"l":2},"a":{"a":0,"k":[250,250,0],"ix":1,"l":2},"s":{"a":0,"k":[100,100,100],"ix":6,"l":2}},"ao":0,"ip":54.0000021994651,"op":57.0000023216576,"st":54.0000021994651,"bm":0},{"ddd":0,"ind":20,"ty":2,"nm":"ezgif-frame-005.png","cl":"png","refId":"image_1","sr":1,"ks":{"o":{"a":0,"k":100,"ix":11},"r":{"a":0,"k":0,"ix":10},"p":{"a":0,"k":[250,250,0],"ix":2,"l":2},"a":{"a":0,"k":[250,250,0],"ix":1,"l":2},"s":{"a":0,"k":[100,100,100],"ix":6,"l":2}},"ao":0,"ip":57.0000023216576,"op":60.0000024438501,"st":56.0000022809268,"bm":0},{"ddd":0,"ind":21,"ty":2,"nm":"ezgif-frame-006.png","cl":"png","refId":"image_2","sr":1,"ks":{"o":{"a":0,"k":100,"ix":11},"r":{"a":0,"k":0,"ix":10},"p":{"a":0,"k":[250,250,0],"ix":2,"l":2},"a":{"a":0,"k":[250,250,0],"ix":1,"l":2},"s":{"a":0,"k":[100,100,100],"ix":6,"l":2}},"ao":0,"ip":60.0000024438501,"op":63.0000025660426,"st":58.0000023623884,"bm":0},{"ddd":0,"ind":22,"ty":2,"nm":"ezgif-frame-007.png","cl":"png","refId":"image_3","sr":1,"ks":{"o":{"a":0,"k":100,"ix":11},"r":{"a":0,"k":0,"ix":10},"p":{"a":0,"k":[250,250,0],"ix":2,"l":2},"a":{"a":0,"k":[250,250,0],"ix":1,"l":2},"s":{"a":0,"k":[100,100,100],"ix":6,"l":2}},"ao":0,"ip":63.0000025660426,"op":66.0000026882351,"st":60.0000024438501,"bm":0},{"ddd":0,"ind":23,"ty":2,"nm":"ezgif-frame-008.png","cl":"png","refId":"image_4","sr":1,"ks":{"o":{"a":0,"k":100,"ix":11},"r":{"a":0,"k":0,"ix":10},"p":{"a":0,"k":[250,250,0],"ix":2,"l":2},"a":{"a":0,"k":[250,250,0],"ix":1,"l":2},"s":{"a":0,"k":[100,100,100],"ix":6,"l":2}},"ao":0,"ip":66.0000026882351,"op":69.0000028104276,"st":62.0000025253118,"bm":0},{"ddd":0,"ind":24,"ty":2,"nm":"ezgif-frame-010.png","cl":"png","refId":"image_5","sr":1,"ks":{"o":{"a":0,"k":100,"ix":11},"r":{"a":0,"k":0,"ix":10},"p":{"a":0,"k":[250,250,0],"ix":2,"l":2},"a":{"a":0,"k":[250,250,0],"ix":1,"l":2},"s":{"a":0,"k":[100,100,100],"ix":6,"l":2}},"ao":0,"ip":69.0000028104276,"op":72.0000029326201,"st":54.0000021994651,"bm":0},{"ddd":0,"ind":25,"ty":2,"nm":"ezgif-frame-011.png","cl":"png","refId":"image_6","sr":1,"ks":{"o":{"a":0,"k":100,"ix":11},"r":{"a":0,"k":0,"ix":10},"p":{"a":0,"k":[250,250,0],"ix":2,"l":2},"a":{"a":0,"k":[250,250,0],"ix":1,"l":2},"s":{"a":0,"k":[100,100,100],"ix":6,"l":2}},"ao":0,"ip":72.0000029326201,"op":75.0000030548126,"st":56.0000022809268,"bm":0},{"ddd":0,"ind":26,"ty":2,"nm":"ezgif-frame-014.png","cl":"png","refId":"image_7","sr":1,"ks":{"o":{"a":0,"k":100,"ix":11},"r":{"a":0,"k":0,"ix":10},"p":{"a":0,"k":[250,250,0],"ix":2,"l":2},"a":{"a":0,"k":[250,250,0],"ix":1,"l":2},"s":{"a":0,"k":[100,100,100],"ix":6,"l":2}},"ao":0,"ip":75.0000030548126,"op":78.0000031770051,"st":61.0000024845809,"bm":0},{"ddd":0,"ind":27,"ty":2,"nm":"ezgif-frame-016.png","cl":"png","refId":"image_8","sr":1,"ks":{"o":{"a":0,"k":100,"ix":11},"r":{"a":0,"k":0,"ix":10},"p":{"a":0,"k":[250,250,0],"ix":2,"l":2},"a":{"a":0,"k":[250,250,0],"ix":1,"l":2},"s":{"a":0,"k":[100,100,100],"ix":6,"l":2}},"ao":0,"ip":78.0000031770051,"op":81.0000032991976,"st":57.0000023216576,"bm":0}]},{"id":"comp_3","nm":"L hand 1 Comp 1","fr":29.9700012207031,"layers":[{"ddd":0,"ind":1,"ty":2,"nm":"Layer 7","refId":"image_14","sr":1,"ks":{"o":{"a":0,"k":100,"ix":11},"r":{"a":0,"k":0,"ix":10},"p":{"a":0,"k":[24.599,60.914,0],"ix":2,"l":2},"a":{"a":0,"k":[25.099,61.414,0],"ix":1,"l":2},"s":{"a":0,"k":[100,100,100],"ix":6,"l":2}},"ao":0,"ip":0,"op":150.000006109625,"st":0,"bm":0}]},{"id":"comp_4","nm":"body Comp 1","fr":29.9700012207031,"layers":[{"ddd":0,"ind":1,"ty":2,"nm":"Layer 13","refId":"image_18","sr":1,"ks":{"o":{"a":0,"k":100,"ix":11},"r":{"a":0,"k":0,"ix":10},"p":{"a":0,"k":[79.594,107.58,0],"ix":2,"l":2},"a":{"a":0,"k":[79.594,107.58,0],"ix":1,"l":2},"s":{"a":0,"k":[100,100,100],"ix":6,"l":2}},"ao":0,"ef":[{"ty":21,"nm":"Fill","np":9,"mn":"ADBE Fill","ix":1,"en":1,"ef":[{"ty":10,"nm":"Fill Mask","mn":"ADBE Fill-0001","ix":1,"v":{"a":0,"k":0,"ix":1}},{"ty":7,"nm":"All Masks","mn":"ADBE Fill-0007","ix":2,"v":{"a":0,"k":0,"ix":2}},{"ty":2,"nm":"Color","mn":"ADBE Fill-0002","ix":3,"v":{"a":0,"k":[0.917647123337,0.372549027205,0.168627455831,1],"ix":3}},{"ty":7,"nm":"Invert","mn":"ADBE Fill-0006","ix":4,"v":{"a":0,"k":0,"ix":4}},{"ty":0,"nm":"Horizontal Feather","mn":"ADBE Fill-0003","ix":5,"v":{"a":0,"k":0,"ix":5}},{"ty":0,"nm":"Vertical Feather","mn":"ADBE Fill-0004","ix":6,"v":{"a":0,"k":0,"ix":6}},{"ty":0,"nm":"Opacity","mn":"ADBE Fill-0005","ix":7,"v":{"a":0,"k":1,"ix":7}}]}],"ip":0,"op":150.000006109625,"st":0,"bm":0},{"ddd":0,"ind":2,"ty":2,"nm":"body/usman.ai","cl":"ai","refId":"image_19","sr":1,"ks":{"o":{"a":0,"k":100,"ix":11},"r":{"a":0,"k":0,"ix":10},"p":{"a":0,"k":[80,108,0],"ix":2,"l":2},"a":{"a":0,"k":[80,108,0],"ix":1,"l":2},"s":{"a":0,"k":[100,100,100],"ix":6,"l":2}},"ao":0,"ip":0,"op":150.000006109625,"st":0,"bm":0}]},{"id":"comp_5","nm":"R hand 1 Comp 1","fr":29.9700012207031,"layers":[{"ddd":0,"ind":1,"ty":2,"nm":"Layer 17","refId":"image_27","sr":1,"ks":{"o":{"a":0,"k":100,"ix":11},"r":{"a":0,"k":0,"ix":10},"p":{"a":0,"k":[38.926,58.887,0],"ix":2,"l":2},"a":{"a":0,"k":[38.926,59.387,0],"ix":1,"l":2},"s":{"a":0,"k":[100,100,100],"ix":6,"l":2}},"ao":0,"ip":0,"op":150.000006109625,"st":0,"bm":0}]},{"id":"comp_6","nm":"R hand 111 Comp 1","fr":29.9700012207031,"layers":[{"ddd":0,"ind":1,"ty":2,"nm":"Layer 7","refId":"image_29","sr":1,"ks":{"o":{"a":0,"k":100,"ix":11},"r":{"a":0,"k":163.429,"ix":10},"p":{"a":0,"k":[35.364,12.63,0],"ix":2,"l":2},"a":{"a":0,"k":[13.555,64.929,0],"ix":1,"l":2},"s":{"a":0,"k":[99.303,99.303,100],"ix":6,"l":2}},"ao":0,"ip":0,"op":150.000006109625,"st":0,"bm":0}]}],"layers":[{"ddd":0,"ind":1,"ty":0,"nm":"usman","refId":"comp_0","sr":1,"ks":{"o":{"a":0,"k":100,"ix":11},"r":{"a":0,"k":0,"ix":10},"p":{"a":0,"k":[225,399.5,0],"ix":2,"l":2},"a":{"a":0,"k":[960,540,0],"ix":1,"l":2},"s":{"a":0,"k":[100,100,100],"ix":6,"l":2}},"ao":0,"w":1920,"h":1080,"ip":0,"op":150.000006109625,"st":0,"bm":0}],"markers":[]}