{"v":"5.9.1","fr":29.9700012207031,"ip":0,"op":130.000005295009,"w":450,"h":799,"nm":"usman 2","ddd":0,"assets":[{"id":"image_0","w":43,"h":25,"u":"images/","p":"img_0.png","e":0},{"id":"image_1","w":24,"h":14,"u":"images/","p":"img_1.png","e":0},{"id":"image_2","w":29,"h":15,"u":"images/","p":"img_2.png","e":0},{"id":"image_3","w":12,"h":12,"u":"images/","p":"img_3.png","e":0},{"id":"image_4","w":12,"h":12,"u":"images/","p":"img_4.png","e":0},{"id":"image_5","w":108,"h":145,"u":"images/","p":"img_5.png","e":0},{"id":"image_6","w":51,"h":123,"u":"images/","p":"img_6.png","e":0},{"id":"image_7","w":32,"h":104,"u":"images/","p":"img_7.png","e":0},{"id":"image_8","w":37,"h":47,"u":"images/","p":"img_8.png","e":0},{"id":"image_9","w":131,"h":156,"u":"images/","p":"img_9.png","e":0},{"id":"image_10","w":35,"h":57,"u":"images/","p":"img_10.png","e":0},{"id":"image_11","w":138,"h":376,"u":"images/","p":"img_11.png","e":0},{"id":"image_12","w":160,"h":216,"u":"images/","p":"img_12.png","e":0},{"id":"image_13","w":112,"h":55,"u":"images/","p":"img_13.png","e":0},{"id":"image_14","w":55,"h":191,"u":"images/","p":"img_14.png","e":0},{"id":"image_15","w":47,"h":175,"u":"images/","p":"img_15.png","e":0},{"id":"image_16","w":70,"h":47,"u":"images/","p":"img_16.png","e":0},{"id":"image_17","w":55,"h":191,"u":"images/","p":"img_17.png","e":0},{"id":"image_18","w":47,"h":175,"u":"images/","p":"img_18.png","e":0},{"id":"image_19","w":70,"h":47,"u":"images/","p":"img_19.png","e":0},{"id":"image_20","w":78,"h":119,"u":"images/","p":"img_20.png","e":0},{"id":"image_21","w":56,"h":102,"u":"images/","p":"img_21.png","e":0},{"id":"image_22","w":50,"h":74,"u":"images/","p":"img_22.png","e":0},{"id":"comp_0","nm":"usman","fr":29.9700012207031,"layers":[{"ddd":0,"ind":1,"ty":2,"nm":"Asset 5.png","cl":"png","refId":"image_0","sr":1,"ks":{"o":{"a":0,"k":100,"ix":11},"r":{"a":0,"k":172.611,"ix":10},"p":{"a":0,"k":[957.625,323.125,0],"ix":2,"l":2},"a":{"a":0,"k":[21.5,12.5,0],"ix":1,"l":2},"s":{"a":0,"k":[29.535,29.535,100],"ix":6,"l":2}},"ao":0,"ef":[{"ty":21,"nm":"Fill","np":9,"mn":"ADBE Fill","ix":1,"en":1,"ef":[{"ty":10,"nm":"Fill Mask","mn":"ADBE Fill-0001","ix":1,"v":{"a":0,"k":0,"ix":1}},{"ty":7,"nm":"All Masks","mn":"ADBE Fill-0007","ix":2,"v":{"a":0,"k":0,"ix":2}},{"ty":2,"nm":"Color","mn":"ADBE Fill-0002","ix":3,"v":{"a":0,"k":[0.95294123888,0.639215707779,0.521568655968,1],"ix":3}},{"ty":7,"nm":"Invert","mn":"ADBE Fill-0006","ix":4,"v":{"a":0,"k":0,"ix":4}},{"ty":0,"nm":"Horizontal Feather","mn":"ADBE Fill-0003","ix":5,"v":{"a":0,"k":0,"ix":5}},{"ty":0,"nm":"Vertical Feather","mn":"ADBE Fill-0004","ix":6,"v":{"a":0,"k":0,"ix":6}},{"ty":0,"nm":"Opacity","mn":"ADBE Fill-0005","ix":7,"v":{"a":0,"k":1,"ix":7}}]}],"ip":0,"op":150.000006109625,"st":0,"bm":0},{"ddd":0,"ind":2,"ty":2,"nm":"Asset 5.png","cl":"png","refId":"image_0","sr":1,"ks":{"o":{"a":0,"k":100,"ix":11},"r":{"a":0,"k":0,"ix":10},"p":{"a":0,"k":[957.875,322.875,0],"ix":2,"l":2},"a":{"a":0,"k":[21.5,12.5,0],"ix":1,"l":2},"s":{"a":0,"k":[29.535,29.535,100],"ix":6,"l":2}},"ao":0,"ef":[{"ty":21,"nm":"Fill","np":9,"mn":"ADBE Fill","ix":1,"en":1,"ef":[{"ty":10,"nm":"Fill Mask","mn":"ADBE Fill-0001","ix":1,"v":{"a":0,"k":0,"ix":1}},{"ty":7,"nm":"All Masks","mn":"ADBE Fill-0007","ix":2,"v":{"a":0,"k":0,"ix":2}},{"ty":2,"nm":"Color","mn":"ADBE Fill-0002","ix":3,"v":{"a":0,"k":[0.964705944061,0.690196096897,0.57647061348,1],"ix":3}},{"ty":7,"nm":"Invert","mn":"ADBE Fill-0006","ix":4,"v":{"a":0,"k":0,"ix":4}},{"ty":0,"nm":"Horizontal Feather","mn":"ADBE Fill-0003","ix":5,"v":{"a":0,"k":0,"ix":5}},{"ty":0,"nm":"Vertical Feather","mn":"ADBE Fill-0004","ix":6,"v":{"a":0,"k":0,"ix":6}},{"ty":0,"nm":"Opacity","mn":"ADBE Fill-0005","ix":7,"v":{"a":0,"k":1,"ix":7}}]}],"ip":0,"op":150.000006109625,"st":0,"bm":0},{"ddd":0,"ind":5,"ty":3,"nm":"C | body down","sr":1,"ks":{"o":{"a":0,"k":100,"ix":11},"r":{"a":0,"k":-0.136,"ix":10},"p":{"a":1,"k":[{"i":{"x":0.833,"y":0.833},"o":{"x":0.167,"y":0.167},"t":0,"s":[950.869,554.289,0],"to":[0,0,0],"ti":[0,0,0]},{"i":{"x":0.833,"y":0.833},"o":{"x":0.167,"y":0.167},"t":10,"s":[950.869,554.289,0],"to":[0,0.167,0],"ti":[0,0,0]},{"i":{"x":0.833,"y":0.833},"o":{"x":0.167,"y":0.167},"t":30,"s":[950.869,555.289,0],"to":[0,0,0],"ti":[0,0.167,0]},{"i":{"x":0.833,"y":0.833},"o":{"x":0.167,"y":0.167},"t":70,"s":[950.869,554.289,0],"to":[0,0,0],"ti":[0,0,0]},{"t":90.0000036657751,"s":[950.869,554.289,0]}],"ix":2,"l":2},"a":{"a":0,"k":[0,0,0],"ix":1,"l":2},"s":{"k":[{"s":[100,100,100],"t":0,"i":{"x":[1,1,1],"y":[1,1,1]},"o":{"x":[0,0,0],"y":[0,0,0]}},{"s":[100,100,100],"t":130,"i":{"x":[1,1,1],"y":[1,1,1]},"o":{"x":[0,0,0],"y":[0,0,0]}}],"l":2}},"ao":0,"ef":[{"ty":5,"nm":"Controller","np":14,"mn":"Pseudo/DUIK Ctrl v02","ix":1,"en":1,"ef":[{"ty":6,"nm":"Icon","mn":"Pseudo/DUIK Ctrl v02-0001","ix":1,"v":0},{"ty":2,"nm":"Color","mn":"Pseudo/DUIK Ctrl v02-0002","ix":2,"v":{"a":0,"k":[0.92549020052,0.0941176489,0.0941176489,1],"ix":2}},{"ty":3,"nm":"Position","mn":"Pseudo/DUIK Ctrl v02-0003","ix":3,"v":{"a":0,"k":[0,0],"ix":3}},{"ty":0,"nm":"Size","mn":"Pseudo/DUIK Ctrl v02-0004","ix":4,"v":{"a":0,"k":100,"ix":4}},{"ty":7,"nm":"Flip","mn":"Pseudo/DUIK Ctrl v02-0005","ix":5,"v":{"a":0,"k":0,"ix":5}},{"ty":0,"nm":"Orientation","mn":"Pseudo/DUIK Ctrl v02-0006","ix":6,"v":{"a":0,"k":0,"ix":6}},{"ty":0,"nm":"Opacity","mn":"Pseudo/DUIK Ctrl v02-0007","ix":7,"v":{"a":0,"k":100,"ix":7}},{"ty":6,"nm":"","mn":"Pseudo/DUIK Ctrl v02-0008","ix":8,"v":0},{"ty":6,"nm":"Anchor","mn":"Pseudo/DUIK Ctrl v02-0009","ix":9,"v":0},{"ty":2,"nm":"Color","mn":"Pseudo/DUIK Ctrl v02-0010","ix":10,"v":{"a":0,"k":[0,0,0,1],"ix":10}},{"ty":0,"nm":"Size","mn":"Pseudo/DUIK Ctrl v02-0011","ix":11,"v":{"a":0,"k":100,"ix":11}},{"ty":6,"nm":"","mn":"Pseudo/DUIK Ctrl v02-0012","ix":12,"v":0}]}],"ip":0,"op":150.000006109625,"st":0,"bm":0},{"ddd":0,"ind":8,"ty":0,"nm":"Pre-comp 2","refId":"comp_1","sr":1,"ks":{"o":{"a":0,"k":100,"ix":11},"r":{"a":1,"k":[{"i":{"x":[0.833],"y":[0.833]},"o":{"x":[0.167],"y":[0.167]},"t":0,"s":[4.92]},{"i":{"x":[0.833],"y":[0.833]},"o":{"x":[0.167],"y":[0.167]},"t":10,"s":[6.6]},{"i":{"x":[0.833],"y":[0.833]},"o":{"x":[0.167],"y":[0.167]},"t":30,"s":[4.342]},{"i":{"x":[0.833],"y":[0.833]},"o":{"x":[0.167],"y":[0.167]},"t":50,"s":[5.486]},{"i":{"x":[0.833],"y":[0.833]},"o":{"x":[0.167],"y":[0.167]},"t":70,"s":[4.556]},{"t":90.0000036657751,"s":[5.406]}],"ix":10},"p":{"a":0,"k":[951.5,336,0],"ix":2,"l":2},"a":{"a":0,"k":[64,142.5,0],"ix":1,"l":2},"s":{"a":0,"k":[100,100,100],"ix":6,"l":2}},"ao":0,"w":117,"h":160,"ip":0,"op":150.000006109625,"st":0,"bm":0},{"ddd":0,"ind":10,"ty":2,"nm":"L hand 1","parent":16,"refId":"image_6","sr":1,"ks":{"o":{"a":0,"k":100,"ix":11},"r":{"k":[{"s":[355.244],"t":0,"i":{"x":[1],"y":[1]},"o":{"x":[0],"y":[0]}},{"s":[360.976],"t":1,"i":{"x":[1],"y":[1]},"o":{"x":[0],"y":[0]}},{"s":[372],"t":2,"i":{"x":[1],"y":[1]},"o":{"x":[0],"y":[0]}},{"s":[378.383],"t":3,"i":{"x":[1],"y":[1]},"o":{"x":[0],"y":[0]}},{"s":[383.362],"t":4,"i":{"x":[1],"y":[1]},"o":{"x":[0],"y":[0]}},{"s":[387.474],"t":5,"i":{"x":[1],"y":[1]},"o":{"x":[0],"y":[0]}},{"s":[390.854],"t":6,"i":{"x":[1],"y":[1]},"o":{"x":[0],"y":[0]}},{"s":[393.434],"t":7,"i":{"x":[1],"y":[1]},"o":{"x":[0],"y":[0]}},{"s":[395.011],"t":8,"i":{"x":[1],"y":[1]},"o":{"x":[0],"y":[0]}},{"s":[395.251],"t":9,"i":{"x":[1],"y":[1]},"o":{"x":[0],"y":[0]}},{"s":[393.923],"t":10,"i":{"x":[1],"y":[1]},"o":{"x":[0],"y":[0]}},{"s":[391.686],"t":11,"i":{"x":[1],"y":[1]},"o":{"x":[0],"y":[0]}},{"s":[388.882],"t":12,"i":{"x":[1],"y":[1]},"o":{"x":[0],"y":[0]}},{"s":[385.745],"t":13,"i":{"x":[1],"y":[1]},"o":{"x":[0],"y":[0]}},{"s":[382.388],"t":14,"i":{"x":[1],"y":[1]},"o":{"x":[0],"y":[0]}},{"s":[378.886],"t":15,"i":{"x":[1],"y":[1]},"o":{"x":[0],"y":[0]}},{"s":[375.284],"t":16,"i":{"x":[1],"y":[1]},"o":{"x":[0],"y":[0]}},{"s":[371.609],"t":17,"i":{"x":[1],"y":[1]},"o":{"x":[0],"y":[0]}},{"s":[367.887],"t":18,"i":{"x":[1],"y":[1]},"o":{"x":[0],"y":[0]}},{"s":[364.13],"t":19,"i":{"x":[1],"y":[1]},"o":{"x":[0],"y":[0]}},{"s":[360.342],"t":20,"i":{"x":[1],"y":[1]},"o":{"x":[0],"y":[0]}},{"s":[356.518],"t":21,"i":{"x":[1],"y":[1]},"o":{"x":[0],"y":[0]}},{"s":[352.65],"t":22,"i":{"x":[1],"y":[1]},"o":{"x":[0],"y":[0]}},{"s":[348.723],"t":23,"i":{"x":[1],"y":[1]},"o":{"x":[0],"y":[0]}},{"s":[344.718],"t":24,"i":{"x":[1],"y":[1]},"o":{"x":[0],"y":[0]}},{"s":[340.608],"t":25,"i":{"x":[1],"y":[1]},"o":{"x":[0],"y":[0]}},{"s":[336.337],"t":26,"i":{"x":[1],"y":[1]},"o":{"x":[0],"y":[0]}},{"s":[331.83],"t":27,"i":{"x":[1],"y":[1]},"o":{"x":[0],"y":[0]}},{"s":[326.994],"t":28,"i":{"x":[1],"y":[1]},"o":{"x":[0],"y":[0]}},{"s":[321.615],"t":29,"i":{"x":[1],"y":[1]},"o":{"x":[0],"y":[0]}},{"s":[315.248],"t":30,"i":{"x":[1],"y":[1]},"o":{"x":[0],"y":[0]}},{"s":[314.936],"t":56,"i":{"x":[1],"y":[1]},"o":{"x":[0],"y":[0]}}]},"p":{"a":0,"k":[15.6,44.617,0],"ix":2,"l":2},"a":{"a":0,"k":[27.841,17.53,0],"ix":1,"l":2},"s":{"a":0,"k":[100,100,100],"ix":6,"l":2}},"ao":0,"ef":[{"ty":5,"nm":"IK","np":3,"mn":"Pseudo/DUIK ik","ix":1,"en":1,"ef":[{"ty":10,"nm":"Controller","mn":"Pseudo/DUIK ik-0001","ix":1,"v":{"a":0,"k":7,"ix":1}}]}],"ip":0,"op":150.000006109625,"st":0,"bm":0},{"ddd":0,"ind":11,"ty":2,"nm":"L hand 11","parent":10,"refId":"image_7","sr":1,"ks":{"o":{"a":0,"k":100,"ix":11},"r":{"k":[{"s":[2.719],"t":0,"i":{"x":[1],"y":[1]},"o":{"x":[0],"y":[0]}},{"s":[-9.444],"t":1,"i":{"x":[1],"y":[1]},"o":{"x":[0],"y":[0]}},{"s":[-32.144],"t":2,"i":{"x":[1],"y":[1]},"o":{"x":[0],"y":[0]}},{"s":[-45.234],"t":3,"i":{"x":[1],"y":[1]},"o":{"x":[0],"y":[0]}},{"s":[-55.588],"t":4,"i":{"x":[1],"y":[1]},"o":{"x":[0],"y":[0]}},{"s":[-64.475],"t":5,"i":{"x":[1],"y":[1]},"o":{"x":[0],"y":[0]}},{"s":[-72.378],"t":6,"i":{"x":[1],"y":[1]},"o":{"x":[0],"y":[0]}},{"s":[-79.439],"t":7,"i":{"x":[1],"y":[1]},"o":{"x":[0],"y":[0]}},{"s":[-85.63],"t":8,"i":{"x":[1],"y":[1]},"o":{"x":[0],"y":[0]}},{"s":[-90.633],"t":9,"i":{"x":[1],"y":[1]},"o":{"x":[0],"y":[0]}},{"s":[-93.989],"t":10,"i":{"x":[1],"y":[1]},"o":{"x":[0],"y":[0]}},{"s":[-95.52],"t":11,"i":{"x":[1],"y":[1]},"o":{"x":[0],"y":[0]}},{"s":[-96.122],"t":12,"i":{"x":[1],"y":[1]},"o":{"x":[0],"y":[0]}},{"s":[-96.053],"t":13,"i":{"x":[1],"y":[1]},"o":{"x":[0],"y":[0]}},{"s":[-95.443],"t":14,"i":{"x":[1],"y":[1]},"o":{"x":[0],"y":[0]}},{"s":[-94.366],"t":15,"i":{"x":[1],"y":[1]},"o":{"x":[0],"y":[0]}},{"s":[-92.871],"t":16,"i":{"x":[1],"y":[1]},"o":{"x":[0],"y":[0]}},{"s":[-90.986],"t":17,"i":{"x":[1],"y":[1]},"o":{"x":[0],"y":[0]}},{"s":[-88.736],"t":18,"i":{"x":[1],"y":[1]},"o":{"x":[0],"y":[0]}},{"s":[-86.136],"t":19,"i":{"x":[1],"y":[1]},"o":{"x":[0],"y":[0]}},{"s":[-83.193],"t":20,"i":{"x":[1],"y":[1]},"o":{"x":[0],"y":[0]}},{"s":[-79.906],"t":21,"i":{"x":[1],"y":[1]},"o":{"x":[0],"y":[0]}},{"s":[-76.262],"t":22,"i":{"x":[1],"y":[1]},"o":{"x":[0],"y":[0]}},{"s":[-72.244],"t":23,"i":{"x":[1],"y":[1]},"o":{"x":[0],"y":[0]}},{"s":[-67.822],"t":24,"i":{"x":[1],"y":[1]},"o":{"x":[0],"y":[0]}},{"s":[-62.954],"t":25,"i":{"x":[1],"y":[1]},"o":{"x":[0],"y":[0]}},{"s":[-57.548],"t":26,"i":{"x":[1],"y":[1]},"o":{"x":[0],"y":[0]}},{"s":[-51.473],"t":27,"i":{"x":[1],"y":[1]},"o":{"x":[0],"y":[0]}},{"s":[-44.547],"t":28,"i":{"x":[1],"y":[1]},"o":{"x":[0],"y":[0]}},{"s":[-36.371],"t":29,"i":{"x":[1],"y":[1]},"o":{"x":[0],"y":[0]}},{"s":[-26.098],"t":30,"i":{"x":[1],"y":[1]},"o":{"x":[0],"y":[0]}},{"s":[-26.017],"t":32,"i":{"x":[1],"y":[1]},"o":{"x":[0],"y":[0]}},{"s":[-25.977],"t":33,"i":{"x":[1],"y":[1]},"o":{"x":[0],"y":[0]}},{"s":[-25.938],"t":34,"i":{"x":[1],"y":[1]},"o":{"x":[0],"y":[0]}},{"s":[-25.9],"t":35,"i":{"x":[1],"y":[1]},"o":{"x":[0],"y":[0]}},{"s":[-25.862],"t":36,"i":{"x":[1],"y":[1]},"o":{"x":[0],"y":[0]}},{"s":[-25.786],"t":38,"i":{"x":[1],"y":[1]},"o":{"x":[0],"y":[0]}},{"s":[-25.748],"t":39,"i":{"x":[1],"y":[1]},"o":{"x":[0],"y":[0]}},{"s":[-25.709],"t":40,"i":{"x":[1],"y":[1]},"o":{"x":[0],"y":[0]}},{"s":[-25.67],"t":41,"i":{"x":[1],"y":[1]},"o":{"x":[0],"y":[0]}},{"s":[-25.631],"t":42,"i":{"x":[1],"y":[1]},"o":{"x":[0],"y":[0]}},{"s":[-25.591],"t":43,"i":{"x":[1],"y":[1]},"o":{"x":[0],"y":[0]}},{"s":[-25.433],"t":47,"i":{"x":[1],"y":[1]},"o":{"x":[0],"y":[0]}},{"s":[-25.354],"t":49,"i":{"x":[1],"y":[1]},"o":{"x":[0],"y":[0]}},{"s":[-25.314],"t":50,"i":{"x":[1],"y":[1]},"o":{"x":[0],"y":[0]}},{"s":[-25.275],"t":51,"i":{"x":[1],"y":[1]},"o":{"x":[0],"y":[0]}},{"s":[-25.235],"t":52,"i":{"x":[1],"y":[1]},"o":{"x":[0],"y":[0]}},{"s":[-25.195],"t":53,"i":{"x":[1],"y":[1]},"o":{"x":[0],"y":[0]}},{"s":[-25.155],"t":54,"i":{"x":[1],"y":[1]},"o":{"x":[0],"y":[0]}},{"s":[-25.115],"t":55,"i":{"x":[1],"y":[1]},"o":{"x":[0],"y":[0]}},{"s":[-25.075],"t":56,"i":{"x":[1],"y":[1]},"o":{"x":[0],"y":[0]}},{"s":[-25.035],"t":57,"i":{"x":[1],"y":[1]},"o":{"x":[0],"y":[0]}},{"s":[-24.995],"t":58,"i":{"x":[1],"y":[1]},"o":{"x":[0],"y":[0]}},{"s":[-24.914],"t":60,"i":{"x":[1],"y":[1]},"o":{"x":[0],"y":[0]}},{"s":[-24.874],"t":61,"i":{"x":[1],"y":[1]},"o":{"x":[0],"y":[0]}},{"s":[-24.794],"t":63,"i":{"x":[1],"y":[1]},"o":{"x":[0],"y":[0]}},{"s":[-24.754],"t":64,"i":{"x":[1],"y":[1]},"o":{"x":[0],"y":[0]}},{"s":[-24.714],"t":65,"i":{"x":[1],"y":[1]},"o":{"x":[0],"y":[0]}},{"s":[-24.673],"t":66,"i":{"x":[1],"y":[1]},"o":{"x":[0],"y":[0]}},{"s":[-24.632],"t":67,"i":{"x":[1],"y":[1]},"o":{"x":[0],"y":[0]}},{"s":[-24.59],"t":68,"i":{"x":[1],"y":[1]},"o":{"x":[0],"y":[0]}},{"s":[-24.548],"t":69,"i":{"x":[1],"y":[1]},"o":{"x":[0],"y":[0]}},{"s":[-24.507],"t":70,"i":{"x":[1],"y":[1]},"o":{"x":[0],"y":[0]}}]},"p":{"k":[{"s":[21.475,106.612,0],"t":0,"i":{"x":1,"y":1},"o":{"x":0,"y":0}},{"s":[21.475,106.612,0],"t":130,"i":{"x":1,"y":1},"o":{"x":0,"y":0}}],"l":2},"a":{"a":0,"k":[16.014,9.389,0],"ix":1,"l":2},"s":{"a":0,"k":[100,100,100],"ix":6,"l":2}},"ao":0,"ef":[{"ty":5,"nm":"IK","np":3,"mn":"Pseudo/DUIK ik","ix":1,"en":1,"ef":[{"ty":10,"nm":"Controller","mn":"Pseudo/DUIK ik-0001","ix":1,"v":{"a":0,"k":7,"ix":1}}]}],"ip":0,"op":150.000006109625,"st":0,"bm":0},{"ddd":0,"ind":12,"ty":2,"nm":"L hand 111","parent":11,"refId":"image_8","sr":1,"ks":{"o":{"a":0,"k":100,"ix":11},"r":{"k":[{"s":[-10.009],"t":0,"i":{"x":[1],"y":[1]},"o":{"x":[0],"y":[0]}},{"s":[-5.357],"t":1,"i":{"x":[1],"y":[1]},"o":{"x":[0],"y":[0]}},{"s":[4.54],"t":2,"i":{"x":[1],"y":[1]},"o":{"x":[0],"y":[0]}},{"s":[9.469],"t":3,"i":{"x":[1],"y":[1]},"o":{"x":[0],"y":[0]}},{"s":[13.065],"t":4,"i":{"x":[1],"y":[1]},"o":{"x":[0],"y":[0]}},{"s":[16.06],"t":5,"i":{"x":[1],"y":[1]},"o":{"x":[0],"y":[0]}},{"s":[18.804],"t":6,"i":{"x":[1],"y":[1]},"o":{"x":[0],"y":[0]}},{"s":[21.506],"t":7,"i":{"x":[1],"y":[1]},"o":{"x":[0],"y":[0]}},{"s":[24.341],"t":8,"i":{"x":[1],"y":[1]},"o":{"x":[0],"y":[0]}},{"s":[27.325],"t":9,"i":{"x":[1],"y":[1]},"o":{"x":[0],"y":[0]}},{"s":[30.23],"t":10,"i":{"x":[1],"y":[1]},"o":{"x":[0],"y":[0]}},{"s":[33.91],"t":11,"i":{"x":[1],"y":[1]},"o":{"x":[0],"y":[0]}},{"s":[37.229],"t":12,"i":{"x":[1],"y":[1]},"o":{"x":[0],"y":[0]}},{"s":[40.21],"t":13,"i":{"x":[1],"y":[1]},"o":{"x":[0],"y":[0]}},{"s":[42.869],"t":14,"i":{"x":[1],"y":[1]},"o":{"x":[0],"y":[0]}},{"s":[45.206],"t":15,"i":{"x":[1],"y":[1]},"o":{"x":[0],"y":[0]}},{"s":[47.225],"t":16,"i":{"x":[1],"y":[1]},"o":{"x":[0],"y":[0]}},{"s":[48.927],"t":17,"i":{"x":[1],"y":[1]},"o":{"x":[0],"y":[0]}},{"s":[50.312],"t":18,"i":{"x":[1],"y":[1]},"o":{"x":[0],"y":[0]}},{"s":[51.382],"t":19,"i":{"x":[1],"y":[1]},"o":{"x":[0],"y":[0]}},{"s":[52.139],"t":20,"i":{"x":[1],"y":[1]},"o":{"x":[0],"y":[0]}},{"s":[52.587],"t":21,"i":{"x":[1],"y":[1]},"o":{"x":[0],"y":[0]}},{"s":[52.724],"t":22,"i":{"x":[1],"y":[1]},"o":{"x":[0],"y":[0]}},{"s":[52.545],"t":23,"i":{"x":[1],"y":[1]},"o":{"x":[0],"y":[0]}},{"s":[52.041],"t":24,"i":{"x":[1],"y":[1]},"o":{"x":[0],"y":[0]}},{"s":[51.195],"t":25,"i":{"x":[1],"y":[1]},"o":{"x":[0],"y":[0]}},{"s":[49.973],"t":26,"i":{"x":[1],"y":[1]},"o":{"x":[0],"y":[0]}},{"s":[48.317],"t":27,"i":{"x":[1],"y":[1]},"o":{"x":[0],"y":[0]}},{"s":[46.139],"t":28,"i":{"x":[1],"y":[1]},"o":{"x":[0],"y":[0]}},{"s":[43.254],"t":29,"i":{"x":[1],"y":[1]},"o":{"x":[0],"y":[0]}},{"s":[39.261],"t":30,"i":{"x":[1],"y":[1]},"o":{"x":[0],"y":[0]}},{"s":[39.204],"t":32,"i":{"x":[1],"y":[1]},"o":{"x":[0],"y":[0]}},{"s":[39.176],"t":33,"i":{"x":[1],"y":[1]},"o":{"x":[0],"y":[0]}},{"s":[39.149],"t":34,"i":{"x":[1],"y":[1]},"o":{"x":[0],"y":[0]}},{"s":[39.122],"t":35,"i":{"x":[1],"y":[1]},"o":{"x":[0],"y":[0]}},{"s":[39.096],"t":36,"i":{"x":[1],"y":[1]},"o":{"x":[0],"y":[0]}},{"s":[39.069],"t":37,"i":{"x":[1],"y":[1]},"o":{"x":[0],"y":[0]}},{"s":[39.043],"t":38,"i":{"x":[1],"y":[1]},"o":{"x":[0],"y":[0]}},{"s":[39.016],"t":39,"i":{"x":[1],"y":[1]},"o":{"x":[0],"y":[0]}},{"s":[38.99],"t":40,"i":{"x":[1],"y":[1]},"o":{"x":[0],"y":[0]}},{"s":[38.962],"t":41,"i":{"x":[1],"y":[1]},"o":{"x":[0],"y":[0]}},{"s":[38.935],"t":42,"i":{"x":[1],"y":[1]},"o":{"x":[0],"y":[0]}},{"s":[38.907],"t":43,"i":{"x":[1],"y":[1]},"o":{"x":[0],"y":[0]}},{"s":[38.715],"t":50,"i":{"x":[1],"y":[1]},"o":{"x":[0],"y":[0]}},{"s":[38.688],"t":51,"i":{"x":[1],"y":[1]},"o":{"x":[0],"y":[0]}},{"s":[38.66],"t":52,"i":{"x":[1],"y":[1]},"o":{"x":[0],"y":[0]}},{"s":[38.632],"t":53,"i":{"x":[1],"y":[1]},"o":{"x":[0],"y":[0]}},{"s":[38.605],"t":54,"i":{"x":[1],"y":[1]},"o":{"x":[0],"y":[0]}},{"s":[38.577],"t":55,"i":{"x":[1],"y":[1]},"o":{"x":[0],"y":[0]}},{"s":[38.549],"t":56,"i":{"x":[1],"y":[1]},"o":{"x":[0],"y":[0]}},{"s":[38.522],"t":57,"i":{"x":[1],"y":[1]},"o":{"x":[0],"y":[0]}},{"s":[38.494],"t":58,"i":{"x":[1],"y":[1]},"o":{"x":[0],"y":[0]}},{"s":[38.438],"t":60,"i":{"x":[1],"y":[1]},"o":{"x":[0],"y":[0]}},{"s":[38.41],"t":61,"i":{"x":[1],"y":[1]},"o":{"x":[0],"y":[0]}},{"s":[38.355],"t":63,"i":{"x":[1],"y":[1]},"o":{"x":[0],"y":[0]}},{"s":[38.328],"t":64,"i":{"x":[1],"y":[1]},"o":{"x":[0],"y":[0]}},{"s":[38.3],"t":65,"i":{"x":[1],"y":[1]},"o":{"x":[0],"y":[0]}},{"s":[38.272],"t":66,"i":{"x":[1],"y":[1]},"o":{"x":[0],"y":[0]}},{"s":[38.243],"t":67,"i":{"x":[1],"y":[1]},"o":{"x":[0],"y":[0]}},{"s":[38.215],"t":68,"i":{"x":[1],"y":[1]},"o":{"x":[0],"y":[0]}},{"s":[38.186],"t":69,"i":{"x":[1],"y":[1]},"o":{"x":[0],"y":[0]}}]},"p":{"k":[{"s":[14.023,92.736,0],"t":0,"i":{"x":1,"y":1},"o":{"x":0,"y":0}},{"s":[14.023,92.736,0],"t":130,"i":{"x":1,"y":1},"o":{"x":0,"y":0}}],"l":2},"a":{"a":0,"k":[7.696,7.781,0],"ix":1,"l":2},"s":{"a":0,"k":[100,100,100],"ix":6,"l":2}},"ao":0,"ef":[{"ty":5,"nm":"IK","np":3,"mn":"Pseudo/DUIK ik","ix":1,"en":1,"ef":[{"ty":10,"nm":"Controller","mn":"Pseudo/DUIK ik-0001","ix":1,"v":{"a":0,"k":7,"ix":1}}]}],"ip":0,"op":150.000006109625,"st":0,"bm":0},{"ddd":0,"ind":13,"ty":2,"nm":"Asset 10 (2).png","cl":"png","parent":12,"refId":"image_9","sr":1,"ks":{"o":{"a":0,"k":100,"ix":11},"r":{"a":0,"k":44.186,"ix":10},"p":{"a":0,"k":[19.228,32.554,0],"ix":2,"l":2},"a":{"a":0,"k":[65.5,78,0],"ix":1,"l":2},"s":{"a":0,"k":[29.808,29.808,100],"ix":6,"l":2}},"ao":0,"ip":0,"op":150.000006109625,"st":0,"bm":0},{"ddd":0,"ind":14,"ty":2,"nm":"neck","parent":16,"refId":"image_10","sr":1,"ks":{"o":{"a":0,"k":100,"ix":11},"r":{"a":0,"k":0,"ix":10},"p":{"a":0,"k":[84.242,8.447,0],"ix":2,"l":2},"a":{"a":0,"k":[17.445,46.355,0],"ix":1,"l":2},"s":{"a":0,"k":[100,100,100],"ix":6,"l":2}},"ao":0,"ip":0,"op":150.000006109625,"st":0,"bm":0},{"ddd":0,"ind":15,"ty":2,"nm":"Layer 9","parent":16,"refId":"image_11","sr":1,"ks":{"o":{"a":0,"k":100,"ix":11},"r":{"a":0,"k":0,"ix":10},"p":{"a":0,"k":[83.933,13.822,0],"ix":2,"l":2},"a":{"a":0,"k":[60.738,2.972,0],"ix":1,"l":2},"s":{"a":0,"k":[100,100,100],"ix":6,"l":2}},"ao":0,"ip":0,"op":150.000006109625,"st":0,"bm":0},{"ddd":0,"ind":16,"ty":2,"nm":"body","parent":17,"refId":"image_12","sr":1,"ks":{"o":{"a":0,"k":100,"ix":11},"r":{"a":0,"k":0,"ix":10},"p":{"a":0,"k":[57.276,11.561,0],"ix":2,"l":2},"a":{"a":0,"k":[87.594,196.08,0],"ix":1,"l":2},"s":{"a":0,"k":[100,100,100],"ix":6,"l":2}},"ao":0,"ip":0,"op":150.000006109625,"st":0,"bm":0},{"ddd":0,"ind":17,"ty":2,"nm":"body down","parent":5,"refId":"image_13","sr":1,"ks":{"o":{"a":0,"k":100,"ix":11},"r":{"a":0,"k":0,"ix":10},"p":{"a":0,"k":[0,0,0],"ix":2,"l":2},"a":{"a":0,"k":[55.512,27.228,0],"ix":1,"l":2},"s":{"a":0,"k":[100,100,100],"ix":6,"l":2}},"ao":0,"ip":0,"op":150.000006109625,"st":0,"bm":0},{"ddd":0,"ind":18,"ty":2,"nm":"L leg 1","parent":17,"refId":"image_14","sr":1,"ks":{"o":{"a":0,"k":100,"ix":11},"r":{"k":[{"s":[0.044],"t":10,"i":{"x":[1],"y":[1]},"o":{"x":[0],"y":[0]}},{"s":[0.046],"t":30,"i":{"x":[1],"y":[1]},"o":{"x":[0],"y":[0]}},{"s":[0.044],"t":70,"i":{"x":[1],"y":[1]},"o":{"x":[0],"y":[0]}}]},"p":{"a":0,"k":[28.228,29.348,0],"ix":2,"l":2},"a":{"a":0,"k":[28.131,27.282,0],"ix":1,"l":2},"s":{"a":0,"k":[100,100,100],"ix":6,"l":2}},"ao":0,"ef":[{"ty":5,"nm":"IK","np":3,"mn":"Pseudo/DUIK ik","ix":1,"en":1,"ef":[{"ty":10,"nm":"Controller","mn":"Pseudo/DUIK ik-0001","ix":1,"v":{"a":0,"k":4,"ix":1}}]}],"ip":0,"op":150.000006109625,"st":0,"bm":0},{"ddd":0,"ind":19,"ty":2,"nm":"L leg 11","parent":18,"refId":"image_15","sr":1,"ks":{"o":{"a":0,"k":100,"ix":11},"r":{"k":[{"s":[0.531],"t":0,"i":{"x":[1],"y":[1]},"o":{"x":[0],"y":[0]}},{"s":[0.531],"t":130,"i":{"x":[1],"y":[1]},"o":{"x":[0],"y":[0]}}]},"p":{"k":[{"s":[26.794,167.135,0],"t":0,"i":{"x":1,"y":1},"o":{"x":0,"y":0}},{"s":[26.794,167.135,0],"t":130,"i":{"x":1,"y":1},"o":{"x":0,"y":0}}],"l":2},"a":{"a":0,"k":[23.11,13.364,0],"ix":1,"l":2},"s":{"a":0,"k":[100,100,100],"ix":6,"l":2}},"ao":0,"ef":[{"ty":5,"nm":"IK","np":3,"mn":"Pseudo/DUIK ik","ix":1,"en":1,"ef":[{"ty":10,"nm":"Controller","mn":"Pseudo/DUIK ik-0001","ix":1,"v":{"a":0,"k":4,"ix":1}}]}],"ip":0,"op":150.000006109625,"st":0,"bm":0},{"ddd":0,"ind":20,"ty":2,"nm":"L shoes 111","parent":19,"refId":"image_16","sr":1,"ks":{"o":{"a":0,"k":100,"ix":11},"r":{"k":[{"s":[-2.921],"t":0,"i":{"x":[1],"y":[1]},"o":{"x":[0],"y":[0]}},{"s":[-2.921],"t":130,"i":{"x":[1],"y":[1]},"o":{"x":[0],"y":[0]}}]},"p":{"k":[{"s":[23.062,175.846,0],"t":0,"i":{"x":1,"y":1},"o":{"x":0,"y":0}},{"s":[23.062,175.846,0],"t":130,"i":{"x":1,"y":1},"o":{"x":0,"y":0}}],"l":2},"a":{"a":0,"k":[12.302,17.809,0],"ix":1,"l":2},"s":{"a":0,"k":[100,100,100],"ix":6,"l":2}},"ao":0,"ef":[{"ty":5,"nm":"IK","np":3,"mn":"Pseudo/DUIK ik","ix":1,"en":1,"ef":[{"ty":10,"nm":"Controller","mn":"Pseudo/DUIK ik-0001","ix":1,"v":{"a":0,"k":4,"ix":1}}]}],"ip":0,"op":150.000006109625,"st":0,"bm":0},{"ddd":0,"ind":21,"ty":2,"nm":"R leg 1","parent":17,"refId":"image_17","sr":1,"ks":{"o":{"a":0,"k":100,"ix":11},"r":{"k":[{"s":[711.945],"t":15,"i":{"x":[1],"y":[1]},"o":{"x":[0],"y":[0]}},{"s":[711.244],"t":21,"i":{"x":[1],"y":[1]},"o":{"x":[0],"y":[0]}},{"s":[710.626],"t":27,"i":{"x":[1],"y":[1]},"o":{"x":[0],"y":[0]}},{"s":[711.299],"t":49,"i":{"x":[1],"y":[1]},"o":{"x":[0],"y":[0]}},{"s":[712.008],"t":61,"i":{"x":[1],"y":[1]},"o":{"x":[0],"y":[0]}}]},"p":{"a":0,"k":[85.046,30.598,0],"ix":2,"l":2},"a":{"a":0,"k":[29.867,25.014,0],"ix":1,"l":2},"s":{"a":0,"k":[100,100,100],"ix":6,"l":2}},"ao":0,"ef":[{"ty":5,"nm":"IK","np":3,"mn":"Pseudo/DUIK ik","ix":1,"en":1,"ef":[{"ty":10,"nm":"Controller","mn":"Pseudo/DUIK ik-0001","ix":1,"v":{"a":0,"k":0,"ix":1}}]},{"ty":5,"nm":"IK 2","np":3,"mn":"Pseudo/DUIK ik","ix":2,"en":1,"ef":[{"ty":10,"nm":"Controller","mn":"Pseudo/DUIK ik-0001","ix":1,"v":{"a":0,"k":0,"ix":1}}]},{"ty":5,"nm":"IK 3","np":3,"mn":"Pseudo/DUIK ik","ix":3,"en":1,"ef":[{"ty":10,"nm":"Controller","mn":"Pseudo/DUIK ik-0001","ix":1,"v":{"a":0,"k":3,"ix":1}}]}],"ip":0,"op":150.000006109625,"st":0,"bm":0},{"ddd":0,"ind":22,"ty":2,"nm":"R leg 11","parent":21,"refId":"image_18","sr":1,"ks":{"o":{"a":0,"k":100,"ix":11},"r":{"k":[{"s":[8.699],"t":10,"i":{"x":[1],"y":[1]},"o":{"x":[0],"y":[0]}},{"s":[8.974],"t":11,"i":{"x":[1],"y":[1]},"o":{"x":[0],"y":[0]}},{"s":[9.241],"t":12,"i":{"x":[1],"y":[1]},"o":{"x":[0],"y":[0]}},{"s":[9.495],"t":13,"i":{"x":[1],"y":[1]},"o":{"x":[0],"y":[0]}},{"s":[9.739],"t":14,"i":{"x":[1],"y":[1]},"o":{"x":[0],"y":[0]}},{"s":[9.976],"t":15,"i":{"x":[1],"y":[1]},"o":{"x":[0],"y":[0]}},{"s":[10.211],"t":16,"i":{"x":[1],"y":[1]},"o":{"x":[0],"y":[0]}},{"s":[10.441],"t":17,"i":{"x":[1],"y":[1]},"o":{"x":[0],"y":[0]}},{"s":[10.664],"t":18,"i":{"x":[1],"y":[1]},"o":{"x":[0],"y":[0]}},{"s":[10.883],"t":19,"i":{"x":[1],"y":[1]},"o":{"x":[0],"y":[0]}},{"s":[11.096],"t":20,"i":{"x":[1],"y":[1]},"o":{"x":[0],"y":[0]}},{"s":[11.306],"t":21,"i":{"x":[1],"y":[1]},"o":{"x":[0],"y":[0]}},{"s":[11.511],"t":22,"i":{"x":[1],"y":[1]},"o":{"x":[0],"y":[0]}},{"s":[11.714],"t":23,"i":{"x":[1],"y":[1]},"o":{"x":[0],"y":[0]}},{"s":[11.913],"t":24,"i":{"x":[1],"y":[1]},"o":{"x":[0],"y":[0]}},{"s":[12.108],"t":25,"i":{"x":[1],"y":[1]},"o":{"x":[0],"y":[0]}},{"s":[12.295],"t":26,"i":{"x":[1],"y":[1]},"o":{"x":[0],"y":[0]}},{"s":[12.478],"t":27,"i":{"x":[1],"y":[1]},"o":{"x":[0],"y":[0]}},{"s":[12.661],"t":28,"i":{"x":[1],"y":[1]},"o":{"x":[0],"y":[0]}},{"s":[12.847],"t":29,"i":{"x":[1],"y":[1]},"o":{"x":[0],"y":[0]}},{"s":[13.036],"t":30,"i":{"x":[1],"y":[1]},"o":{"x":[0],"y":[0]}},{"s":[12.942],"t":31,"i":{"x":[1],"y":[1]},"o":{"x":[0],"y":[0]}},{"s":[12.847],"t":32,"i":{"x":[1],"y":[1]},"o":{"x":[0],"y":[0]}},{"s":[12.754],"t":33,"i":{"x":[1],"y":[1]},"o":{"x":[0],"y":[0]}},{"s":[12.661],"t":34,"i":{"x":[1],"y":[1]},"o":{"x":[0],"y":[0]}},{"s":[12.57],"t":35,"i":{"x":[1],"y":[1]},"o":{"x":[0],"y":[0]}},{"s":[12.387],"t":37,"i":{"x":[1],"y":[1]},"o":{"x":[0],"y":[0]}},{"s":[12.295],"t":38,"i":{"x":[1],"y":[1]},"o":{"x":[0],"y":[0]}},{"s":[12.203],"t":39,"i":{"x":[1],"y":[1]},"o":{"x":[0],"y":[0]}},{"s":[12.108],"t":40,"i":{"x":[1],"y":[1]},"o":{"x":[0],"y":[0]}},{"s":[12.011],"t":41,"i":{"x":[1],"y":[1]},"o":{"x":[0],"y":[0]}},{"s":[11.913],"t":42,"i":{"x":[1],"y":[1]},"o":{"x":[0],"y":[0]}},{"s":[11.814],"t":43,"i":{"x":[1],"y":[1]},"o":{"x":[0],"y":[0]}},{"s":[11.714],"t":44,"i":{"x":[1],"y":[1]},"o":{"x":[0],"y":[0]}},{"s":[11.613],"t":45,"i":{"x":[1],"y":[1]},"o":{"x":[0],"y":[0]}},{"s":[11.511],"t":46,"i":{"x":[1],"y":[1]},"o":{"x":[0],"y":[0]}},{"s":[11.409],"t":47,"i":{"x":[1],"y":[1]},"o":{"x":[0],"y":[0]}},{"s":[11.306],"t":48,"i":{"x":[1],"y":[1]},"o":{"x":[0],"y":[0]}},{"s":[11.201],"t":49,"i":{"x":[1],"y":[1]},"o":{"x":[0],"y":[0]}},{"s":[11.096],"t":50,"i":{"x":[1],"y":[1]},"o":{"x":[0],"y":[0]}},{"s":[10.99],"t":51,"i":{"x":[1],"y":[1]},"o":{"x":[0],"y":[0]}},{"s":[10.883],"t":52,"i":{"x":[1],"y":[1]},"o":{"x":[0],"y":[0]}},{"s":[10.774],"t":53,"i":{"x":[1],"y":[1]},"o":{"x":[0],"y":[0]}},{"s":[10.664],"t":54,"i":{"x":[1],"y":[1]},"o":{"x":[0],"y":[0]}},{"s":[10.553],"t":55,"i":{"x":[1],"y":[1]},"o":{"x":[0],"y":[0]}},{"s":[10.441],"t":56,"i":{"x":[1],"y":[1]},"o":{"x":[0],"y":[0]}},{"s":[10.327],"t":57,"i":{"x":[1],"y":[1]},"o":{"x":[0],"y":[0]}},{"s":[10.211],"t":58,"i":{"x":[1],"y":[1]},"o":{"x":[0],"y":[0]}},{"s":[10.094],"t":59,"i":{"x":[1],"y":[1]},"o":{"x":[0],"y":[0]}},{"s":[9.976],"t":60,"i":{"x":[1],"y":[1]},"o":{"x":[0],"y":[0]}},{"s":[9.858],"t":61,"i":{"x":[1],"y":[1]},"o":{"x":[0],"y":[0]}},{"s":[9.739],"t":62,"i":{"x":[1],"y":[1]},"o":{"x":[0],"y":[0]}},{"s":[9.618],"t":63,"i":{"x":[1],"y":[1]},"o":{"x":[0],"y":[0]}},{"s":[9.495],"t":64,"i":{"x":[1],"y":[1]},"o":{"x":[0],"y":[0]}},{"s":[9.369],"t":65,"i":{"x":[1],"y":[1]},"o":{"x":[0],"y":[0]}},{"s":[9.241],"t":66,"i":{"x":[1],"y":[1]},"o":{"x":[0],"y":[0]}},{"s":[9.109],"t":67,"i":{"x":[1],"y":[1]},"o":{"x":[0],"y":[0]}},{"s":[8.974],"t":68,"i":{"x":[1],"y":[1]},"o":{"x":[0],"y":[0]}},{"s":[8.836],"t":69,"i":{"x":[1],"y":[1]},"o":{"x":[0],"y":[0]}},{"s":[8.699],"t":70,"i":{"x":[1],"y":[1]},"o":{"x":[0],"y":[0]}}]},"p":{"k":[{"s":[28.176,167.782,0],"t":0,"i":{"x":1,"y":1},"o":{"x":0,"y":0}},{"s":[28.176,167.782,0],"t":130,"i":{"x":1,"y":1},"o":{"x":0,"y":0}}],"l":2},"a":{"a":0,"k":[24.095,15.001,0],"ix":1,"l":2},"s":{"a":0,"k":[100,100,100],"ix":6,"l":2}},"ao":0,"ef":[{"ty":5,"nm":"IK","np":3,"mn":"Pseudo/DUIK ik","ix":1,"en":1,"ef":[{"ty":10,"nm":"Controller","mn":"Pseudo/DUIK ik-0001","ix":1,"v":{"a":0,"k":0,"ix":1}}]},{"ty":5,"nm":"IK 2","np":3,"mn":"Pseudo/DUIK ik","ix":2,"en":1,"ef":[{"ty":10,"nm":"Controller","mn":"Pseudo/DUIK ik-0001","ix":1,"v":{"a":0,"k":0,"ix":1}}]},{"ty":5,"nm":"IK 3","np":3,"mn":"Pseudo/DUIK ik","ix":3,"en":1,"ef":[{"ty":10,"nm":"Controller","mn":"Pseudo/DUIK ik-0001","ix":1,"v":{"a":0,"k":3,"ix":1}}]}],"ip":0,"op":150.000006109625,"st":0,"bm":0},{"ddd":0,"ind":23,"ty":2,"nm":"R shoes 111","parent":22,"refId":"image_19","sr":1,"ks":{"o":{"a":0,"k":100,"ix":11},"r":{"k":[{"s":[714.801],"t":1,"i":{"x":[1],"y":[1]},"o":{"x":[0],"y":[0]}},{"s":[713.151],"t":2,"i":{"x":[1],"y":[1]},"o":{"x":[0],"y":[0]}},{"s":[711.181],"t":3,"i":{"x":[1],"y":[1]},"o":{"x":[0],"y":[0]}},{"s":[709.531],"t":4,"i":{"x":[1],"y":[1]},"o":{"x":[0],"y":[0]}},{"s":[708.839],"t":5,"i":{"x":[1],"y":[1]},"o":{"x":[0],"y":[0]}},{"s":[709.885],"t":6,"i":{"x":[1],"y":[1]},"o":{"x":[0],"y":[0]}},{"s":[712.379],"t":7,"i":{"x":[1],"y":[1]},"o":{"x":[0],"y":[0]}},{"s":[715.356],"t":8,"i":{"x":[1],"y":[1]},"o":{"x":[0],"y":[0]}},{"s":[717.85],"t":9,"i":{"x":[1],"y":[1]},"o":{"x":[0],"y":[0]}},{"s":[718.896],"t":10,"i":{"x":[1],"y":[1]},"o":{"x":[0],"y":[0]}},{"s":[718.18],"t":16,"i":{"x":[1],"y":[1]},"o":{"x":[0],"y":[0]}},{"s":[717.663],"t":21,"i":{"x":[1],"y":[1]},"o":{"x":[0],"y":[0]}},{"s":[716.52],"t":22,"i":{"x":[1],"y":[1]},"o":{"x":[0],"y":[0]}},{"s":[713.93],"t":23,"i":{"x":[1],"y":[1]},"o":{"x":[0],"y":[0]}},{"s":[710.859],"t":24,"i":{"x":[1],"y":[1]},"o":{"x":[0],"y":[0]}},{"s":[708.273],"t":25,"i":{"x":[1],"y":[1]},"o":{"x":[0],"y":[0]}},{"s":[707.138],"t":26,"i":{"x":[1],"y":[1]},"o":{"x":[0],"y":[0]}},{"s":[708.098],"t":27,"i":{"x":[1],"y":[1]},"o":{"x":[0],"y":[0]}},{"s":[710.505],"t":28,"i":{"x":[1],"y":[1]},"o":{"x":[0],"y":[0]}},{"s":[713.395],"t":29,"i":{"x":[1],"y":[1]},"o":{"x":[0],"y":[0]}},{"s":[715.8],"t":30,"i":{"x":[1],"y":[1]},"o":{"x":[0],"y":[0]}},{"s":[716.89],"t":31,"i":{"x":[1],"y":[1]},"o":{"x":[0],"y":[0]}},{"s":[717.566],"t":46,"i":{"x":[1],"y":[1]},"o":{"x":[0],"y":[0]}},{"s":[717.762],"t":50,"i":{"x":[1],"y":[1]},"o":{"x":[0],"y":[0]}},{"s":[716.766],"t":51,"i":{"x":[1],"y":[1]},"o":{"x":[0],"y":[0]}},{"s":[714.323],"t":52,"i":{"x":[1],"y":[1]},"o":{"x":[0],"y":[0]}},{"s":[711.397],"t":53,"i":{"x":[1],"y":[1]},"o":{"x":[0],"y":[0]}},{"s":[708.955],"t":54,"i":{"x":[1],"y":[1]},"o":{"x":[0],"y":[0]}},{"s":[707.962],"t":55,"i":{"x":[1],"y":[1]},"o":{"x":[0],"y":[0]}},{"s":[709.061],"t":56,"i":{"x":[1],"y":[1]},"o":{"x":[0],"y":[0]}},{"s":[711.609],"t":57,"i":{"x":[1],"y":[1]},"o":{"x":[0],"y":[0]}},{"s":[714.64],"t":58,"i":{"x":[1],"y":[1]},"o":{"x":[0],"y":[0]}},{"s":[717.19],"t":59,"i":{"x":[1],"y":[1]},"o":{"x":[0],"y":[0]}},{"s":[718.291],"t":60,"i":{"x":[1],"y":[1]},"o":{"x":[0],"y":[0]}},{"s":[718.896],"t":80,"i":{"x":[1],"y":[1]},"o":{"x":[0],"y":[0]}},{"s":[717.85],"t":81,"i":{"x":[1],"y":[1]},"o":{"x":[0],"y":[0]}},{"s":[715.356],"t":82,"i":{"x":[1],"y":[1]},"o":{"x":[0],"y":[0]}},{"s":[712.379],"t":83,"i":{"x":[1],"y":[1]},"o":{"x":[0],"y":[0]}},{"s":[709.885],"t":84,"i":{"x":[1],"y":[1]},"o":{"x":[0],"y":[0]}},{"s":[708.839],"t":85,"i":{"x":[1],"y":[1]},"o":{"x":[0],"y":[0]}},{"s":[709.885],"t":86,"i":{"x":[1],"y":[1]},"o":{"x":[0],"y":[0]}},{"s":[712.379],"t":87,"i":{"x":[1],"y":[1]},"o":{"x":[0],"y":[0]}},{"s":[715.356],"t":88,"i":{"x":[1],"y":[1]},"o":{"x":[0],"y":[0]}},{"s":[717.85],"t":89,"i":{"x":[1],"y":[1]},"o":{"x":[0],"y":[0]}},{"s":[718.896],"t":90,"i":{"x":[1],"y":[1]},"o":{"x":[0],"y":[0]}},{"s":[718.896],"t":110,"i":{"x":[1],"y":[1]},"o":{"x":[0],"y":[0]}},{"s":[717.85],"t":111,"i":{"x":[1],"y":[1]},"o":{"x":[0],"y":[0]}},{"s":[715.356],"t":112,"i":{"x":[1],"y":[1]},"o":{"x":[0],"y":[0]}},{"s":[712.379],"t":113,"i":{"x":[1],"y":[1]},"o":{"x":[0],"y":[0]}},{"s":[709.885],"t":114,"i":{"x":[1],"y":[1]},"o":{"x":[0],"y":[0]}},{"s":[708.839],"t":115,"i":{"x":[1],"y":[1]},"o":{"x":[0],"y":[0]}},{"s":[709.885],"t":116,"i":{"x":[1],"y":[1]},"o":{"x":[0],"y":[0]}},{"s":[712.379],"t":117,"i":{"x":[1],"y":[1]},"o":{"x":[0],"y":[0]}},{"s":[715.356],"t":118,"i":{"x":[1],"y":[1]},"o":{"x":[0],"y":[0]}},{"s":[717.85],"t":119,"i":{"x":[1],"y":[1]},"o":{"x":[0],"y":[0]}},{"s":[718.896],"t":120,"i":{"x":[1],"y":[1]},"o":{"x":[0],"y":[0]}}]},"p":{"k":[{"s":[24.336,172.8,0],"t":0,"i":{"x":1,"y":1},"o":{"x":0,"y":0}},{"s":[24.336,172.8,0],"t":130,"i":{"x":1,"y":1},"o":{"x":0,"y":0}}],"l":2},"a":{"a":0,"k":[12.03,14.763,0],"ix":1,"l":2},"s":{"a":0,"k":[100,100,100],"ix":6,"l":2}},"ao":0,"ef":[{"ty":5,"nm":"IK","np":3,"mn":"Pseudo/DUIK ik","ix":1,"en":1,"ef":[{"ty":10,"nm":"Controller","mn":"Pseudo/DUIK ik-0001","ix":1,"v":{"a":0,"k":0,"ix":1}}]},{"ty":5,"nm":"IK 2","np":3,"mn":"Pseudo/DUIK ik","ix":2,"en":1,"ef":[{"ty":10,"nm":"Controller","mn":"Pseudo/DUIK ik-0001","ix":1,"v":{"a":0,"k":0,"ix":1}}]},{"ty":5,"nm":"IK 3","np":3,"mn":"Pseudo/DUIK ik","ix":3,"en":1,"ef":[{"ty":10,"nm":"Controller","mn":"Pseudo/DUIK ik-0001","ix":1,"v":{"a":0,"k":3,"ix":1}}]}],"ip":0,"op":150.000006109625,"st":0,"bm":0},{"ddd":0,"ind":24,"ty":2,"nm":"R hand 1","parent":16,"refId":"image_20","sr":1,"ks":{"o":{"a":0,"k":100,"ix":11},"r":{"k":[{"s":[21.5],"t":0,"i":{"x":[1],"y":[1]},"o":{"x":[0],"y":[0]}},{"s":[21.307],"t":1,"i":{"x":[1],"y":[1]},"o":{"x":[0],"y":[0]}},{"s":[21.117],"t":2,"i":{"x":[1],"y":[1]},"o":{"x":[0],"y":[0]}},{"s":[20.927],"t":3,"i":{"x":[1],"y":[1]},"o":{"x":[0],"y":[0]}},{"s":[20.736],"t":4,"i":{"x":[1],"y":[1]},"o":{"x":[0],"y":[0]}},{"s":[20.356],"t":6,"i":{"x":[1],"y":[1]},"o":{"x":[0],"y":[0]}},{"s":[20.165],"t":7,"i":{"x":[1],"y":[1]},"o":{"x":[0],"y":[0]}},{"s":[19.975],"t":8,"i":{"x":[1],"y":[1]},"o":{"x":[0],"y":[0]}},{"s":[19.785],"t":9,"i":{"x":[1],"y":[1]},"o":{"x":[0],"y":[0]}},{"s":[19.593],"t":10,"i":{"x":[1],"y":[1]},"o":{"x":[0],"y":[0]}},{"s":[19.58],"t":11,"i":{"x":[1],"y":[1]},"o":{"x":[0],"y":[0]}},{"s":[19.619],"t":12,"i":{"x":[1],"y":[1]},"o":{"x":[0],"y":[0]}},{"s":[19.663],"t":13,"i":{"x":[1],"y":[1]},"o":{"x":[0],"y":[0]}},{"s":[19.71],"t":14,"i":{"x":[1],"y":[1]},"o":{"x":[0],"y":[0]}},{"s":[19.758],"t":15,"i":{"x":[1],"y":[1]},"o":{"x":[0],"y":[0]}},{"s":[19.806],"t":16,"i":{"x":[1],"y":[1]},"o":{"x":[0],"y":[0]}},{"s":[19.856],"t":17,"i":{"x":[1],"y":[1]},"o":{"x":[0],"y":[0]}},{"s":[19.906],"t":18,"i":{"x":[1],"y":[1]},"o":{"x":[0],"y":[0]}},{"s":[19.955],"t":19,"i":{"x":[1],"y":[1]},"o":{"x":[0],"y":[0]}},{"s":[20.005],"t":20,"i":{"x":[1],"y":[1]},"o":{"x":[0],"y":[0]}},{"s":[20.055],"t":21,"i":{"x":[1],"y":[1]},"o":{"x":[0],"y":[0]}},{"s":[20.105],"t":22,"i":{"x":[1],"y":[1]},"o":{"x":[0],"y":[0]}},{"s":[20.154],"t":23,"i":{"x":[1],"y":[1]},"o":{"x":[0],"y":[0]}},{"s":[20.202],"t":24,"i":{"x":[1],"y":[1]},"o":{"x":[0],"y":[0]}},{"s":[20.25],"t":25,"i":{"x":[1],"y":[1]},"o":{"x":[0],"y":[0]}},{"s":[20.299],"t":26,"i":{"x":[1],"y":[1]},"o":{"x":[0],"y":[0]}},{"s":[20.348],"t":27,"i":{"x":[1],"y":[1]},"o":{"x":[0],"y":[0]}},{"s":[20.396],"t":28,"i":{"x":[1],"y":[1]},"o":{"x":[0],"y":[0]}},{"s":[20.439],"t":29,"i":{"x":[1],"y":[1]},"o":{"x":[0],"y":[0]}},{"s":[20.461],"t":30,"i":{"x":[1],"y":[1]},"o":{"x":[0],"y":[0]}},{"s":[20.437],"t":31,"i":{"x":[1],"y":[1]},"o":{"x":[0],"y":[0]}},{"s":[20.396],"t":32,"i":{"x":[1],"y":[1]},"o":{"x":[0],"y":[0]}},{"s":[20.348],"t":33,"i":{"x":[1],"y":[1]},"o":{"x":[0],"y":[0]}},{"s":[20.299],"t":34,"i":{"x":[1],"y":[1]},"o":{"x":[0],"y":[0]}},{"s":[20.249],"t":35,"i":{"x":[1],"y":[1]},"o":{"x":[0],"y":[0]}},{"s":[20.199],"t":36,"i":{"x":[1],"y":[1]},"o":{"x":[0],"y":[0]}},{"s":[20.148],"t":37,"i":{"x":[1],"y":[1]},"o":{"x":[0],"y":[0]}},{"s":[20.097],"t":38,"i":{"x":[1],"y":[1]},"o":{"x":[0],"y":[0]}},{"s":[20.046],"t":39,"i":{"x":[1],"y":[1]},"o":{"x":[0],"y":[0]}},{"s":[19.994],"t":40,"i":{"x":[1],"y":[1]},"o":{"x":[0],"y":[0]}},{"s":[19.943],"t":41,"i":{"x":[1],"y":[1]},"o":{"x":[0],"y":[0]}},{"s":[19.891],"t":42,"i":{"x":[1],"y":[1]},"o":{"x":[0],"y":[0]}},{"s":[19.839],"t":43,"i":{"x":[1],"y":[1]},"o":{"x":[0],"y":[0]}},{"s":[19.787],"t":44,"i":{"x":[1],"y":[1]},"o":{"x":[0],"y":[0]}},{"s":[19.736],"t":45,"i":{"x":[1],"y":[1]},"o":{"x":[0],"y":[0]}},{"s":[19.684],"t":46,"i":{"x":[1],"y":[1]},"o":{"x":[0],"y":[0]}},{"s":[19.633],"t":47,"i":{"x":[1],"y":[1]},"o":{"x":[0],"y":[0]}},{"s":[19.58],"t":48,"i":{"x":[1],"y":[1]},"o":{"x":[0],"y":[0]}},{"s":[19.526],"t":49,"i":{"x":[1],"y":[1]},"o":{"x":[0],"y":[0]}},{"s":[19.475],"t":50,"i":{"x":[1],"y":[1]},"o":{"x":[0],"y":[0]}},{"s":[19.452],"t":51,"i":{"x":[1],"y":[1]},"o":{"x":[0],"y":[0]}},{"s":[19.469],"t":55,"i":{"x":[1],"y":[1]},"o":{"x":[0],"y":[0]}},{"s":[19.484],"t":56,"i":{"x":[1],"y":[1]},"o":{"x":[0],"y":[0]}},{"s":[19.501],"t":57,"i":{"x":[1],"y":[1]},"o":{"x":[0],"y":[0]}},{"s":[19.521],"t":58,"i":{"x":[1],"y":[1]},"o":{"x":[0],"y":[0]}},{"s":[19.542],"t":59,"i":{"x":[1],"y":[1]},"o":{"x":[0],"y":[0]}},{"s":[19.565],"t":60,"i":{"x":[1],"y":[1]},"o":{"x":[0],"y":[0]}},{"s":[19.589],"t":61,"i":{"x":[1],"y":[1]},"o":{"x":[0],"y":[0]}},{"s":[19.616],"t":62,"i":{"x":[1],"y":[1]},"o":{"x":[0],"y":[0]}},{"s":[19.644],"t":63,"i":{"x":[1],"y":[1]},"o":{"x":[0],"y":[0]}},{"s":[19.673],"t":64,"i":{"x":[1],"y":[1]},"o":{"x":[0],"y":[0]}},{"s":[19.704],"t":65,"i":{"x":[1],"y":[1]},"o":{"x":[0],"y":[0]}},{"s":[19.736],"t":66,"i":{"x":[1],"y":[1]},"o":{"x":[0],"y":[0]}},{"s":[19.77],"t":67,"i":{"x":[1],"y":[1]},"o":{"x":[0],"y":[0]}},{"s":[19.805],"t":68,"i":{"x":[1],"y":[1]},"o":{"x":[0],"y":[0]}},{"s":[19.841],"t":69,"i":{"x":[1],"y":[1]},"o":{"x":[0],"y":[0]}},{"s":[19.878],"t":70,"i":{"x":[1],"y":[1]},"o":{"x":[0],"y":[0]}},{"s":[19.956],"t":71,"i":{"x":[1],"y":[1]},"o":{"x":[0],"y":[0]}},{"s":[20.037],"t":72,"i":{"x":[1],"y":[1]},"o":{"x":[0],"y":[0]}},{"s":[20.279],"t":75,"i":{"x":[1],"y":[1]},"o":{"x":[0],"y":[0]}},{"s":[20.36],"t":76,"i":{"x":[1],"y":[1]},"o":{"x":[0],"y":[0]}},{"s":[20.767],"t":81,"i":{"x":[1],"y":[1]},"o":{"x":[0],"y":[0]}},{"s":[21.012],"t":84,"i":{"x":[1],"y":[1]},"o":{"x":[0],"y":[0]}},{"s":[21.092],"t":85,"i":{"x":[1],"y":[1]},"o":{"x":[0],"y":[0]}},{"s":[21.173],"t":86,"i":{"x":[1],"y":[1]},"o":{"x":[0],"y":[0]}},{"s":[21.254],"t":87,"i":{"x":[1],"y":[1]},"o":{"x":[0],"y":[0]}},{"s":[21.335],"t":88,"i":{"x":[1],"y":[1]},"o":{"x":[0],"y":[0]}},{"s":[21.418],"t":89,"i":{"x":[1],"y":[1]},"o":{"x":[0],"y":[0]}},{"s":[21.5],"t":90,"i":{"x":[1],"y":[1]},"o":{"x":[0],"y":[0]}}]},"p":{"a":0,"k":[140.341,39.863,0],"ix":2,"l":2},"a":{"a":0,"k":[21.503,19.406,0],"ix":1,"l":2},"s":{"a":0,"k":[100,100,100],"ix":6,"l":2}},"ao":0,"ef":[{"ty":5,"nm":"IK","np":3,"mn":"Pseudo/DUIK ik","ix":1,"en":1,"ef":[{"ty":10,"nm":"Controller","mn":"Pseudo/DUIK ik-0001","ix":1,"v":{"a":0,"k":6,"ix":1}}]}],"ip":0,"op":150.000006109625,"st":0,"bm":0},{"ddd":0,"ind":25,"ty":2,"nm":"R hand 11","parent":24,"refId":"image_21","sr":1,"ks":{"o":{"a":0,"k":100,"ix":11},"r":{"k":[{"s":[355.361],"t":0,"i":{"x":[1],"y":[1]},"o":{"x":[0],"y":[0]}},{"s":[355.361],"t":130,"i":{"x":[1],"y":[1]},"o":{"x":[0],"y":[0]}}]},"p":{"k":[{"s":[59.875,100.26,0],"t":0,"i":{"x":1,"y":1},"o":{"x":0,"y":0}},{"s":[59.875,100.26,0],"t":130,"i":{"x":1,"y":1},"o":{"x":0,"y":0}}],"l":2},"a":{"a":0,"k":[15.66,12.191,0],"ix":1,"l":2},"s":{"a":0,"k":[100,100,100],"ix":6,"l":2}},"ao":0,"ef":[{"ty":5,"nm":"IK","np":3,"mn":"Pseudo/DUIK ik","ix":1,"en":1,"ef":[{"ty":10,"nm":"Controller","mn":"Pseudo/DUIK ik-0001","ix":1,"v":{"a":0,"k":6,"ix":1}}]}],"ip":0,"op":150.000006109625,"st":0,"bm":0},{"ddd":0,"ind":26,"ty":0,"nm":"R hand 111","parent":25,"refId":"comp_2","sr":1,"ks":{"o":{"a":0,"k":100,"ix":11},"r":{"k":[{"s":[-369.469],"t":1,"i":{"x":[1],"y":[1]},"o":{"x":[0],"y":[0]}},{"s":[-369.279],"t":2,"i":{"x":[1],"y":[1]},"o":{"x":[0],"y":[0]}},{"s":[-369.089],"t":3,"i":{"x":[1],"y":[1]},"o":{"x":[0],"y":[0]}},{"s":[-368.898],"t":4,"i":{"x":[1],"y":[1]},"o":{"x":[0],"y":[0]}},{"s":[-368.518],"t":6,"i":{"x":[1],"y":[1]},"o":{"x":[0],"y":[0]}},{"s":[-368.327],"t":7,"i":{"x":[1],"y":[1]},"o":{"x":[0],"y":[0]}},{"s":[-368.137],"t":8,"i":{"x":[1],"y":[1]},"o":{"x":[0],"y":[0]}},{"s":[-367.947],"t":9,"i":{"x":[1],"y":[1]},"o":{"x":[0],"y":[0]}},{"s":[-368.267],"t":22,"i":{"x":[1],"y":[1]},"o":{"x":[0],"y":[0]}},{"s":[-367.949],"t":44,"i":{"x":[1],"y":[1]},"o":{"x":[0],"y":[0]}},{"s":[-368.279],"t":73,"i":{"x":[1],"y":[1]},"o":{"x":[0],"y":[0]}},{"s":[-368.603],"t":77,"i":{"x":[1],"y":[1]},"o":{"x":[0],"y":[0]}},{"s":[-368.929],"t":81,"i":{"x":[1],"y":[1]},"o":{"x":[0],"y":[0]}},{"s":[-369.254],"t":85,"i":{"x":[1],"y":[1]},"o":{"x":[0],"y":[0]}},{"s":[-369.58],"t":89,"i":{"x":[1],"y":[1]},"o":{"x":[0],"y":[0]}}]},"p":{"k":[{"s":[45.129,89.975,0],"t":0,"i":{"x":1,"y":1},"o":{"x":0,"y":0}},{"s":[45.129,89.975,0],"t":130,"i":{"x":1,"y":1},"o":{"x":0,"y":0}}],"l":2},"a":{"a":0,"k":[36.203,18.558,0],"ix":1,"l":2},"s":{"a":0,"k":[100,100,100],"ix":6,"l":2}},"ao":0,"ef":[{"ty":5,"nm":"IK","np":3,"mn":"Pseudo/DUIK ik","ix":1,"en":1,"ef":[{"ty":10,"nm":"Controller","mn":"Pseudo/DUIK ik-0001","ix":1,"v":{"a":0,"k":6,"ix":1}}]}],"w":68,"h":77,"ip":0,"op":150.000006109625,"st":0,"bm":0}]},{"id":"comp_1","nm":"Pre-comp 2","fr":29.9700012207031,"layers":[{"ddd":0,"ind":4,"ty":2,"nm":"R eye brow","parent":8,"refId":"image_1","sr":1,"ks":{"o":{"a":0,"k":100,"ix":11},"r":{"a":0,"k":0,"ix":10},"p":{"a":1,"k":[{"i":{"x":0.833,"y":0.833},"o":{"x":0.167,"y":0.167},"t":9,"s":[75.219,69.93,0],"to":[0.342,-0.41,0],"ti":[-0.342,0.41,0]},{"i":{"x":0.833,"y":0.833},"o":{"x":0.167,"y":0.167},"t":10,"s":[77.268,67.47,0],"to":[0,0,0],"ti":[0,0,0]},{"i":{"x":0.833,"y":0.833},"o":{"x":0.167,"y":0.167},"t":30,"s":[77.268,67.47,0],"to":[-0.332,-0.09,0],"ti":[0.332,0.09,0]},{"i":{"x":0.833,"y":0.833},"o":{"x":0.167,"y":0.167},"t":31,"s":[75.279,66.93,0],"to":[0,0,0],"ti":[0,0,0]},{"i":{"x":0.833,"y":0.833},"o":{"x":0.167,"y":0.167},"t":50,"s":[75.279,66.93,0],"to":[0.157,0.503,0],"ti":[-0.157,-0.503,0]},{"t":51.0000020772726,"s":[76.219,69.95,0]}],"ix":2,"l":2},"a":{"a":0,"k":[11.869,6.797,0],"ix":1,"l":2},"s":{"a":0,"k":[100,100,100],"ix":6,"l":2}},"ao":0,"ip":0,"op":150.000006109625,"st":0,"bm":0},{"ddd":0,"ind":5,"ty":2,"nm":"L eye brow","parent":8,"refId":"image_2","sr":1,"ks":{"o":{"a":0,"k":100,"ix":11},"r":{"a":0,"k":0,"ix":10},"p":{"a":1,"k":[{"i":{"x":0.833,"y":0.833},"o":{"x":0.167,"y":0.167},"t":9,"s":[42.709,69.098,0],"to":[0.342,-0.41,0],"ti":[-0.342,0.41,0]},{"i":{"x":0.833,"y":0.833},"o":{"x":0.167,"y":0.167},"t":10,"s":[44.758,66.638,0],"to":[0,0,0],"ti":[0,0,0]},{"i":{"x":0.833,"y":0.833},"o":{"x":0.167,"y":0.167},"t":30,"s":[44.758,66.638,0],"to":[-0.332,-0.09,0],"ti":[0.332,0.09,0]},{"i":{"x":0.833,"y":0.833},"o":{"x":0.167,"y":0.167},"t":31,"s":[42.769,66.099,0],"to":[0,0,0],"ti":[0,0,0]},{"i":{"x":0.833,"y":0.833},"o":{"x":0.167,"y":0.167},"t":50,"s":[42.769,66.099,0],"to":[0.157,0.503,0],"ti":[-0.157,-0.503,0]},{"t":51.0000020772726,"s":[43.709,69.118,0]}],"ix":2,"l":2},"a":{"a":0,"k":[14.207,7.274,0],"ix":1,"l":2},"s":{"a":0,"k":[100,100,100],"ix":6,"l":2}},"ao":0,"ip":0,"op":150.000006109625,"st":0,"bm":0},{"ddd":0,"ind":6,"ty":2,"nm":"R eye ball","parent":8,"refId":"image_3","sr":1,"ks":{"o":{"a":0,"k":100,"ix":11},"r":{"a":0,"k":0,"ix":10},"p":{"a":1,"k":[{"i":{"x":0.833,"y":0.833},"o":{"x":0.167,"y":0.167},"t":9,"s":[71.995,82.572,0],"to":[0.59,-0.322,0],"ti":[-0.59,0.322,0]},{"i":{"x":0.833,"y":0.833},"o":{"x":0.167,"y":0.167},"t":10,"s":[75.534,80.641,0],"to":[0,0,0],"ti":[0,0,0]},{"i":{"x":0.833,"y":0.833},"o":{"x":0.167,"y":0.167},"t":30,"s":[75.534,80.641,0],"to":[-0.5,-0.01,0],"ti":[0.5,0.01,0]},{"i":{"x":0.833,"y":0.833},"o":{"x":0.167,"y":0.167},"t":31,"s":[72.534,80.582,0],"to":[0,0,0],"ti":[0,0,0]},{"i":{"x":0.833,"y":0.833},"o":{"x":0.167,"y":0.167},"t":50,"s":[72.534,80.582,0],"to":[0.16,0.337,0],"ti":[-0.16,-0.337,0]},{"t":51.0000020772726,"s":[73.495,82.601,0]}],"ix":2,"l":2},"a":{"a":0,"k":[5.954,5.954,0],"ix":1,"l":2},"s":{"a":1,"k":[{"i":{"x":[0.833,0.833,0.833],"y":[0.833,0.833,0.833]},"o":{"x":[0.167,0.167,0.167],"y":[0.167,0.167,0.167]},"t":0,"s":[100,100,100]},{"i":{"x":[0.833,0.833,0.833],"y":[0.833,0.833,0.833]},"o":{"x":[0.167,0.167,0.167],"y":[0.167,0.167,0.167]},"t":2,"s":[100,0,100]},{"i":{"x":[0.833,0.833,0.833],"y":[0.833,0.833,0.833]},"o":{"x":[0.167,0.167,0.167],"y":[0.167,0.167,0.167]},"t":4,"s":[100,100,100]},{"i":{"x":[0.833,0.833,0.833],"y":[0.833,0.833,0.833]},"o":{"x":[0.167,0.167,0.167],"y":[0.167,0.167,0.167]},"t":20,"s":[100,100,100]},{"i":{"x":[0.833,0.833,0.833],"y":[0.833,0.833,0.833]},"o":{"x":[0.167,0.167,0.167],"y":[0.167,0.167,0.167]},"t":22,"s":[100,0,100]},{"i":{"x":[0.833,0.833,0.833],"y":[0.833,0.833,0.833]},"o":{"x":[0.167,0.167,0.167],"y":[0.167,0.167,0.167]},"t":24,"s":[100,100,100]},{"i":{"x":[0.833,0.833,0.833],"y":[0.833,0.833,0.833]},"o":{"x":[0.167,0.167,0.167],"y":[0.167,0.167,0.167]},"t":50,"s":[100,100,100]},{"i":{"x":[0.833,0.833,0.833],"y":[0.833,0.833,0.833]},"o":{"x":[0.167,0.167,0.167],"y":[0.167,0.167,0.167]},"t":52,"s":[100,0,100]},{"i":{"x":[0.833,0.833,0.833],"y":[0.833,0.833,0.833]},"o":{"x":[0.167,0.167,0.167],"y":[0.167,0.167,0.167]},"t":54,"s":[100,100,100]},{"i":{"x":[0.833,0.833,0.833],"y":[0.833,0.833,0.833]},"o":{"x":[0.167,0.167,0.167],"y":[0.167,0.167,0.167]},"t":80,"s":[100,100,100]},{"i":{"x":[0.833,0.833,0.833],"y":[0.833,0.833,0.833]},"o":{"x":[0.167,0.167,0.167],"y":[0.167,0.167,0.167]},"t":82,"s":[100,0,100]},{"i":{"x":[0.833,0.833,0.833],"y":[0.833,0.833,0.833]},"o":{"x":[0.167,0.167,0.167],"y":[0.167,0.167,0.167]},"t":84,"s":[100,100,100]},{"i":{"x":[0.833,0.833,0.833],"y":[0.833,0.833,0.833]},"o":{"x":[0.167,0.167,0.167],"y":[0.167,0.167,0.167]},"t":110,"s":[100,100,100]},{"i":{"x":[0.833,0.833,0.833],"y":[0.833,0.833,0.833]},"o":{"x":[0.167,0.167,0.167],"y":[0.167,0.167,0.167]},"t":112,"s":[100,0,100]},{"i":{"x":[0.833,0.833,0.833],"y":[0.833,0.833,0.833]},"o":{"x":[0.167,0.167,0.167],"y":[0.167,0.167,0.167]},"t":114,"s":[100,100,100]},{"i":{"x":[0.833,0.833,0.833],"y":[0.833,0.833,0.833]},"o":{"x":[0.167,0.167,0.167],"y":[0.167,0.167,0.167]},"t":140,"s":[100,100,100]},{"i":{"x":[0.833,0.833,0.833],"y":[0.833,0.833,0.833]},"o":{"x":[0.167,0.167,0.167],"y":[0.167,0.167,0.167]},"t":142,"s":[100,0,100]},{"t":144.00000586524,"s":[100,100,100]}],"ix":6,"l":2}},"ao":0,"ip":0,"op":150.000006109625,"st":0,"bm":0},{"ddd":0,"ind":7,"ty":2,"nm":"L eye ball","parent":8,"refId":"image_4","sr":1,"ks":{"o":{"a":0,"k":100,"ix":11},"r":{"a":0,"k":0,"ix":10},"p":{"a":1,"k":[{"i":{"x":0.833,"y":0.833},"o":{"x":0.167,"y":0.167},"t":9,"s":[47.303,82.572,0],"to":[0.59,-0.322,0],"ti":[-0.59,0.322,0]},{"i":{"x":0.833,"y":0.833},"o":{"x":0.167,"y":0.167},"t":10,"s":[50.841,80.641,0],"to":[0,0,0],"ti":[0,0,0]},{"i":{"x":0.833,"y":0.833},"o":{"x":0.167,"y":0.167},"t":30,"s":[50.841,80.641,0],"to":[-0.5,-0.01,0],"ti":[0.5,0.01,0]},{"i":{"x":0.833,"y":0.833},"o":{"x":0.167,"y":0.167},"t":31,"s":[47.842,80.582,0],"to":[0,0,0],"ti":[0,0,0]},{"i":{"x":0.833,"y":0.833},"o":{"x":0.167,"y":0.167},"t":50,"s":[47.842,80.582,0],"to":[0.16,0.337,0],"ti":[-0.16,-0.337,0]},{"t":51.0000020772726,"s":[48.802,82.601,0]}],"ix":2,"l":2},"a":{"a":0,"k":[5.953,5.954,0],"ix":1,"l":2},"s":{"a":1,"k":[{"i":{"x":[0.833,0.833,0.833],"y":[0.833,0.833,0.833]},"o":{"x":[0.167,0.167,0.167],"y":[0.167,0.167,0.167]},"t":0,"s":[100,100,100]},{"i":{"x":[0.833,0.833,0.833],"y":[0.833,0.833,0.833]},"o":{"x":[0.167,0.167,0.167],"y":[0.167,0.167,0.167]},"t":2,"s":[100,0,100]},{"i":{"x":[0.833,0.833,0.833],"y":[0.833,0.833,0.833]},"o":{"x":[0.167,0.167,0.167],"y":[0.167,0.167,0.167]},"t":4,"s":[100,100,100]},{"i":{"x":[0.833,0.833,0.833],"y":[0.833,0.833,0.833]},"o":{"x":[0.167,0.167,0.167],"y":[0.167,0.167,0.167]},"t":20,"s":[100,100,100]},{"i":{"x":[0.833,0.833,0.833],"y":[0.833,0.833,0.833]},"o":{"x":[0.167,0.167,0.167],"y":[0.167,0.167,0.167]},"t":22,"s":[100,0,100]},{"i":{"x":[0.833,0.833,0.833],"y":[0.833,0.833,0.833]},"o":{"x":[0.167,0.167,0.167],"y":[0.167,0.167,0.167]},"t":24,"s":[100,100,100]},{"i":{"x":[0.833,0.833,0.833],"y":[0.833,0.833,0.833]},"o":{"x":[0.167,0.167,0.167],"y":[0.167,0.167,0.167]},"t":50,"s":[100,100,100]},{"i":{"x":[0.833,0.833,0.833],"y":[0.833,0.833,0.833]},"o":{"x":[0.167,0.167,0.167],"y":[0.167,0.167,0.167]},"t":52,"s":[100,0,100]},{"i":{"x":[0.833,0.833,0.833],"y":[0.833,0.833,0.833]},"o":{"x":[0.167,0.167,0.167],"y":[0.167,0.167,0.167]},"t":54,"s":[100,100,100]},{"i":{"x":[0.833,0.833,0.833],"y":[0.833,0.833,0.833]},"o":{"x":[0.167,0.167,0.167],"y":[0.167,0.167,0.167]},"t":80,"s":[100,100,100]},{"i":{"x":[0.833,0.833,0.833],"y":[0.833,0.833,0.833]},"o":{"x":[0.167,0.167,0.167],"y":[0.167,0.167,0.167]},"t":82,"s":[100,0,100]},{"i":{"x":[0.833,0.833,0.833],"y":[0.833,0.833,0.833]},"o":{"x":[0.167,0.167,0.167],"y":[0.167,0.167,0.167]},"t":84,"s":[100,100,100]},{"i":{"x":[0.833,0.833,0.833],"y":[0.833,0.833,0.833]},"o":{"x":[0.167,0.167,0.167],"y":[0.167,0.167,0.167]},"t":110,"s":[100,100,100]},{"i":{"x":[0.833,0.833,0.833],"y":[0.833,0.833,0.833]},"o":{"x":[0.167,0.167,0.167],"y":[0.167,0.167,0.167]},"t":112,"s":[100,0,100]},{"i":{"x":[0.833,0.833,0.833],"y":[0.833,0.833,0.833]},"o":{"x":[0.167,0.167,0.167],"y":[0.167,0.167,0.167]},"t":114,"s":[100,100,100]},{"i":{"x":[0.833,0.833,0.833],"y":[0.833,0.833,0.833]},"o":{"x":[0.167,0.167,0.167],"y":[0.167,0.167,0.167]},"t":140,"s":[100,100,100]},{"i":{"x":[0.833,0.833,0.833],"y":[0.833,0.833,0.833]},"o":{"x":[0.167,0.167,0.167],"y":[0.167,0.167,0.167]},"t":142,"s":[100,0,100]},{"t":144.00000586524,"s":[100,100,100]}],"ix":6,"l":2}},"ao":0,"ip":0,"op":150.000006109625,"st":0,"bm":0},{"ddd":0,"ind":8,"ty":2,"nm":"face","refId":"image_5","sr":1,"ks":{"o":{"a":0,"k":100,"ix":11},"r":{"a":0,"k":-1.136,"ix":10},"p":{"a":0,"k":[62.348,146.409,0],"ix":2,"l":2},"a":{"a":0,"k":[54.496,138.305,0],"ix":1,"l":2},"s":{"a":0,"k":[100,100,100],"ix":6,"l":2}},"ao":0,"ip":0,"op":150.000006109625,"st":0,"bm":0}]},{"id":"comp_2","nm":"R hand 111 Comp 1","fr":29.9700012207031,"layers":[{"ddd":0,"ind":1,"ty":2,"nm":"Layer 7","refId":"image_22","sr":1,"ks":{"o":{"a":0,"k":100,"ix":11},"r":{"a":0,"k":163.429,"ix":10},"p":{"a":0,"k":[35.364,12.63,0],"ix":2,"l":2},"a":{"a":0,"k":[13.555,64.929,0],"ix":1,"l":2},"s":{"a":0,"k":[99.303,99.303,100],"ix":6,"l":2}},"ao":0,"ip":0,"op":150.000006109625,"st":0,"bm":0}]}],"layers":[{"ddd":0,"ind":1,"ty":0,"nm":"usman","refId":"comp_0","sr":1,"ks":{"o":{"a":0,"k":100,"ix":11},"r":{"a":0,"k":0,"ix":10},"p":{"a":0,"k":[225,399.5,0],"ix":2,"l":2},"a":{"a":0,"k":[960,540,0],"ix":1,"l":2},"s":{"a":0,"k":[100,100,100],"ix":6,"l":2}},"ao":0,"w":1920,"h":1080,"ip":0,"op":150.000006109625,"st":0,"bm":0}],"markers":[]}