{"v":"5.9.1","fr":29.9700012207031,"ip":0,"op":300.00001221925,"w":450,"h":799,"nm":"usman 2","ddd":0,"assets":[{"id":"image_0","w":61,"h":113,"u":"images/","p":"img_0.png","e":0},{"id":"image_1","w":45,"h":95,"u":"images/","p":"img_1.png","e":0},{"id":"image_2","w":32,"h":104,"u":"images/","p":"img_2.png","e":0},{"id":"image_3","w":37,"h":47,"u":"images/","p":"img_3.png","e":0},{"id":"image_4","w":187,"h":204,"u":"images/","p":"img_4.png","e":0},{"id":"image_5","w":62,"h":10,"u":"images/","p":"img_5.png","e":0},{"id":"image_6","w":500,"h":500,"u":"images/","p":"img_6.png","e":0},{"id":"image_7","w":500,"h":500,"u":"images/","p":"img_7.png","e":0},{"id":"image_8","w":500,"h":500,"u":"images/","p":"img_8.png","e":0},{"id":"image_9","w":500,"h":500,"u":"images/","p":"img_9.png","e":0},{"id":"image_10","w":500,"h":500,"u":"images/","p":"img_10.png","e":0},{"id":"image_11","w":500,"h":500,"u":"images/","p":"img_11.png","e":0},{"id":"image_12","w":500,"h":500,"u":"images/","p":"img_12.png","e":0},{"id":"image_13","w":500,"h":500,"u":"images/","p":"img_13.png","e":0},{"id":"image_14","w":500,"h":500,"u":"images/","p":"img_14.png","e":0},{"id":"image_15","w":19,"h":6,"u":"images/","p":"img_15.png","e":0},{"id":"image_16","w":19,"h":7,"u":"images/","p":"img_16.png","e":0},{"id":"image_17","w":12,"h":12,"u":"images/","p":"img_17.png","e":0},{"id":"image_18","w":12,"h":12,"u":"images/","p":"img_18.png","e":0},{"id":"image_19","w":110,"h":116,"u":"images/","p":"img_19.png","e":0},{"id":"image_20","w":38,"h":63,"u":"images/","p":"img_20.png","e":0},{"id":"image_21","w":137,"h":243,"u":"images/","p":"img_21.png","e":0},{"id":"image_22","w":108,"h":53,"u":"images/","p":"img_22.png","e":0},{"id":"image_23","w":53,"h":185,"u":"images/","p":"img_23.png","e":0},{"id":"image_24","w":45,"h":167,"u":"images/","p":"img_24.png","e":0},{"id":"image_25","w":66,"h":61,"u":"images/","p":"img_25.png","e":0},{"id":"image_26","w":53,"h":185,"u":"images/","p":"img_26.png","e":0},{"id":"image_27","w":45,"h":167,"u":"images/","p":"img_27.png","e":0},{"id":"image_28","w":66,"h":61,"u":"images/","p":"img_28.png","e":0},{"id":"image_29","w":73,"h":108,"u":"images/","p":"img_29.png","e":0},{"id":"image_30","w":55,"h":93,"u":"images/","p":"img_30.png","e":0},{"id":"image_31","w":50,"h":74,"u":"images/","p":"img_31.png","e":0},{"id":"image_32","w":189,"h":201,"u":"images/","p":"img_32.png","e":0},{"id":"comp_0","nm":"usman","fr":29.9700012207031,"layers":[{"ddd":0,"ind":1,"ty":4,"nm":"Shape Layer 1","sr":1,"ks":{"o":{"a":0,"k":100,"ix":11},"r":{"a":0,"k":5.61,"ix":10},"p":{"a":0,"k":[921.25,596,0],"ix":2,"l":2},"a":{"a":0,"k":[-38.75,47,0],"ix":1,"l":2},"s":{"a":0,"k":[100,136.782,100],"ix":6,"l":2}},"ao":0,"shapes":[{"ty":"gr","it":[{"ind":0,"ty":"sh","ix":1,"ks":{"a":0,"k":{"i":[[0,0],[0,0],[0,0],[0,0]],"o":[[0,0],[0,0],[0,0],[0,0]],"v":[[-17.608,15.549],[-70.139,28.555],[-60.668,73.316],[-9.414,72.899]],"c":true},"ix":2},"nm":"Path 1","mn":"ADBE Vector Shape - Group","hd":false},{"ty":"fl","c":{"a":0,"k":[0.1882353127,0.149019613862,0.141176477075,1],"ix":4},"o":{"a":0,"k":100,"ix":5},"r":1,"bm":0,"nm":"Fill 1","mn":"ADBE Vector Graphic - Fill","hd":false},{"ty":"tr","p":{"a":0,"k":[0,0],"ix":2},"a":{"a":0,"k":[0,0],"ix":1},"s":{"a":0,"k":[90.752,119.117],"ix":3},"r":{"a":0,"k":0,"ix":6},"o":{"a":0,"k":100,"ix":7},"sk":{"a":0,"k":0,"ix":4},"sa":{"a":0,"k":0,"ix":5},"nm":"Transform"}],"nm":"Shape 1","np":2,"cix":2,"bm":0,"ix":1,"mn":"ADBE Vector Group","hd":false}],"ip":0,"op":312.000012708021,"st":0,"bm":0},{"ddd":0,"ind":4,"ty":3,"nm":"C | body down","sr":1,"ks":{"o":{"a":0,"k":100,"ix":11},"r":{"a":0,"k":-0.136,"ix":10},"p":{"a":0,"k":[950.869,554.289,0],"ix":2,"l":2},"a":{"a":0,"k":[0,0,0],"ix":1,"l":2},"s":{"k":[{"s":[100,100,100],"t":0,"i":{"x":[1,1,1],"y":[1,1,1]},"o":{"x":[0,0,0],"y":[0,0,0]}},{"s":[100,100,100],"t":300,"i":{"x":[1,1,1],"y":[1,1,1]},"o":{"x":[0,0,0],"y":[0,0,0]}}],"l":2}},"ao":0,"ef":[{"ty":5,"nm":"Controller","np":14,"mn":"Pseudo/DUIK Ctrl v02","ix":1,"en":1,"ef":[{"ty":6,"nm":"Icon","mn":"Pseudo/DUIK Ctrl v02-0001","ix":1,"v":0},{"ty":2,"nm":"Color","mn":"Pseudo/DUIK Ctrl v02-0002","ix":2,"v":{"a":0,"k":[0.92549020052,0.0941176489,0.0941176489,1],"ix":2}},{"ty":3,"nm":"Position","mn":"Pseudo/DUIK Ctrl v02-0003","ix":3,"v":{"a":0,"k":[0,0],"ix":3}},{"ty":0,"nm":"Size","mn":"Pseudo/DUIK Ctrl v02-0004","ix":4,"v":{"a":0,"k":100,"ix":4}},{"ty":7,"nm":"Flip","mn":"Pseudo/DUIK Ctrl v02-0005","ix":5,"v":{"a":0,"k":0,"ix":5}},{"ty":0,"nm":"Orientation","mn":"Pseudo/DUIK Ctrl v02-0006","ix":6,"v":{"a":0,"k":0,"ix":6}},{"ty":0,"nm":"Opacity","mn":"Pseudo/DUIK Ctrl v02-0007","ix":7,"v":{"a":0,"k":100,"ix":7}},{"ty":6,"nm":"","mn":"Pseudo/DUIK Ctrl v02-0008","ix":8,"v":0},{"ty":6,"nm":"Anchor","mn":"Pseudo/DUIK Ctrl v02-0009","ix":9,"v":0},{"ty":2,"nm":"Color","mn":"Pseudo/DUIK Ctrl v02-0010","ix":10,"v":{"a":0,"k":[0,0,0,1],"ix":10}},{"ty":0,"nm":"Size","mn":"Pseudo/DUIK Ctrl v02-0011","ix":11,"v":{"a":0,"k":100,"ix":11}},{"ty":6,"nm":"","mn":"Pseudo/DUIK Ctrl v02-0012","ix":12,"v":0}]}],"ip":0,"op":312.000012708021,"st":0,"bm":0},{"ddd":0,"ind":7,"ty":0,"nm":"L hand 1","parent":15,"refId":"comp_1","sr":1,"ks":{"o":{"a":0,"k":100,"ix":11},"r":{"k":[{"s":[760.628],"t":0,"i":{"x":[1],"y":[1]},"o":{"x":[0],"y":[0]}},{"s":[757.558],"t":1,"i":{"x":[1],"y":[1]},"o":{"x":[0],"y":[0]}},{"s":[754.434],"t":2,"i":{"x":[1],"y":[1]},"o":{"x":[0],"y":[0]}},{"s":[751.233],"t":3,"i":{"x":[1],"y":[1]},"o":{"x":[0],"y":[0]}},{"s":[747.943],"t":4,"i":{"x":[1],"y":[1]},"o":{"x":[0],"y":[0]}},{"s":[744.515],"t":5,"i":{"x":[1],"y":[1]},"o":{"x":[0],"y":[0]}},{"s":[740.902],"t":6,"i":{"x":[1],"y":[1]},"o":{"x":[0],"y":[0]}},{"s":[737.02],"t":7,"i":{"x":[1],"y":[1]},"o":{"x":[0],"y":[0]}},{"s":[732.729],"t":8,"i":{"x":[1],"y":[1]},"o":{"x":[0],"y":[0]}},{"s":[727.717],"t":9,"i":{"x":[1],"y":[1]},"o":{"x":[0],"y":[0]}},{"s":[721.036],"t":10,"i":{"x":[1],"y":[1]},"o":{"x":[0],"y":[0]}},{"s":[710.945],"t":11,"i":{"x":[1],"y":[1]},"o":{"x":[0],"y":[0]}},{"s":[713.965],"t":12,"i":{"x":[1],"y":[1]},"o":{"x":[0],"y":[0]}},{"s":[719.938],"t":13,"i":{"x":[1],"y":[1]},"o":{"x":[0],"y":[0]}},{"s":[723.331],"t":14,"i":{"x":[1],"y":[1]},"o":{"x":[0],"y":[0]}},{"s":[726.002],"t":15,"i":{"x":[1],"y":[1]},"o":{"x":[0],"y":[0]}},{"s":[728.294],"t":16,"i":{"x":[1],"y":[1]},"o":{"x":[0],"y":[0]}},{"s":[730.354],"t":17,"i":{"x":[1],"y":[1]},"o":{"x":[0],"y":[0]}},{"s":[732.232],"t":18,"i":{"x":[1],"y":[1]},"o":{"x":[0],"y":[0]}},{"s":[733.989],"t":19,"i":{"x":[1],"y":[1]},"o":{"x":[0],"y":[0]}},{"s":[739.951],"t":20,"i":{"x":[1],"y":[1]},"o":{"x":[0],"y":[0]}},{"s":[743.602],"t":21,"i":{"x":[1],"y":[1]},"o":{"x":[0],"y":[0]}},{"s":[745.678],"t":22,"i":{"x":[1],"y":[1]},"o":{"x":[0],"y":[0]}},{"s":[746.348],"t":23,"i":{"x":[1],"y":[1]},"o":{"x":[0],"y":[0]}},{"s":[745.6],"t":24,"i":{"x":[1],"y":[1]},"o":{"x":[0],"y":[0]}},{"s":[743.361],"t":25,"i":{"x":[1],"y":[1]},"o":{"x":[0],"y":[0]}},{"s":[739.559],"t":26,"i":{"x":[1],"y":[1]},"o":{"x":[0],"y":[0]}},{"s":[739.01],"t":28,"i":{"x":[1],"y":[1]},"o":{"x":[0],"y":[0]}},{"s":[738.452],"t":30,"i":{"x":[1],"y":[1]},"o":{"x":[0],"y":[0]}},{"s":[739.145],"t":36,"i":{"x":[1],"y":[1]},"o":{"x":[0],"y":[0]}},{"s":[739.69],"t":38,"i":{"x":[1],"y":[1]},"o":{"x":[0],"y":[0]}},{"s":[740.215],"t":40,"i":{"x":[1],"y":[1]},"o":{"x":[0],"y":[0]}},{"s":[740.724],"t":42,"i":{"x":[1],"y":[1]},"o":{"x":[0],"y":[0]}},{"s":[741.46],"t":45,"i":{"x":[1],"y":[1]},"o":{"x":[0],"y":[0]}},{"s":[742.16],"t":48,"i":{"x":[1],"y":[1]},"o":{"x":[0],"y":[0]}},{"s":[742.822],"t":51,"i":{"x":[1],"y":[1]},"o":{"x":[0],"y":[0]}},{"s":[743.45],"t":54,"i":{"x":[1],"y":[1]},"o":{"x":[0],"y":[0]}},{"s":[744.04],"t":57,"i":{"x":[1],"y":[1]},"o":{"x":[0],"y":[0]}},{"s":[743.352],"t":65,"i":{"x":[1],"y":[1]},"o":{"x":[0],"y":[0]}},{"s":[742.72],"t":68,"i":{"x":[1],"y":[1]},"o":{"x":[0],"y":[0]}},{"s":[742.047],"t":71,"i":{"x":[1],"y":[1]},"o":{"x":[0],"y":[0]}},{"s":[741.341],"t":74,"i":{"x":[1],"y":[1]},"o":{"x":[0],"y":[0]}},{"s":[740.605],"t":77,"i":{"x":[1],"y":[1]},"o":{"x":[0],"y":[0]}},{"s":[740.094],"t":79,"i":{"x":[1],"y":[1]},"o":{"x":[0],"y":[0]}},{"s":[739.559],"t":81,"i":{"x":[1],"y":[1]},"o":{"x":[0],"y":[0]}},{"s":[735.959],"t":82,"i":{"x":[1],"y":[1]},"o":{"x":[0],"y":[0]}},{"s":[732.405],"t":83,"i":{"x":[1],"y":[1]},"o":{"x":[0],"y":[0]}},{"s":[727.549],"t":84,"i":{"x":[1],"y":[1]},"o":{"x":[0],"y":[0]}},{"s":[720.744],"t":85,"i":{"x":[1],"y":[1]},"o":{"x":[0],"y":[0]}},{"s":[711.547],"t":86,"i":{"x":[1],"y":[1]},"o":{"x":[0],"y":[0]}},{"s":[699.804],"t":87,"i":{"x":[1],"y":[1]},"o":{"x":[0],"y":[0]}},{"s":[686.005],"t":88,"i":{"x":[1],"y":[1]},"o":{"x":[0],"y":[0]}},{"s":[671.196],"t":89,"i":{"x":[1],"y":[1]},"o":{"x":[0],"y":[0]}},{"s":[656.409],"t":90,"i":{"x":[1],"y":[1]},"o":{"x":[0],"y":[0]}},{"s":[627.82],"t":91,"i":{"x":[1],"y":[1]},"o":{"x":[0],"y":[0]}}]},"p":{"a":0,"k":[29.597,46.15,0],"ix":2,"l":2},"a":{"a":0,"k":[27.841,17.53,0],"ix":1,"l":2},"s":{"a":0,"k":[100,100,100],"ix":6,"l":2}},"ao":0,"ef":[{"ty":5,"nm":"IK","np":3,"mn":"Pseudo/DUIK ik","ix":1,"en":1,"ef":[{"ty":10,"nm":"Controller","mn":"Pseudo/DUIK ik-0001","ix":1,"v":{"a":0,"k":6,"ix":1}}]}],"w":51,"h":123,"ip":0,"op":300.00001221925,"st":0,"bm":0},{"ddd":0,"ind":8,"ty":0,"nm":"L hand 11","parent":7,"refId":"comp_2","sr":1,"ks":{"o":{"a":0,"k":100,"ix":11},"r":{"k":[{"s":[-77.174],"t":0,"i":{"x":[1],"y":[1]},"o":{"x":[0],"y":[0]}},{"s":[-73.606],"t":1,"i":{"x":[1],"y":[1]},"o":{"x":[0],"y":[0]}},{"s":[-69.681],"t":2,"i":{"x":[1],"y":[1]},"o":{"x":[0],"y":[0]}},{"s":[-65.457],"t":3,"i":{"x":[1],"y":[1]},"o":{"x":[0],"y":[0]}},{"s":[-60.913],"t":4,"i":{"x":[1],"y":[1]},"o":{"x":[0],"y":[0]}},{"s":[-55.969],"t":5,"i":{"x":[1],"y":[1]},"o":{"x":[0],"y":[0]}},{"s":[-50.531],"t":6,"i":{"x":[1],"y":[1]},"o":{"x":[0],"y":[0]}},{"s":[-44.437],"t":7,"i":{"x":[1],"y":[1]},"o":{"x":[0],"y":[0]}},{"s":[-37.399],"t":8,"i":{"x":[1],"y":[1]},"o":{"x":[0],"y":[0]}},{"s":[-28.782],"t":9,"i":{"x":[1],"y":[1]},"o":{"x":[0],"y":[0]}},{"s":[-16.621],"t":10,"i":{"x":[1],"y":[1]},"o":{"x":[0],"y":[0]}},{"s":[2.719],"t":11,"i":{"x":[1],"y":[1]},"o":{"x":[0],"y":[0]}},{"s":[-3.247],"t":12,"i":{"x":[1],"y":[1]},"o":{"x":[0],"y":[0]}},{"s":[-15.402],"t":13,"i":{"x":[1],"y":[1]},"o":{"x":[0],"y":[0]}},{"s":[-22.223],"t":14,"i":{"x":[1],"y":[1]},"o":{"x":[0],"y":[0]}},{"s":[-27.552],"t":15,"i":{"x":[1],"y":[1]},"o":{"x":[0],"y":[0]}},{"s":[-32.091],"t":16,"i":{"x":[1],"y":[1]},"o":{"x":[0],"y":[0]}},{"s":[-36.143],"t":17,"i":{"x":[1],"y":[1]},"o":{"x":[0],"y":[0]}},{"s":[-39.801],"t":18,"i":{"x":[1],"y":[1]},"o":{"x":[0],"y":[0]}},{"s":[-43.127],"t":19,"i":{"x":[1],"y":[1]},"o":{"x":[0],"y":[0]}},{"s":[-59.21],"t":20,"i":{"x":[1],"y":[1]},"o":{"x":[0],"y":[0]}},{"s":[-71.66],"t":21,"i":{"x":[1],"y":[1]},"o":{"x":[0],"y":[0]}},{"s":[-82.031],"t":22,"i":{"x":[1],"y":[1]},"o":{"x":[0],"y":[0]}},{"s":[-90.869],"t":23,"i":{"x":[1],"y":[1]},"o":{"x":[0],"y":[0]}},{"s":[-98.385],"t":24,"i":{"x":[1],"y":[1]},"o":{"x":[0],"y":[0]}},{"s":[-104.584],"t":25,"i":{"x":[1],"y":[1]},"o":{"x":[0],"y":[0]}},{"s":[-109.385],"t":26,"i":{"x":[1],"y":[1]},"o":{"x":[0],"y":[0]}},{"s":[-109.625],"t":27,"i":{"x":[1],"y":[1]},"o":{"x":[0],"y":[0]}},{"s":[-109.855],"t":28,"i":{"x":[1],"y":[1]},"o":{"x":[0],"y":[0]}},{"s":[-110.081],"t":29,"i":{"x":[1],"y":[1]},"o":{"x":[0],"y":[0]}},{"s":[-110.305],"t":30,"i":{"x":[1],"y":[1]},"o":{"x":[0],"y":[0]}},{"s":[-110.528],"t":31,"i":{"x":[1],"y":[1]},"o":{"x":[0],"y":[0]}},{"s":[-110.642],"t":32,"i":{"x":[1],"y":[1]},"o":{"x":[0],"y":[0]}},{"s":[-110.421],"t":33,"i":{"x":[1],"y":[1]},"o":{"x":[0],"y":[0]}},{"s":[-110.199],"t":34,"i":{"x":[1],"y":[1]},"o":{"x":[0],"y":[0]}},{"s":[-109.973],"t":35,"i":{"x":[1],"y":[1]},"o":{"x":[0],"y":[0]}},{"s":[-109.742],"t":36,"i":{"x":[1],"y":[1]},"o":{"x":[0],"y":[0]}},{"s":[-109.507],"t":37,"i":{"x":[1],"y":[1]},"o":{"x":[0],"y":[0]}},{"s":[-109.269],"t":38,"i":{"x":[1],"y":[1]},"o":{"x":[0],"y":[0]}},{"s":[-109.028],"t":39,"i":{"x":[1],"y":[1]},"o":{"x":[0],"y":[0]}},{"s":[-108.784],"t":40,"i":{"x":[1],"y":[1]},"o":{"x":[0],"y":[0]}},{"s":[-108.537],"t":41,"i":{"x":[1],"y":[1]},"o":{"x":[0],"y":[0]}},{"s":[-108.285],"t":42,"i":{"x":[1],"y":[1]},"o":{"x":[0],"y":[0]}},{"s":[-108.029],"t":43,"i":{"x":[1],"y":[1]},"o":{"x":[0],"y":[0]}},{"s":[-107.77],"t":44,"i":{"x":[1],"y":[1]},"o":{"x":[0],"y":[0]}},{"s":[-107.507],"t":45,"i":{"x":[1],"y":[1]},"o":{"x":[0],"y":[0]}},{"s":[-107.241],"t":46,"i":{"x":[1],"y":[1]},"o":{"x":[0],"y":[0]}},{"s":[-106.971],"t":47,"i":{"x":[1],"y":[1]},"o":{"x":[0],"y":[0]}},{"s":[-106.698],"t":48,"i":{"x":[1],"y":[1]},"o":{"x":[0],"y":[0]}},{"s":[-106.421],"t":49,"i":{"x":[1],"y":[1]},"o":{"x":[0],"y":[0]}},{"s":[-106.14],"t":50,"i":{"x":[1],"y":[1]},"o":{"x":[0],"y":[0]}},{"s":[-105.857],"t":51,"i":{"x":[1],"y":[1]},"o":{"x":[0],"y":[0]}},{"s":[-105.57],"t":52,"i":{"x":[1],"y":[1]},"o":{"x":[0],"y":[0]}},{"s":[-105.279],"t":53,"i":{"x":[1],"y":[1]},"o":{"x":[0],"y":[0]}},{"s":[-104.984],"t":54,"i":{"x":[1],"y":[1]},"o":{"x":[0],"y":[0]}},{"s":[-104.686],"t":55,"i":{"x":[1],"y":[1]},"o":{"x":[0],"y":[0]}},{"s":[-104.385],"t":56,"i":{"x":[1],"y":[1]},"o":{"x":[0],"y":[0]}},{"s":[-104.08],"t":57,"i":{"x":[1],"y":[1]},"o":{"x":[0],"y":[0]}},{"s":[-103.772],"t":58,"i":{"x":[1],"y":[1]},"o":{"x":[0],"y":[0]}},{"s":[-103.461],"t":59,"i":{"x":[1],"y":[1]},"o":{"x":[0],"y":[0]}},{"s":[-103.609],"t":60,"i":{"x":[1],"y":[1]},"o":{"x":[0],"y":[0]}},{"s":[-103.919],"t":61,"i":{"x":[1],"y":[1]},"o":{"x":[0],"y":[0]}},{"s":[-104.226],"t":62,"i":{"x":[1],"y":[1]},"o":{"x":[0],"y":[0]}},{"s":[-104.529],"t":63,"i":{"x":[1],"y":[1]},"o":{"x":[0],"y":[0]}},{"s":[-104.829],"t":64,"i":{"x":[1],"y":[1]},"o":{"x":[0],"y":[0]}},{"s":[-105.125],"t":65,"i":{"x":[1],"y":[1]},"o":{"x":[0],"y":[0]}},{"s":[-105.418],"t":66,"i":{"x":[1],"y":[1]},"o":{"x":[0],"y":[0]}},{"s":[-105.707],"t":67,"i":{"x":[1],"y":[1]},"o":{"x":[0],"y":[0]}},{"s":[-105.992],"t":68,"i":{"x":[1],"y":[1]},"o":{"x":[0],"y":[0]}},{"s":[-106.276],"t":69,"i":{"x":[1],"y":[1]},"o":{"x":[0],"y":[0]}},{"s":[-106.557],"t":70,"i":{"x":[1],"y":[1]},"o":{"x":[0],"y":[0]}},{"s":[-106.833],"t":71,"i":{"x":[1],"y":[1]},"o":{"x":[0],"y":[0]}},{"s":[-107.106],"t":72,"i":{"x":[1],"y":[1]},"o":{"x":[0],"y":[0]}},{"s":[-107.374],"t":73,"i":{"x":[1],"y":[1]},"o":{"x":[0],"y":[0]}},{"s":[-107.638],"t":74,"i":{"x":[1],"y":[1]},"o":{"x":[0],"y":[0]}},{"s":[-107.897],"t":75,"i":{"x":[1],"y":[1]},"o":{"x":[0],"y":[0]}},{"s":[-108.153],"t":76,"i":{"x":[1],"y":[1]},"o":{"x":[0],"y":[0]}},{"s":[-108.404],"t":77,"i":{"x":[1],"y":[1]},"o":{"x":[0],"y":[0]}},{"s":[-108.653],"t":78,"i":{"x":[1],"y":[1]},"o":{"x":[0],"y":[0]}},{"s":[-108.899],"t":79,"i":{"x":[1],"y":[1]},"o":{"x":[0],"y":[0]}},{"s":[-109.143],"t":80,"i":{"x":[1],"y":[1]},"o":{"x":[0],"y":[0]}},{"s":[-109.385],"t":81,"i":{"x":[1],"y":[1]},"o":{"x":[0],"y":[0]}},{"s":[-115.614],"t":82,"i":{"x":[1],"y":[1]},"o":{"x":[0],"y":[0]}},{"s":[-122.407],"t":83,"i":{"x":[1],"y":[1]},"o":{"x":[0],"y":[0]}},{"s":[-128.748],"t":84,"i":{"x":[1],"y":[1]},"o":{"x":[0],"y":[0]}},{"s":[-134.315],"t":85,"i":{"x":[1],"y":[1]},"o":{"x":[0],"y":[0]}},{"s":[-138.817],"t":86,"i":{"x":[1],"y":[1]},"o":{"x":[0],"y":[0]}},{"s":[-141.969],"t":87,"i":{"x":[1],"y":[1]},"o":{"x":[0],"y":[0]}},{"s":[-143.541],"t":88,"i":{"x":[1],"y":[1]},"o":{"x":[0],"y":[0]}},{"s":[-143.616],"t":89,"i":{"x":[1],"y":[1]},"o":{"x":[0],"y":[0]}},{"s":[-143.288],"t":90,"i":{"x":[1],"y":[1]},"o":{"x":[0],"y":[0]}},{"s":[-139.474],"t":91,"i":{"x":[1],"y":[1]},"o":{"x":[0],"y":[0]}}]},"p":{"k":[{"s":[21.475,106.612,0],"t":0,"i":{"x":1,"y":1},"o":{"x":0,"y":0}},{"s":[21.475,106.612,0],"t":300,"i":{"x":1,"y":1},"o":{"x":0,"y":0}}],"l":2},"a":{"a":0,"k":[16.014,9.389,0],"ix":1,"l":2},"s":{"a":0,"k":[100,100,100],"ix":6,"l":2}},"ao":0,"ef":[{"ty":5,"nm":"IK","np":3,"mn":"Pseudo/DUIK ik","ix":1,"en":1,"ef":[{"ty":10,"nm":"Controller","mn":"Pseudo/DUIK ik-0001","ix":1,"v":{"a":0,"k":6,"ix":1}}]}],"w":32,"h":104,"ip":0,"op":300.00001221925,"st":0,"bm":0},{"ddd":0,"ind":9,"ty":2,"nm":"L hand 111","parent":8,"refId":"image_3","sr":1,"ks":{"o":{"a":0,"k":100,"ix":11},"r":{"k":[{"s":[-699.526],"t":1,"i":{"x":[1],"y":[1]},"o":{"x":[0],"y":[0]}},{"s":[-700.326],"t":2,"i":{"x":[1],"y":[1]},"o":{"x":[0],"y":[0]}},{"s":[-701.35],"t":3,"i":{"x":[1],"y":[1]},"o":{"x":[0],"y":[0]}},{"s":[-702.603],"t":4,"i":{"x":[1],"y":[1]},"o":{"x":[0],"y":[0]}},{"s":[-704.12],"t":5,"i":{"x":[1],"y":[1]},"o":{"x":[0],"y":[0]}},{"s":[-705.944],"t":6,"i":{"x":[1],"y":[1]},"o":{"x":[0],"y":[0]}},{"s":[-708.156],"t":7,"i":{"x":[1],"y":[1]},"o":{"x":[0],"y":[0]}},{"s":[-710.903],"t":8,"i":{"x":[1],"y":[1]},"o":{"x":[0],"y":[0]}},{"s":[-714.508],"t":9,"i":{"x":[1],"y":[1]},"o":{"x":[0],"y":[0]}},{"s":[-719.989],"t":10,"i":{"x":[1],"y":[1]},"o":{"x":[0],"y":[0]}},{"s":[-729.237],"t":11,"i":{"x":[1],"y":[1]},"o":{"x":[0],"y":[0]}},{"s":[-726.292],"t":12,"i":{"x":[1],"y":[1]},"o":{"x":[0],"y":[0]}},{"s":[-720.11],"t":13,"i":{"x":[1],"y":[1]},"o":{"x":[0],"y":[0]}},{"s":[-716.681],"t":14,"i":{"x":[1],"y":[1]},"o":{"x":[0],"y":[0]}},{"s":[-714.024],"t":15,"i":{"x":[1],"y":[1]},"o":{"x":[0],"y":[0]}},{"s":[-711.777],"t":16,"i":{"x":[1],"y":[1]},"o":{"x":[0],"y":[0]}},{"s":[-709.785],"t":17,"i":{"x":[1],"y":[1]},"o":{"x":[0],"y":[0]}},{"s":[-708.004],"t":18,"i":{"x":[1],"y":[1]},"o":{"x":[0],"y":[0]}},{"s":[-711.68],"t":19,"i":{"x":[1],"y":[1]},"o":{"x":[0],"y":[0]}},{"s":[-706.804],"t":20,"i":{"x":[1],"y":[1]},"o":{"x":[0],"y":[0]}},{"s":[-703.249],"t":21,"i":{"x":[1],"y":[1]},"o":{"x":[0],"y":[0]}},{"s":[-700.2],"t":22,"i":{"x":[1],"y":[1]},"o":{"x":[0],"y":[0]}},{"s":[-697.276],"t":23,"i":{"x":[1],"y":[1]},"o":{"x":[0],"y":[0]}},{"s":[-694.257],"t":24,"i":{"x":[1],"y":[1]},"o":{"x":[0],"y":[0]}},{"s":[-691.063],"t":25,"i":{"x":[1],"y":[1]},"o":{"x":[0],"y":[0]}},{"s":[-687.705],"t":26,"i":{"x":[1],"y":[1]},"o":{"x":[0],"y":[0]}},{"s":[-692.435],"t":27,"i":{"x":[1],"y":[1]},"o":{"x":[0],"y":[0]}},{"s":[-706.657],"t":30,"i":{"x":[1],"y":[1]},"o":{"x":[0],"y":[0]}},{"s":[-711.39],"t":31,"i":{"x":[1],"y":[1]},"o":{"x":[0],"y":[0]}},{"s":[-711.834],"t":34,"i":{"x":[1],"y":[1]},"o":{"x":[0],"y":[0]}},{"s":[-712.237],"t":35,"i":{"x":[1],"y":[1]},"o":{"x":[0],"y":[0]}},{"s":[-713.052],"t":37,"i":{"x":[1],"y":[1]},"o":{"x":[0],"y":[0]}},{"s":[-713.457],"t":38,"i":{"x":[1],"y":[1]},"o":{"x":[0],"y":[0]}},{"s":[-713.859],"t":39,"i":{"x":[1],"y":[1]},"o":{"x":[0],"y":[0]}},{"s":[-714.661],"t":41,"i":{"x":[1],"y":[1]},"o":{"x":[0],"y":[0]}},{"s":[-715.466],"t":43,"i":{"x":[1],"y":[1]},"o":{"x":[0],"y":[0]}},{"s":[-715.868],"t":44,"i":{"x":[1],"y":[1]},"o":{"x":[0],"y":[0]}},{"s":[-716.269],"t":45,"i":{"x":[1],"y":[1]},"o":{"x":[0],"y":[0]}},{"s":[-716.67],"t":46,"i":{"x":[1],"y":[1]},"o":{"x":[0],"y":[0]}},{"s":[-717.469],"t":48,"i":{"x":[1],"y":[1]},"o":{"x":[0],"y":[0]}},{"s":[-717.869],"t":49,"i":{"x":[1],"y":[1]},"o":{"x":[0],"y":[0]}},{"s":[-718.267],"t":50,"i":{"x":[1],"y":[1]},"o":{"x":[0],"y":[0]}},{"s":[-719.458],"t":53,"i":{"x":[1],"y":[1]},"o":{"x":[0],"y":[0]}},{"s":[-719.856],"t":54,"i":{"x":[1],"y":[1]},"o":{"x":[0],"y":[0]}},{"s":[-720.252],"t":55,"i":{"x":[1],"y":[1]},"o":{"x":[0],"y":[0]}},{"s":[-720.647],"t":56,"i":{"x":[1],"y":[1]},"o":{"x":[0],"y":[0]}},{"s":[-721.042],"t":57,"i":{"x":[1],"y":[1]},"o":{"x":[0],"y":[0]}},{"s":[-720.891],"t":61,"i":{"x":[1],"y":[1]},"o":{"x":[0],"y":[0]}},{"s":[-720.29],"t":62,"i":{"x":[1],"y":[1]},"o":{"x":[0],"y":[0]}},{"s":[-719.69],"t":63,"i":{"x":[1],"y":[1]},"o":{"x":[0],"y":[0]}},{"s":[-719.089],"t":64,"i":{"x":[1],"y":[1]},"o":{"x":[0],"y":[0]}},{"s":[-717.282],"t":67,"i":{"x":[1],"y":[1]},"o":{"x":[0],"y":[0]}},{"s":[-716.679],"t":68,"i":{"x":[1],"y":[1]},"o":{"x":[0],"y":[0]}},{"s":[-716.072],"t":69,"i":{"x":[1],"y":[1]},"o":{"x":[0],"y":[0]}},{"s":[-714.248],"t":72,"i":{"x":[1],"y":[1]},"o":{"x":[0],"y":[0]}},{"s":[-713.642],"t":73,"i":{"x":[1],"y":[1]},"o":{"x":[0],"y":[0]}},{"s":[-705.829],"t":78,"i":{"x":[1],"y":[1]},"o":{"x":[0],"y":[0]}},{"s":[-704.263],"t":79,"i":{"x":[1],"y":[1]},"o":{"x":[0],"y":[0]}},{"s":[-702.694],"t":80,"i":{"x":[1],"y":[1]},"o":{"x":[0],"y":[0]}},{"s":[-713.598],"t":81,"i":{"x":[1],"y":[1]},"o":{"x":[0],"y":[0]}},{"s":[-715.187],"t":82,"i":{"x":[1],"y":[1]},"o":{"x":[0],"y":[0]}},{"s":[-716.258],"t":83,"i":{"x":[1],"y":[1]},"o":{"x":[0],"y":[0]}},{"s":[-716.478],"t":84,"i":{"x":[1],"y":[1]},"o":{"x":[0],"y":[0]}},{"s":[-715.524],"t":85,"i":{"x":[1],"y":[1]},"o":{"x":[0],"y":[0]}},{"s":[-713.241],"t":86,"i":{"x":[1],"y":[1]},"o":{"x":[0],"y":[0]}},{"s":[-709.765],"t":87,"i":{"x":[1],"y":[1]},"o":{"x":[0],"y":[0]}},{"s":[-705.811],"t":88,"i":{"x":[1],"y":[1]},"o":{"x":[0],"y":[0]}},{"s":[-702.344],"t":89,"i":{"x":[1],"y":[1]},"o":{"x":[0],"y":[0]}},{"s":[-699.303],"t":90,"i":{"x":[1],"y":[1]},"o":{"x":[0],"y":[0]}},{"s":[-685.945],"t":91,"i":{"x":[1],"y":[1]},"o":{"x":[0],"y":[0]}}]},"p":{"k":[{"s":[14.023,92.736,0],"t":0,"i":{"x":1,"y":1},"o":{"x":0,"y":0}},{"s":[14.023,92.736,0],"t":300,"i":{"x":1,"y":1},"o":{"x":0,"y":0}}],"l":2},"a":{"a":0,"k":[7.696,7.781,0],"ix":1,"l":2},"s":{"a":0,"k":[100,100,100],"ix":6,"l":2}},"ao":0,"ef":[{"ty":5,"nm":"IK","np":3,"mn":"Pseudo/DUIK ik","ix":1,"en":1,"ef":[{"ty":10,"nm":"Controller","mn":"Pseudo/DUIK ik-0001","ix":1,"v":{"a":0,"k":6,"ix":1}}]}],"ip":0,"op":312.000012708021,"st":0,"bm":0},{"ddd":0,"ind":10,"ty":2,"nm":"Asset 7.png","cl":"png","parent":9,"refId":"image_4","sr":1,"ks":{"o":{"a":0,"k":100,"ix":11},"r":{"a":1,"k":[{"i":{"x":[0.833],"y":[0.833]},"o":{"x":[0.167],"y":[0.167]},"t":19,"s":[55.803]},{"i":{"x":[0.833],"y":[0.833]},"o":{"x":[0.167],"y":[0.167]},"t":26,"s":[128.083]},{"i":{"x":[0.833],"y":[0.833]},"o":{"x":[0.167],"y":[0.167]},"t":80,"s":[133.915]},{"t":91.000003706506,"s":[198.002]}],"ix":10},"p":{"a":0,"k":[15.337,27.882,0],"ix":2,"l":2},"a":{"a":0,"k":[93.5,102,0],"ix":1,"l":2},"s":{"a":0,"k":[30.392,30.392,100],"ix":6,"l":2}},"ao":0,"ip":11.0000004480392,"op":312.000012708021,"st":0,"bm":0},{"ddd":0,"ind":11,"ty":0,"nm":"Pre-comp 2","parent":15,"refId":"comp_3","sr":1,"ks":{"o":{"a":0,"k":100,"ix":11},"r":{"a":1,"k":[{"i":{"x":[0.833],"y":[0.833]},"o":{"x":[0.167],"y":[0.167]},"t":80,"s":[12.872]},{"i":{"x":[0.833],"y":[0.833]},"o":{"x":[0.167],"y":[0.167]},"t":91,"s":[-11.317]},{"i":{"x":[0.833],"y":[0.833]},"o":{"x":[0.167],"y":[0.167]},"t":111,"s":[-8.969]},{"i":{"x":[0.833],"y":[0.833]},"o":{"x":[0.167],"y":[0.167]},"t":135,"s":[-11.502]},{"i":{"x":[0.833],"y":[0.833]},"o":{"x":[0.167],"y":[0.167]},"t":164,"s":[-10.01]},{"t":195.000007942513,"s":[-11.758]}],"ix":10},"p":{"a":0,"k":[91.479,-6.529,0],"ix":2,"l":2},"a":{"a":0,"k":[62.359,116.672,0],"ix":1,"l":2},"s":{"a":0,"k":[100,100,100],"ix":6,"l":2}},"ao":0,"w":114,"h":131,"ip":0,"op":300.00001221925,"st":0,"bm":0},{"ddd":0,"ind":13,"ty":0,"nm":"neck","parent":15,"refId":"comp_5","sr":1,"ks":{"o":{"a":0,"k":100,"ix":11},"r":{"a":0,"k":0,"ix":10},"p":{"a":0,"k":[82.742,8.443,0],"ix":2,"l":2},"a":{"a":0,"k":[17.445,46.355,0],"ix":1,"l":2},"s":{"a":0,"k":[100,100,100],"ix":6,"l":2}},"ao":0,"w":35,"h":57,"ip":0,"op":300.00001221925,"st":0,"bm":0},{"ddd":0,"ind":15,"ty":0,"nm":"body","parent":16,"refId":"comp_6","sr":1,"ks":{"o":{"a":0,"k":100,"ix":11},"r":{"a":0,"k":0,"ix":10},"p":{"a":0,"k":[57.276,11.561,0],"ix":2,"l":2},"a":{"a":0,"k":[87.594,196.08,0],"ix":1,"l":2},"s":{"a":0,"k":[100,100,100],"ix":6,"l":2}},"ao":0,"w":160,"h":216,"ip":0,"op":300.00001221925,"st":0,"bm":0},{"ddd":0,"ind":16,"ty":0,"nm":"body down","parent":4,"refId":"comp_7","sr":1,"ks":{"o":{"a":0,"k":100,"ix":11},"r":{"a":0,"k":0,"ix":10},"p":{"a":0,"k":[0,0,0],"ix":2,"l":2},"a":{"a":0,"k":[55.512,27.228,0],"ix":1,"l":2},"s":{"a":0,"k":[100,100,100],"ix":6,"l":2}},"ao":0,"w":112,"h":55,"ip":0,"op":300.00001221925,"st":0,"bm":0},{"ddd":0,"ind":17,"ty":0,"nm":"L leg 1","parent":16,"refId":"comp_8","sr":1,"ks":{"o":{"a":0,"k":100,"ix":11},"r":{"k":[{"s":[0.044],"t":0,"i":{"x":[1],"y":[1]},"o":{"x":[0],"y":[0]}},{"s":[0.044],"t":300,"i":{"x":[1],"y":[1]},"o":{"x":[0],"y":[0]}}]},"p":{"a":0,"k":[28.228,29.348,0],"ix":2,"l":2},"a":{"a":0,"k":[28.131,27.282,0],"ix":1,"l":2},"s":{"a":0,"k":[100,100,100],"ix":6,"l":2}},"ao":0,"ef":[{"ty":5,"nm":"IK","np":3,"mn":"Pseudo/DUIK ik","ix":1,"en":1,"ef":[{"ty":10,"nm":"Controller","mn":"Pseudo/DUIK ik-0001","ix":1,"v":{"a":0,"k":3,"ix":1}}]}],"w":55,"h":191,"ip":0,"op":300.00001221925,"st":0,"bm":0},{"ddd":0,"ind":18,"ty":0,"nm":"L leg 11","parent":17,"refId":"comp_9","sr":1,"ks":{"o":{"a":0,"k":100,"ix":11},"r":{"k":[{"s":[0.531],"t":0,"i":{"x":[1],"y":[1]},"o":{"x":[0],"y":[0]}},{"s":[0.531],"t":300,"i":{"x":[1],"y":[1]},"o":{"x":[0],"y":[0]}}]},"p":{"k":[{"s":[26.794,167.135,0],"t":0,"i":{"x":1,"y":1},"o":{"x":0,"y":0}},{"s":[26.794,167.135,0],"t":300,"i":{"x":1,"y":1},"o":{"x":0,"y":0}}],"l":2},"a":{"a":0,"k":[23.11,13.364,0],"ix":1,"l":2},"s":{"a":0,"k":[100,100,100],"ix":6,"l":2}},"ao":0,"ef":[{"ty":5,"nm":"IK","np":3,"mn":"Pseudo/DUIK ik","ix":1,"en":1,"ef":[{"ty":10,"nm":"Controller","mn":"Pseudo/DUIK ik-0001","ix":1,"v":{"a":0,"k":3,"ix":1}}]}],"w":47,"h":175,"ip":0,"op":300.00001221925,"st":0,"bm":0},{"ddd":0,"ind":19,"ty":0,"nm":"L shoes 111","parent":18,"refId":"comp_10","sr":1,"ks":{"o":{"a":0,"k":100,"ix":11},"r":{"k":[{"s":[-2.921],"t":0,"i":{"x":[1],"y":[1]},"o":{"x":[0],"y":[0]}},{"s":[-2.921],"t":300,"i":{"x":[1],"y":[1]},"o":{"x":[0],"y":[0]}}]},"p":{"k":[{"s":[23.062,175.846,0],"t":0,"i":{"x":1,"y":1},"o":{"x":0,"y":0}},{"s":[23.062,175.846,0],"t":300,"i":{"x":1,"y":1},"o":{"x":0,"y":0}}],"l":2},"a":{"a":0,"k":[12.302,21.598,0],"ix":1,"l":2},"s":{"a":0,"k":[100,100,100],"ix":6,"l":2}},"ao":0,"ef":[{"ty":5,"nm":"IK","np":3,"mn":"Pseudo/DUIK ik","ix":1,"en":1,"ef":[{"ty":10,"nm":"Controller","mn":"Pseudo/DUIK ik-0001","ix":1,"v":{"a":0,"k":3,"ix":1}}]}],"w":70,"h":57,"ip":0,"op":300.00001221925,"st":0,"bm":0},{"ddd":0,"ind":20,"ty":0,"nm":"R leg 1","parent":16,"refId":"comp_11","sr":1,"ks":{"o":{"a":0,"k":100,"ix":11},"r":{"k":[{"s":[712.618],"t":0,"i":{"x":[1],"y":[1]},"o":{"x":[0],"y":[0]}},{"s":[712.618],"t":300,"i":{"x":[1],"y":[1]},"o":{"x":[0],"y":[0]}}]},"p":{"a":0,"k":[85.046,30.598,0],"ix":2,"l":2},"a":{"a":0,"k":[29.867,25.014,0],"ix":1,"l":2},"s":{"a":0,"k":[100,100,100],"ix":6,"l":2}},"ao":0,"ef":[{"ty":5,"nm":"IK","np":3,"mn":"Pseudo/DUIK ik","ix":1,"en":1,"ef":[{"ty":10,"nm":"Controller","mn":"Pseudo/DUIK ik-0001","ix":1,"v":{"a":0,"k":0,"ix":1}}]},{"ty":5,"nm":"IK 2","np":3,"mn":"Pseudo/DUIK ik","ix":2,"en":1,"ef":[{"ty":10,"nm":"Controller","mn":"Pseudo/DUIK ik-0001","ix":1,"v":{"a":0,"k":0,"ix":1}}]},{"ty":5,"nm":"IK 3","np":3,"mn":"Pseudo/DUIK ik","ix":3,"en":1,"ef":[{"ty":10,"nm":"Controller","mn":"Pseudo/DUIK ik-0001","ix":1,"v":{"a":0,"k":2,"ix":1}}]}],"w":55,"h":191,"ip":0,"op":300.00001221925,"st":0,"bm":0},{"ddd":0,"ind":21,"ty":0,"nm":"R leg 11","parent":20,"refId":"comp_12","sr":1,"ks":{"o":{"a":0,"k":100,"ix":11},"r":{"k":[{"s":[8.699],"t":0,"i":{"x":[1],"y":[1]},"o":{"x":[0],"y":[0]}},{"s":[8.699],"t":300,"i":{"x":[1],"y":[1]},"o":{"x":[0],"y":[0]}}]},"p":{"k":[{"s":[28.176,167.782,0],"t":0,"i":{"x":1,"y":1},"o":{"x":0,"y":0}},{"s":[28.176,167.782,0],"t":300,"i":{"x":1,"y":1},"o":{"x":0,"y":0}}],"l":2},"a":{"a":0,"k":[24.095,15.001,0],"ix":1,"l":2},"s":{"a":0,"k":[100,100,100],"ix":6,"l":2}},"ao":0,"ef":[{"ty":5,"nm":"IK","np":3,"mn":"Pseudo/DUIK ik","ix":1,"en":1,"ef":[{"ty":10,"nm":"Controller","mn":"Pseudo/DUIK ik-0001","ix":1,"v":{"a":0,"k":0,"ix":1}}]},{"ty":5,"nm":"IK 2","np":3,"mn":"Pseudo/DUIK ik","ix":2,"en":1,"ef":[{"ty":10,"nm":"Controller","mn":"Pseudo/DUIK ik-0001","ix":1,"v":{"a":0,"k":0,"ix":1}}]},{"ty":5,"nm":"IK 3","np":3,"mn":"Pseudo/DUIK ik","ix":3,"en":1,"ef":[{"ty":10,"nm":"Controller","mn":"Pseudo/DUIK ik-0001","ix":1,"v":{"a":0,"k":2,"ix":1}}]}],"w":47,"h":175,"ip":0,"op":300.00001221925,"st":0,"bm":0},{"ddd":0,"ind":22,"ty":0,"nm":"R shoes 111","parent":21,"refId":"comp_13","sr":1,"ks":{"o":{"a":0,"k":100,"ix":11},"r":{"k":[{"s":[714.801],"t":1,"i":{"x":[1],"y":[1]},"o":{"x":[0],"y":[0]}},{"s":[713.151],"t":2,"i":{"x":[1],"y":[1]},"o":{"x":[0],"y":[0]}},{"s":[711.181],"t":3,"i":{"x":[1],"y":[1]},"o":{"x":[0],"y":[0]}},{"s":[709.531],"t":4,"i":{"x":[1],"y":[1]},"o":{"x":[0],"y":[0]}},{"s":[708.839],"t":5,"i":{"x":[1],"y":[1]},"o":{"x":[0],"y":[0]}},{"s":[709.885],"t":6,"i":{"x":[1],"y":[1]},"o":{"x":[0],"y":[0]}},{"s":[712.379],"t":7,"i":{"x":[1],"y":[1]},"o":{"x":[0],"y":[0]}},{"s":[715.356],"t":8,"i":{"x":[1],"y":[1]},"o":{"x":[0],"y":[0]}},{"s":[717.85],"t":9,"i":{"x":[1],"y":[1]},"o":{"x":[0],"y":[0]}},{"s":[718.896],"t":10,"i":{"x":[1],"y":[1]},"o":{"x":[0],"y":[0]}},{"s":[718.896],"t":21,"i":{"x":[1],"y":[1]},"o":{"x":[0],"y":[0]}},{"s":[717.85],"t":22,"i":{"x":[1],"y":[1]},"o":{"x":[0],"y":[0]}},{"s":[715.356],"t":23,"i":{"x":[1],"y":[1]},"o":{"x":[0],"y":[0]}},{"s":[712.379],"t":24,"i":{"x":[1],"y":[1]},"o":{"x":[0],"y":[0]}},{"s":[709.885],"t":25,"i":{"x":[1],"y":[1]},"o":{"x":[0],"y":[0]}},{"s":[708.839],"t":26,"i":{"x":[1],"y":[1]},"o":{"x":[0],"y":[0]}},{"s":[709.885],"t":27,"i":{"x":[1],"y":[1]},"o":{"x":[0],"y":[0]}},{"s":[712.379],"t":28,"i":{"x":[1],"y":[1]},"o":{"x":[0],"y":[0]}},{"s":[715.356],"t":29,"i":{"x":[1],"y":[1]},"o":{"x":[0],"y":[0]}},{"s":[717.85],"t":30,"i":{"x":[1],"y":[1]},"o":{"x":[0],"y":[0]}},{"s":[718.896],"t":31,"i":{"x":[1],"y":[1]},"o":{"x":[0],"y":[0]}},{"s":[718.896],"t":50,"i":{"x":[1],"y":[1]},"o":{"x":[0],"y":[0]}},{"s":[717.85],"t":51,"i":{"x":[1],"y":[1]},"o":{"x":[0],"y":[0]}},{"s":[715.356],"t":52,"i":{"x":[1],"y":[1]},"o":{"x":[0],"y":[0]}},{"s":[712.379],"t":53,"i":{"x":[1],"y":[1]},"o":{"x":[0],"y":[0]}},{"s":[709.885],"t":54,"i":{"x":[1],"y":[1]},"o":{"x":[0],"y":[0]}},{"s":[708.839],"t":55,"i":{"x":[1],"y":[1]},"o":{"x":[0],"y":[0]}},{"s":[709.885],"t":56,"i":{"x":[1],"y":[1]},"o":{"x":[0],"y":[0]}},{"s":[712.379],"t":57,"i":{"x":[1],"y":[1]},"o":{"x":[0],"y":[0]}},{"s":[715.356],"t":58,"i":{"x":[1],"y":[1]},"o":{"x":[0],"y":[0]}},{"s":[717.85],"t":59,"i":{"x":[1],"y":[1]},"o":{"x":[0],"y":[0]}},{"s":[718.896],"t":60,"i":{"x":[1],"y":[1]},"o":{"x":[0],"y":[0]}},{"s":[718.896],"t":80,"i":{"x":[1],"y":[1]},"o":{"x":[0],"y":[0]}},{"s":[717.85],"t":81,"i":{"x":[1],"y":[1]},"o":{"x":[0],"y":[0]}},{"s":[715.356],"t":82,"i":{"x":[1],"y":[1]},"o":{"x":[0],"y":[0]}},{"s":[712.379],"t":83,"i":{"x":[1],"y":[1]},"o":{"x":[0],"y":[0]}},{"s":[709.885],"t":84,"i":{"x":[1],"y":[1]},"o":{"x":[0],"y":[0]}},{"s":[708.839],"t":85,"i":{"x":[1],"y":[1]},"o":{"x":[0],"y":[0]}},{"s":[709.885],"t":86,"i":{"x":[1],"y":[1]},"o":{"x":[0],"y":[0]}},{"s":[712.379],"t":87,"i":{"x":[1],"y":[1]},"o":{"x":[0],"y":[0]}},{"s":[715.356],"t":88,"i":{"x":[1],"y":[1]},"o":{"x":[0],"y":[0]}},{"s":[717.85],"t":89,"i":{"x":[1],"y":[1]},"o":{"x":[0],"y":[0]}},{"s":[718.896],"t":90,"i":{"x":[1],"y":[1]},"o":{"x":[0],"y":[0]}},{"s":[718.896],"t":110,"i":{"x":[1],"y":[1]},"o":{"x":[0],"y":[0]}},{"s":[717.85],"t":111,"i":{"x":[1],"y":[1]},"o":{"x":[0],"y":[0]}},{"s":[715.356],"t":112,"i":{"x":[1],"y":[1]},"o":{"x":[0],"y":[0]}},{"s":[712.379],"t":113,"i":{"x":[1],"y":[1]},"o":{"x":[0],"y":[0]}},{"s":[709.885],"t":114,"i":{"x":[1],"y":[1]},"o":{"x":[0],"y":[0]}},{"s":[708.839],"t":115,"i":{"x":[1],"y":[1]},"o":{"x":[0],"y":[0]}},{"s":[709.885],"t":116,"i":{"x":[1],"y":[1]},"o":{"x":[0],"y":[0]}},{"s":[712.379],"t":117,"i":{"x":[1],"y":[1]},"o":{"x":[0],"y":[0]}},{"s":[715.356],"t":118,"i":{"x":[1],"y":[1]},"o":{"x":[0],"y":[0]}},{"s":[717.85],"t":119,"i":{"x":[1],"y":[1]},"o":{"x":[0],"y":[0]}},{"s":[718.896],"t":120,"i":{"x":[1],"y":[1]},"o":{"x":[0],"y":[0]}},{"s":[718.896],"t":140,"i":{"x":[1],"y":[1]},"o":{"x":[0],"y":[0]}},{"s":[717.85],"t":141,"i":{"x":[1],"y":[1]},"o":{"x":[0],"y":[0]}},{"s":[715.356],"t":142,"i":{"x":[1],"y":[1]},"o":{"x":[0],"y":[0]}},{"s":[712.379],"t":143,"i":{"x":[1],"y":[1]},"o":{"x":[0],"y":[0]}},{"s":[709.885],"t":144,"i":{"x":[1],"y":[1]},"o":{"x":[0],"y":[0]}},{"s":[708.839],"t":145,"i":{"x":[1],"y":[1]},"o":{"x":[0],"y":[0]}},{"s":[709.885],"t":146,"i":{"x":[1],"y":[1]},"o":{"x":[0],"y":[0]}},{"s":[712.379],"t":147,"i":{"x":[1],"y":[1]},"o":{"x":[0],"y":[0]}},{"s":[715.356],"t":148,"i":{"x":[1],"y":[1]},"o":{"x":[0],"y":[0]}},{"s":[717.85],"t":149,"i":{"x":[1],"y":[1]},"o":{"x":[0],"y":[0]}},{"s":[718.896],"t":150,"i":{"x":[1],"y":[1]},"o":{"x":[0],"y":[0]}},{"s":[718.896],"t":181,"i":{"x":[1],"y":[1]},"o":{"x":[0],"y":[0]}},{"s":[717.85],"t":182,"i":{"x":[1],"y":[1]},"o":{"x":[0],"y":[0]}},{"s":[715.356],"t":183,"i":{"x":[1],"y":[1]},"o":{"x":[0],"y":[0]}},{"s":[712.379],"t":184,"i":{"x":[1],"y":[1]},"o":{"x":[0],"y":[0]}},{"s":[709.885],"t":185,"i":{"x":[1],"y":[1]},"o":{"x":[0],"y":[0]}},{"s":[708.839],"t":186,"i":{"x":[1],"y":[1]},"o":{"x":[0],"y":[0]}},{"s":[709.885],"t":187,"i":{"x":[1],"y":[1]},"o":{"x":[0],"y":[0]}},{"s":[712.379],"t":188,"i":{"x":[1],"y":[1]},"o":{"x":[0],"y":[0]}},{"s":[715.356],"t":189,"i":{"x":[1],"y":[1]},"o":{"x":[0],"y":[0]}},{"s":[717.85],"t":190,"i":{"x":[1],"y":[1]},"o":{"x":[0],"y":[0]}},{"s":[718.896],"t":191,"i":{"x":[1],"y":[1]},"o":{"x":[0],"y":[0]}},{"s":[718.896],"t":225,"i":{"x":[1],"y":[1]},"o":{"x":[0],"y":[0]}},{"s":[717.85],"t":226,"i":{"x":[1],"y":[1]},"o":{"x":[0],"y":[0]}},{"s":[715.356],"t":227,"i":{"x":[1],"y":[1]},"o":{"x":[0],"y":[0]}},{"s":[712.379],"t":228,"i":{"x":[1],"y":[1]},"o":{"x":[0],"y":[0]}},{"s":[709.885],"t":229,"i":{"x":[1],"y":[1]},"o":{"x":[0],"y":[0]}},{"s":[708.839],"t":230,"i":{"x":[1],"y":[1]},"o":{"x":[0],"y":[0]}},{"s":[709.885],"t":231,"i":{"x":[1],"y":[1]},"o":{"x":[0],"y":[0]}},{"s":[712.379],"t":232,"i":{"x":[1],"y":[1]},"o":{"x":[0],"y":[0]}},{"s":[715.356],"t":233,"i":{"x":[1],"y":[1]},"o":{"x":[0],"y":[0]}},{"s":[717.85],"t":234,"i":{"x":[1],"y":[1]},"o":{"x":[0],"y":[0]}},{"s":[718.896],"t":235,"i":{"x":[1],"y":[1]},"o":{"x":[0],"y":[0]}}]},"p":{"k":[{"s":[24.336,172.8,0],"t":0,"i":{"x":1,"y":1},"o":{"x":0,"y":0}},{"s":[24.336,172.8,0],"t":300,"i":{"x":1,"y":1},"o":{"x":0,"y":0}}],"l":2},"a":{"a":0,"k":[12.03,17.904,0],"ix":1,"l":2},"s":{"a":0,"k":[100,100,100],"ix":6,"l":2}},"ao":0,"ef":[{"ty":5,"nm":"IK","np":3,"mn":"Pseudo/DUIK ik","ix":1,"en":1,"ef":[{"ty":10,"nm":"Controller","mn":"Pseudo/DUIK ik-0001","ix":1,"v":{"a":0,"k":0,"ix":1}}]},{"ty":5,"nm":"IK 2","np":3,"mn":"Pseudo/DUIK ik","ix":2,"en":1,"ef":[{"ty":10,"nm":"Controller","mn":"Pseudo/DUIK ik-0001","ix":1,"v":{"a":0,"k":0,"ix":1}}]},{"ty":5,"nm":"IK 3","np":3,"mn":"Pseudo/DUIK ik","ix":3,"en":1,"ef":[{"ty":10,"nm":"Controller","mn":"Pseudo/DUIK ik-0001","ix":1,"v":{"a":0,"k":2,"ix":1}}]}],"w":70,"h":57,"ip":0,"op":300.00001221925,"st":0,"bm":0},{"ddd":0,"ind":23,"ty":0,"nm":"R hand 1","parent":15,"refId":"comp_14","sr":1,"ks":{"o":{"a":0,"k":100,"ix":11},"r":{"k":[{"s":[20.933],"t":140,"i":{"x":[1],"y":[1]},"o":{"x":[0],"y":[0]}},{"s":[31.661],"t":141,"i":{"x":[1],"y":[1]},"o":{"x":[0],"y":[0]}},{"s":[32.775],"t":142,"i":{"x":[1],"y":[1]},"o":{"x":[0],"y":[0]}},{"s":[30.903],"t":143,"i":{"x":[1],"y":[1]},"o":{"x":[0],"y":[0]}},{"s":[28.199],"t":144,"i":{"x":[1],"y":[1]},"o":{"x":[0],"y":[0]}},{"s":[26.61],"t":145,"i":{"x":[1],"y":[1]},"o":{"x":[0],"y":[0]}},{"s":[26.61],"t":159,"i":{"x":[1],"y":[1]},"o":{"x":[0],"y":[0]}},{"s":[26.967],"t":160,"i":{"x":[1],"y":[1]},"o":{"x":[0],"y":[0]}},{"s":[26.619],"t":161,"i":{"x":[1],"y":[1]},"o":{"x":[0],"y":[0]}},{"s":[25.846],"t":162,"i":{"x":[1],"y":[1]},"o":{"x":[0],"y":[0]}},{"s":[24.953],"t":163,"i":{"x":[1],"y":[1]},"o":{"x":[0],"y":[0]}},{"s":[24.445],"t":164,"i":{"x":[1],"y":[1]},"o":{"x":[0],"y":[0]}},{"s":[24.445],"t":180,"i":{"x":[1],"y":[1]},"o":{"x":[0],"y":[0]}},{"s":[23.864],"t":181,"i":{"x":[1],"y":[1]},"o":{"x":[0],"y":[0]}},{"s":[22.384],"t":182,"i":{"x":[1],"y":[1]},"o":{"x":[0],"y":[0]}},{"s":[21.048],"t":183,"i":{"x":[1],"y":[1]},"o":{"x":[0],"y":[0]}},{"s":[20.477],"t":184,"i":{"x":[1],"y":[1]},"o":{"x":[0],"y":[0]}},{"s":[20.561],"t":185,"i":{"x":[1],"y":[1]},"o":{"x":[0],"y":[0]}},{"s":[21.509],"t":186,"i":{"x":[1],"y":[1]},"o":{"x":[0],"y":[0]}},{"s":[22.837],"t":187,"i":{"x":[1],"y":[1]},"o":{"x":[0],"y":[0]}},{"s":[24.192],"t":188,"i":{"x":[1],"y":[1]},"o":{"x":[0],"y":[0]}},{"s":[25.448],"t":189,"i":{"x":[1],"y":[1]},"o":{"x":[0],"y":[0]}},{"s":[26.541],"t":190,"i":{"x":[1],"y":[1]},"o":{"x":[0],"y":[0]}},{"s":[27.43],"t":191,"i":{"x":[1],"y":[1]},"o":{"x":[0],"y":[0]}},{"s":[28.082],"t":192,"i":{"x":[1],"y":[1]},"o":{"x":[0],"y":[0]}},{"s":[28.47],"t":193,"i":{"x":[1],"y":[1]},"o":{"x":[0],"y":[0]}},{"s":[28.56],"t":194,"i":{"x":[1],"y":[1]},"o":{"x":[0],"y":[0]}},{"s":[28.316],"t":195,"i":{"x":[1],"y":[1]},"o":{"x":[0],"y":[0]}},{"s":[27.684],"t":196,"i":{"x":[1],"y":[1]},"o":{"x":[0],"y":[0]}},{"s":[26.594],"t":197,"i":{"x":[1],"y":[1]},"o":{"x":[0],"y":[0]}},{"s":[24.926],"t":198,"i":{"x":[1],"y":[1]},"o":{"x":[0],"y":[0]}},{"s":[23.179],"t":199,"i":{"x":[1],"y":[1]},"o":{"x":[0],"y":[0]}},{"s":[17.837],"t":200,"i":{"x":[1],"y":[1]},"o":{"x":[0],"y":[0]}},{"s":[16.113],"t":201,"i":{"x":[1],"y":[1]},"o":{"x":[0],"y":[0]}},{"s":[15.389],"t":202,"i":{"x":[1],"y":[1]},"o":{"x":[0],"y":[0]}},{"s":[16.255],"t":203,"i":{"x":[1],"y":[1]},"o":{"x":[0],"y":[0]}},{"s":[16.04],"t":204,"i":{"x":[1],"y":[1]},"o":{"x":[0],"y":[0]}},{"s":[15.594],"t":205,"i":{"x":[1],"y":[1]},"o":{"x":[0],"y":[0]}},{"s":[15.076],"t":206,"i":{"x":[1],"y":[1]},"o":{"x":[0],"y":[0]}},{"s":[14.564],"t":207,"i":{"x":[1],"y":[1]},"o":{"x":[0],"y":[0]}},{"s":[14.109],"t":208,"i":{"x":[1],"y":[1]},"o":{"x":[0],"y":[0]}},{"s":[13.743],"t":209,"i":{"x":[1],"y":[1]},"o":{"x":[0],"y":[0]}},{"s":[13.484],"t":210,"i":{"x":[1],"y":[1]},"o":{"x":[0],"y":[0]}},{"s":[13.333],"t":211,"i":{"x":[1],"y":[1]},"o":{"x":[0],"y":[0]}},{"s":[13.268],"t":212,"i":{"x":[1],"y":[1]},"o":{"x":[0],"y":[0]}},{"s":[13.254],"t":213,"i":{"x":[1],"y":[1]},"o":{"x":[0],"y":[0]}},{"s":[13.254],"t":214,"i":{"x":[1],"y":[1]},"o":{"x":[0],"y":[0]}},{"s":[12.734],"t":215,"i":{"x":[1],"y":[1]},"o":{"x":[0],"y":[0]}},{"s":[11.611],"t":216,"i":{"x":[1],"y":[1]},"o":{"x":[0],"y":[0]}},{"s":[10.037],"t":217,"i":{"x":[1],"y":[1]},"o":{"x":[0],"y":[0]}},{"s":[8.158],"t":218,"i":{"x":[1],"y":[1]},"o":{"x":[0],"y":[0]}},{"s":[6.115],"t":219,"i":{"x":[1],"y":[1]},"o":{"x":[0],"y":[0]}},{"s":[4.06],"t":220,"i":{"x":[1],"y":[1]},"o":{"x":[0],"y":[0]}},{"s":[2.173],"t":221,"i":{"x":[1],"y":[1]},"o":{"x":[0],"y":[0]}},{"s":[0.704],"t":222,"i":{"x":[1],"y":[1]},"o":{"x":[0],"y":[0]}},{"s":[0.061],"t":223,"i":{"x":[1],"y":[1]},"o":{"x":[0],"y":[0]}},{"s":[4.297],"t":224,"i":{"x":[1],"y":[1]},"o":{"x":[0],"y":[0]}},{"s":[7.915],"t":225,"i":{"x":[1],"y":[1]},"o":{"x":[0],"y":[0]}},{"s":[10.794],"t":226,"i":{"x":[1],"y":[1]},"o":{"x":[0],"y":[0]}},{"s":[12.958],"t":227,"i":{"x":[1],"y":[1]},"o":{"x":[0],"y":[0]}},{"s":[14.378],"t":228,"i":{"x":[1],"y":[1]},"o":{"x":[0],"y":[0]}},{"s":[14.895],"t":229,"i":{"x":[1],"y":[1]},"o":{"x":[0],"y":[0]}},{"s":[13.734],"t":230,"i":{"x":[1],"y":[1]},"o":{"x":[0],"y":[0]}},{"s":[12.673],"t":231,"i":{"x":[1],"y":[1]},"o":{"x":[0],"y":[0]}},{"s":[11.637],"t":232,"i":{"x":[1],"y":[1]},"o":{"x":[0],"y":[0]}},{"s":[10.605],"t":233,"i":{"x":[1],"y":[1]},"o":{"x":[0],"y":[0]}},{"s":[9.583],"t":234,"i":{"x":[1],"y":[1]},"o":{"x":[0],"y":[0]}},{"s":[8.574],"t":235,"i":{"x":[1],"y":[1]},"o":{"x":[0],"y":[0]}},{"s":[7.582],"t":236,"i":{"x":[1],"y":[1]},"o":{"x":[0],"y":[0]}},{"s":[6.612],"t":237,"i":{"x":[1],"y":[1]},"o":{"x":[0],"y":[0]}},{"s":[5.675],"t":238,"i":{"x":[1],"y":[1]},"o":{"x":[0],"y":[0]}},{"s":[4.774],"t":239,"i":{"x":[1],"y":[1]},"o":{"x":[0],"y":[0]}},{"s":[3.921],"t":240,"i":{"x":[1],"y":[1]},"o":{"x":[0],"y":[0]}},{"s":[3.144],"t":241,"i":{"x":[1],"y":[1]},"o":{"x":[0],"y":[0]}},{"s":[2.472],"t":242,"i":{"x":[1],"y":[1]},"o":{"x":[0],"y":[0]}},{"s":[2.431],"t":243,"i":{"x":[1],"y":[1]},"o":{"x":[0],"y":[0]}},{"s":[3.119],"t":244,"i":{"x":[1],"y":[1]},"o":{"x":[0],"y":[0]}},{"s":[3.568],"t":245,"i":{"x":[1],"y":[1]},"o":{"x":[0],"y":[0]}},{"s":[3.743],"t":246,"i":{"x":[1],"y":[1]},"o":{"x":[0],"y":[0]}},{"s":[9.476],"t":247,"i":{"x":[1],"y":[1]},"o":{"x":[0],"y":[0]}},{"s":[14.362],"t":248,"i":{"x":[1],"y":[1]},"o":{"x":[0],"y":[0]}},{"s":[18.565],"t":249,"i":{"x":[1],"y":[1]},"o":{"x":[0],"y":[0]}},{"s":[22.131],"t":250,"i":{"x":[1],"y":[1]},"o":{"x":[0],"y":[0]}},{"s":[25.064],"t":251,"i":{"x":[1],"y":[1]},"o":{"x":[0],"y":[0]}},{"s":[27.372],"t":252,"i":{"x":[1],"y":[1]},"o":{"x":[0],"y":[0]}},{"s":[29.057],"t":253,"i":{"x":[1],"y":[1]},"o":{"x":[0],"y":[0]}},{"s":[30.106],"t":254,"i":{"x":[1],"y":[1]},"o":{"x":[0],"y":[0]}},{"s":[30.501],"t":255,"i":{"x":[1],"y":[1]},"o":{"x":[0],"y":[0]}},{"s":[30.221],"t":256,"i":{"x":[1],"y":[1]},"o":{"x":[0],"y":[0]}},{"s":[29.23],"t":257,"i":{"x":[1],"y":[1]},"o":{"x":[0],"y":[0]}},{"s":[27.491],"t":258,"i":{"x":[1],"y":[1]},"o":{"x":[0],"y":[0]}},{"s":[25.051],"t":259,"i":{"x":[1],"y":[1]},"o":{"x":[0],"y":[0]}},{"s":[23.179],"t":260,"i":{"x":[1],"y":[1]},"o":{"x":[0],"y":[0]}}]},"p":{"a":0,"k":[138.832,43.359,0],"ix":2,"l":2},"a":{"a":0,"k":[21.503,19.406,0],"ix":1,"l":2},"s":{"a":0,"k":[100,100,100],"ix":6,"l":2}},"ao":0,"ef":[{"ty":5,"nm":"IK","np":3,"mn":"Pseudo/DUIK ik","ix":1,"en":1,"ef":[{"ty":10,"nm":"Controller","mn":"Pseudo/DUIK ik-0001","ix":1,"v":{"a":0,"k":5,"ix":1}}]}],"w":78,"h":119,"ip":0,"op":300.00001221925,"st":0,"bm":0},{"ddd":0,"ind":24,"ty":0,"nm":"R hand 11","parent":23,"refId":"comp_15","sr":1,"ks":{"o":{"a":0,"k":100,"ix":11},"r":{"k":[{"s":[355.361],"t":140,"i":{"x":[1],"y":[1]},"o":{"x":[0],"y":[0]}},{"s":[320.856],"t":141,"i":{"x":[1],"y":[1]},"o":{"x":[0],"y":[0]}},{"s":[306.067],"t":142,"i":{"x":[1],"y":[1]},"o":{"x":[0],"y":[0]}},{"s":[298.124],"t":143,"i":{"x":[1],"y":[1]},"o":{"x":[0],"y":[0]}},{"s":[293.969],"t":144,"i":{"x":[1],"y":[1]},"o":{"x":[0],"y":[0]}},{"s":[292.518],"t":145,"i":{"x":[1],"y":[1]},"o":{"x":[0],"y":[0]}},{"s":[292.518],"t":159,"i":{"x":[1],"y":[1]},"o":{"x":[0],"y":[0]}},{"s":[285.288],"t":160,"i":{"x":[1],"y":[1]},"o":{"x":[0],"y":[0]}},{"s":[279.71],"t":161,"i":{"x":[1],"y":[1]},"o":{"x":[0],"y":[0]}},{"s":[275.452],"t":162,"i":{"x":[1],"y":[1]},"o":{"x":[0],"y":[0]}},{"s":[272.477],"t":163,"i":{"x":[1],"y":[1]},"o":{"x":[0],"y":[0]}},{"s":[271.171],"t":164,"i":{"x":[1],"y":[1]},"o":{"x":[0],"y":[0]}},{"s":[271.171],"t":180,"i":{"x":[1],"y":[1]},"o":{"x":[0],"y":[0]}},{"s":[280.503],"t":181,"i":{"x":[1],"y":[1]},"o":{"x":[0],"y":[0]}},{"s":[290.168],"t":182,"i":{"x":[1],"y":[1]},"o":{"x":[0],"y":[0]}},{"s":[298.854],"t":183,"i":{"x":[1],"y":[1]},"o":{"x":[0],"y":[0]}},{"s":[305.067],"t":184,"i":{"x":[1],"y":[1]},"o":{"x":[0],"y":[0]}},{"s":[307.43],"t":185,"i":{"x":[1],"y":[1]},"o":{"x":[0],"y":[0]}},{"s":[310.312],"t":186,"i":{"x":[1],"y":[1]},"o":{"x":[0],"y":[0]}},{"s":[312.267],"t":187,"i":{"x":[1],"y":[1]},"o":{"x":[0],"y":[0]}},{"s":[313.983],"t":188,"i":{"x":[1],"y":[1]},"o":{"x":[0],"y":[0]}},{"s":[315.716],"t":189,"i":{"x":[1],"y":[1]},"o":{"x":[0],"y":[0]}},{"s":[317.588],"t":190,"i":{"x":[1],"y":[1]},"o":{"x":[0],"y":[0]}},{"s":[319.67],"t":191,"i":{"x":[1],"y":[1]},"o":{"x":[0],"y":[0]}},{"s":[322.008],"t":192,"i":{"x":[1],"y":[1]},"o":{"x":[0],"y":[0]}},{"s":[324.64],"t":193,"i":{"x":[1],"y":[1]},"o":{"x":[0],"y":[0]}},{"s":[327.597],"t":194,"i":{"x":[1],"y":[1]},"o":{"x":[0],"y":[0]}},{"s":[330.919],"t":195,"i":{"x":[1],"y":[1]},"o":{"x":[0],"y":[0]}},{"s":[334.654],"t":196,"i":{"x":[1],"y":[1]},"o":{"x":[0],"y":[0]}},{"s":[338.86],"t":197,"i":{"x":[1],"y":[1]},"o":{"x":[0],"y":[0]}},{"s":[343.646],"t":198,"i":{"x":[1],"y":[1]},"o":{"x":[0],"y":[0]}},{"s":[347.725],"t":199,"i":{"x":[1],"y":[1]},"o":{"x":[0],"y":[0]}},{"s":[355.361],"t":200,"i":{"x":[1],"y":[1]},"o":{"x":[0],"y":[0]}},{"s":[355.361],"t":201,"i":{"x":[1],"y":[1]},"o":{"x":[0],"y":[0]}},{"s":[353.417],"t":202,"i":{"x":[1],"y":[1]},"o":{"x":[0],"y":[0]}},{"s":[348.288],"t":203,"i":{"x":[1],"y":[1]},"o":{"x":[0],"y":[0]}},{"s":[345.524],"t":204,"i":{"x":[1],"y":[1]},"o":{"x":[0],"y":[0]}},{"s":[343.379],"t":205,"i":{"x":[1],"y":[1]},"o":{"x":[0],"y":[0]}},{"s":[341.531],"t":206,"i":{"x":[1],"y":[1]},"o":{"x":[0],"y":[0]}},{"s":[339.839],"t":207,"i":{"x":[1],"y":[1]},"o":{"x":[0],"y":[0]}},{"s":[338.226],"t":208,"i":{"x":[1],"y":[1]},"o":{"x":[0],"y":[0]}},{"s":[336.661],"t":209,"i":{"x":[1],"y":[1]},"o":{"x":[0],"y":[0]}},{"s":[335.163],"t":210,"i":{"x":[1],"y":[1]},"o":{"x":[0],"y":[0]}},{"s":[333.813],"t":211,"i":{"x":[1],"y":[1]},"o":{"x":[0],"y":[0]}},{"s":[332.774],"t":212,"i":{"x":[1],"y":[1]},"o":{"x":[0],"y":[0]}},{"s":[332.336],"t":213,"i":{"x":[1],"y":[1]},"o":{"x":[0],"y":[0]}},{"s":[324.927],"t":214,"i":{"x":[1],"y":[1]},"o":{"x":[0],"y":[0]}},{"s":[318.897],"t":215,"i":{"x":[1],"y":[1]},"o":{"x":[0],"y":[0]}},{"s":[314.328],"t":216,"i":{"x":[1],"y":[1]},"o":{"x":[0],"y":[0]}},{"s":[310.947],"t":217,"i":{"x":[1],"y":[1]},"o":{"x":[0],"y":[0]}},{"s":[308.527],"t":218,"i":{"x":[1],"y":[1]},"o":{"x":[0],"y":[0]}},{"s":[306.892],"t":219,"i":{"x":[1],"y":[1]},"o":{"x":[0],"y":[0]}},{"s":[305.888],"t":220,"i":{"x":[1],"y":[1]},"o":{"x":[0],"y":[0]}},{"s":[305.362],"t":221,"i":{"x":[1],"y":[1]},"o":{"x":[0],"y":[0]}},{"s":[305.119],"t":223,"i":{"x":[1],"y":[1]},"o":{"x":[0],"y":[0]}},{"s":[303.319],"t":224,"i":{"x":[1],"y":[1]},"o":{"x":[0],"y":[0]}},{"s":[302.955],"t":225,"i":{"x":[1],"y":[1]},"o":{"x":[0],"y":[0]}},{"s":[303.442],"t":226,"i":{"x":[1],"y":[1]},"o":{"x":[0],"y":[0]}},{"s":[304.501],"t":227,"i":{"x":[1],"y":[1]},"o":{"x":[0],"y":[0]}},{"s":[305.777],"t":228,"i":{"x":[1],"y":[1]},"o":{"x":[0],"y":[0]}},{"s":[306.622],"t":229,"i":{"x":[1],"y":[1]},"o":{"x":[0],"y":[0]}},{"s":[306.945],"t":230,"i":{"x":[1],"y":[1]},"o":{"x":[0],"y":[0]}},{"s":[307.179],"t":233,"i":{"x":[1],"y":[1]},"o":{"x":[0],"y":[0]}},{"s":[307.338],"t":234,"i":{"x":[1],"y":[1]},"o":{"x":[0],"y":[0]}},{"s":[307.539],"t":235,"i":{"x":[1],"y":[1]},"o":{"x":[0],"y":[0]}},{"s":[307.776],"t":236,"i":{"x":[1],"y":[1]},"o":{"x":[0],"y":[0]}},{"s":[308.044],"t":237,"i":{"x":[1],"y":[1]},"o":{"x":[0],"y":[0]}},{"s":[308.33],"t":238,"i":{"x":[1],"y":[1]},"o":{"x":[0],"y":[0]}},{"s":[308.626],"t":239,"i":{"x":[1],"y":[1]},"o":{"x":[0],"y":[0]}},{"s":[308.915],"t":240,"i":{"x":[1],"y":[1]},"o":{"x":[0],"y":[0]}},{"s":[309.171],"t":241,"i":{"x":[1],"y":[1]},"o":{"x":[0],"y":[0]}},{"s":[309.343],"t":242,"i":{"x":[1],"y":[1]},"o":{"x":[0],"y":[0]}},{"s":[308.83],"t":243,"i":{"x":[1],"y":[1]},"o":{"x":[0],"y":[0]}},{"s":[308.205],"t":244,"i":{"x":[1],"y":[1]},"o":{"x":[0],"y":[0]}},{"s":[307.851],"t":245,"i":{"x":[1],"y":[1]},"o":{"x":[0],"y":[0]}},{"s":[307.718],"t":246,"i":{"x":[1],"y":[1]},"o":{"x":[0],"y":[0]}},{"s":[304.242],"t":247,"i":{"x":[1],"y":[1]},"o":{"x":[0],"y":[0]}},{"s":[302.391],"t":248,"i":{"x":[1],"y":[1]},"o":{"x":[0],"y":[0]}},{"s":[301.766],"t":249,"i":{"x":[1],"y":[1]},"o":{"x":[0],"y":[0]}},{"s":[302.197],"t":250,"i":{"x":[1],"y":[1]},"o":{"x":[0],"y":[0]}},{"s":[303.571],"t":251,"i":{"x":[1],"y":[1]},"o":{"x":[0],"y":[0]}},{"s":[305.811],"t":252,"i":{"x":[1],"y":[1]},"o":{"x":[0],"y":[0]}},{"s":[308.869],"t":253,"i":{"x":[1],"y":[1]},"o":{"x":[0],"y":[0]}},{"s":[312.713],"t":254,"i":{"x":[1],"y":[1]},"o":{"x":[0],"y":[0]}},{"s":[317.313],"t":255,"i":{"x":[1],"y":[1]},"o":{"x":[0],"y":[0]}},{"s":[322.67],"t":256,"i":{"x":[1],"y":[1]},"o":{"x":[0],"y":[0]}},{"s":[328.789],"t":257,"i":{"x":[1],"y":[1]},"o":{"x":[0],"y":[0]}},{"s":[335.641],"t":258,"i":{"x":[1],"y":[1]},"o":{"x":[0],"y":[0]}},{"s":[342.955],"t":259,"i":{"x":[1],"y":[1]},"o":{"x":[0],"y":[0]}},{"s":[347.725],"t":260,"i":{"x":[1],"y":[1]},"o":{"x":[0],"y":[0]}}]},"p":{"k":[{"s":[59.875,100.26,0],"t":0,"i":{"x":1,"y":1},"o":{"x":0,"y":0}},{"s":[59.875,100.26,0],"t":300,"i":{"x":1,"y":1},"o":{"x":0,"y":0}}],"l":2},"a":{"a":0,"k":[15.66,12.191,0],"ix":1,"l":2},"s":{"a":0,"k":[100,100,100],"ix":6,"l":2}},"ao":0,"ef":[{"ty":5,"nm":"IK","np":3,"mn":"Pseudo/DUIK ik","ix":1,"en":1,"ef":[{"ty":10,"nm":"Controller","mn":"Pseudo/DUIK ik-0001","ix":1,"v":{"a":0,"k":5,"ix":1}}]}],"w":56,"h":102,"ip":0,"op":300.00001221925,"st":0,"bm":0},{"ddd":0,"ind":25,"ty":0,"nm":"R hand 111","parent":24,"refId":"comp_16","sr":1,"ks":{"o":{"a":0,"k":100,"ix":11},"r":{"k":[{"s":[-369.095],"t":140,"i":{"x":[1],"y":[1]},"o":{"x":[0],"y":[0]}},{"s":[-380.926],"t":141,"i":{"x":[1],"y":[1]},"o":{"x":[0],"y":[0]}},{"s":[-402.858],"t":142,"i":{"x":[1],"y":[1]},"o":{"x":[0],"y":[0]}},{"s":[-393.131],"t":143,"i":{"x":[1],"y":[1]},"o":{"x":[0],"y":[0]}},{"s":[-386.528],"t":144,"i":{"x":[1],"y":[1]},"o":{"x":[0],"y":[0]}},{"s":[-383.899],"t":145,"i":{"x":[1],"y":[1]},"o":{"x":[0],"y":[0]}},{"s":[-384.455],"t":146,"i":{"x":[1],"y":[1]},"o":{"x":[0],"y":[0]}},{"s":[-385.145],"t":147,"i":{"x":[1],"y":[1]},"o":{"x":[0],"y":[0]}},{"s":[-385.958],"t":148,"i":{"x":[1],"y":[1]},"o":{"x":[0],"y":[0]}},{"s":[-386.882],"t":149,"i":{"x":[1],"y":[1]},"o":{"x":[0],"y":[0]}},{"s":[-387.907],"t":150,"i":{"x":[1],"y":[1]},"o":{"x":[0],"y":[0]}},{"s":[-389.02],"t":151,"i":{"x":[1],"y":[1]},"o":{"x":[0],"y":[0]}},{"s":[-390.21],"t":152,"i":{"x":[1],"y":[1]},"o":{"x":[0],"y":[0]}},{"s":[-391.468],"t":153,"i":{"x":[1],"y":[1]},"o":{"x":[0],"y":[0]}},{"s":[-392.78],"t":154,"i":{"x":[1],"y":[1]},"o":{"x":[0],"y":[0]}},{"s":[-394.136],"t":155,"i":{"x":[1],"y":[1]},"o":{"x":[0],"y":[0]}},{"s":[-395.525],"t":156,"i":{"x":[1],"y":[1]},"o":{"x":[0],"y":[0]}},{"s":[-396.935],"t":157,"i":{"x":[1],"y":[1]},"o":{"x":[0],"y":[0]}},{"s":[-399.774],"t":159,"i":{"x":[1],"y":[1]},"o":{"x":[0],"y":[0]}},{"s":[-394.308],"t":160,"i":{"x":[1],"y":[1]},"o":{"x":[0],"y":[0]}},{"s":[-389.766],"t":161,"i":{"x":[1],"y":[1]},"o":{"x":[0],"y":[0]}},{"s":[-386.083],"t":162,"i":{"x":[1],"y":[1]},"o":{"x":[0],"y":[0]}},{"s":[-383.517],"t":163,"i":{"x":[1],"y":[1]},"o":{"x":[0],"y":[0]}},{"s":[-382.949],"t":164,"i":{"x":[1],"y":[1]},"o":{"x":[0],"y":[0]}},{"s":[-384.126],"t":165,"i":{"x":[1],"y":[1]},"o":{"x":[0],"y":[0]}},{"s":[-385.223],"t":166,"i":{"x":[1],"y":[1]},"o":{"x":[0],"y":[0]}},{"s":[-386.229],"t":167,"i":{"x":[1],"y":[1]},"o":{"x":[0],"y":[0]}},{"s":[-387.132],"t":168,"i":{"x":[1],"y":[1]},"o":{"x":[0],"y":[0]}},{"s":[-387.922],"t":169,"i":{"x":[1],"y":[1]},"o":{"x":[0],"y":[0]}},{"s":[-388.588],"t":170,"i":{"x":[1],"y":[1]},"o":{"x":[0],"y":[0]}},{"s":[-389.117],"t":171,"i":{"x":[1],"y":[1]},"o":{"x":[0],"y":[0]}},{"s":[-389.499],"t":172,"i":{"x":[1],"y":[1]},"o":{"x":[0],"y":[0]}},{"s":[-389.331],"t":176,"i":{"x":[1],"y":[1]},"o":{"x":[0],"y":[0]}},{"s":[-388.808],"t":177,"i":{"x":[1],"y":[1]},"o":{"x":[0],"y":[0]}},{"s":[-388.071],"t":178,"i":{"x":[1],"y":[1]},"o":{"x":[0],"y":[0]}},{"s":[-387.108],"t":179,"i":{"x":[1],"y":[1]},"o":{"x":[0],"y":[0]}},{"s":[-385.908],"t":180,"i":{"x":[1],"y":[1]},"o":{"x":[0],"y":[0]}},{"s":[-393.209],"t":181,"i":{"x":[1],"y":[1]},"o":{"x":[0],"y":[0]}},{"s":[-399.377],"t":182,"i":{"x":[1],"y":[1]},"o":{"x":[0],"y":[0]}},{"s":[-403.896],"t":183,"i":{"x":[1],"y":[1]},"o":{"x":[0],"y":[0]}},{"s":[-405.986],"t":184,"i":{"x":[1],"y":[1]},"o":{"x":[0],"y":[0]}},{"s":[-404.26],"t":185,"i":{"x":[1],"y":[1]},"o":{"x":[0],"y":[0]}},{"s":[-403.394],"t":186,"i":{"x":[1],"y":[1]},"o":{"x":[0],"y":[0]}},{"s":[-401.551],"t":187,"i":{"x":[1],"y":[1]},"o":{"x":[0],"y":[0]}},{"s":[-399.167],"t":188,"i":{"x":[1],"y":[1]},"o":{"x":[0],"y":[0]}},{"s":[-396.467],"t":189,"i":{"x":[1],"y":[1]},"o":{"x":[0],"y":[0]}},{"s":[-393.606],"t":190,"i":{"x":[1],"y":[1]},"o":{"x":[0],"y":[0]}},{"s":[-390.711],"t":191,"i":{"x":[1],"y":[1]},"o":{"x":[0],"y":[0]}},{"s":[-387.892],"t":192,"i":{"x":[1],"y":[1]},"o":{"x":[0],"y":[0]}},{"s":[-385.257],"t":193,"i":{"x":[1],"y":[1]},"o":{"x":[0],"y":[0]}},{"s":[-382.902],"t":194,"i":{"x":[1],"y":[1]},"o":{"x":[0],"y":[0]}},{"s":[-380.923],"t":195,"i":{"x":[1],"y":[1]},"o":{"x":[0],"y":[0]}},{"s":[-379.417],"t":196,"i":{"x":[1],"y":[1]},"o":{"x":[0],"y":[0]}},{"s":[-378.464],"t":197,"i":{"x":[1],"y":[1]},"o":{"x":[0],"y":[0]}},{"s":[-378.152],"t":198,"i":{"x":[1],"y":[1]},"o":{"x":[0],"y":[0]}},{"s":[-377.79],"t":199,"i":{"x":[1],"y":[1]},"o":{"x":[0],"y":[0]}},{"s":[-379.729],"t":200,"i":{"x":[1],"y":[1]},"o":{"x":[0],"y":[0]}},{"s":[-380.775],"t":201,"i":{"x":[1],"y":[1]},"o":{"x":[0],"y":[0]}},{"s":[-382.884],"t":202,"i":{"x":[1],"y":[1]},"o":{"x":[0],"y":[0]}},{"s":[-384.286],"t":203,"i":{"x":[1],"y":[1]},"o":{"x":[0],"y":[0]}},{"s":[-386.74],"t":204,"i":{"x":[1],"y":[1]},"o":{"x":[0],"y":[0]}},{"s":[-388.229],"t":205,"i":{"x":[1],"y":[1]},"o":{"x":[0],"y":[0]}},{"s":[-387.471],"t":206,"i":{"x":[1],"y":[1]},"o":{"x":[0],"y":[0]}},{"s":[-386.454],"t":207,"i":{"x":[1],"y":[1]},"o":{"x":[0],"y":[0]}},{"s":[-386.817],"t":210,"i":{"x":[1],"y":[1]},"o":{"x":[0],"y":[0]}},{"s":[-387.401],"t":211,"i":{"x":[1],"y":[1]},"o":{"x":[0],"y":[0]}},{"s":[-388.196],"t":212,"i":{"x":[1],"y":[1]},"o":{"x":[0],"y":[0]}},{"s":[-388.93],"t":213,"i":{"x":[1],"y":[1]},"o":{"x":[0],"y":[0]}},{"s":[-384.07],"t":214,"i":{"x":[1],"y":[1]},"o":{"x":[0],"y":[0]}},{"s":[-381.915],"t":215,"i":{"x":[1],"y":[1]},"o":{"x":[0],"y":[0]}},{"s":[-381.596],"t":217,"i":{"x":[1],"y":[1]},"o":{"x":[0],"y":[0]}},{"s":[-382.727],"t":218,"i":{"x":[1],"y":[1]},"o":{"x":[0],"y":[0]}},{"s":[-384.479],"t":219,"i":{"x":[1],"y":[1]},"o":{"x":[0],"y":[0]}},{"s":[-386.728],"t":220,"i":{"x":[1],"y":[1]},"o":{"x":[0],"y":[0]}},{"s":[-389.335],"t":221,"i":{"x":[1],"y":[1]},"o":{"x":[0],"y":[0]}},{"s":[-392.057],"t":222,"i":{"x":[1],"y":[1]},"o":{"x":[0],"y":[0]}},{"s":[-393.925],"t":223,"i":{"x":[1],"y":[1]},"o":{"x":[0],"y":[0]}},{"s":[-392.661],"t":224,"i":{"x":[1],"y":[1]},"o":{"x":[0],"y":[0]}},{"s":[-390.191],"t":225,"i":{"x":[1],"y":[1]},"o":{"x":[0],"y":[0]}},{"s":[-387.379],"t":226,"i":{"x":[1],"y":[1]},"o":{"x":[0],"y":[0]}},{"s":[-384.423],"t":227,"i":{"x":[1],"y":[1]},"o":{"x":[0],"y":[0]}},{"s":[-381.397],"t":228,"i":{"x":[1],"y":[1]},"o":{"x":[0],"y":[0]}},{"s":[-379.059],"t":229,"i":{"x":[1],"y":[1]},"o":{"x":[0],"y":[0]}},{"s":[-378.984],"t":230,"i":{"x":[1],"y":[1]},"o":{"x":[0],"y":[0]}},{"s":[-379.441],"t":231,"i":{"x":[1],"y":[1]},"o":{"x":[0],"y":[0]}},{"s":[-380.253],"t":232,"i":{"x":[1],"y":[1]},"o":{"x":[0],"y":[0]}},{"s":[-381.283],"t":233,"i":{"x":[1],"y":[1]},"o":{"x":[0],"y":[0]}},{"s":[-382.475],"t":234,"i":{"x":[1],"y":[1]},"o":{"x":[0],"y":[0]}},{"s":[-383.792],"t":235,"i":{"x":[1],"y":[1]},"o":{"x":[0],"y":[0]}},{"s":[-385.207],"t":236,"i":{"x":[1],"y":[1]},"o":{"x":[0],"y":[0]}},{"s":[-386.698],"t":237,"i":{"x":[1],"y":[1]},"o":{"x":[0],"y":[0]}},{"s":[-388.25],"t":238,"i":{"x":[1],"y":[1]},"o":{"x":[0],"y":[0]}},{"s":[-389.838],"t":239,"i":{"x":[1],"y":[1]},"o":{"x":[0],"y":[0]}},{"s":[-391.444],"t":240,"i":{"x":[1],"y":[1]},"o":{"x":[0],"y":[0]}},{"s":[-393.048],"t":241,"i":{"x":[1],"y":[1]},"o":{"x":[0],"y":[0]}},{"s":[-394.602],"t":242,"i":{"x":[1],"y":[1]},"o":{"x":[0],"y":[0]}},{"s":[-395.996],"t":243,"i":{"x":[1],"y":[1]},"o":{"x":[0],"y":[0]}},{"s":[-397.835],"t":244,"i":{"x":[1],"y":[1]},"o":{"x":[0],"y":[0]}},{"s":[-399.401],"t":245,"i":{"x":[1],"y":[1]},"o":{"x":[0],"y":[0]}},{"s":[-400.206],"t":246,"i":{"x":[1],"y":[1]},"o":{"x":[0],"y":[0]}},{"s":[-399.749],"t":247,"i":{"x":[1],"y":[1]},"o":{"x":[0],"y":[0]}},{"s":[-397.439],"t":248,"i":{"x":[1],"y":[1]},"o":{"x":[0],"y":[0]}},{"s":[-394.581],"t":249,"i":{"x":[1],"y":[1]},"o":{"x":[0],"y":[0]}},{"s":[-391.603],"t":250,"i":{"x":[1],"y":[1]},"o":{"x":[0],"y":[0]}},{"s":[-388.68],"t":251,"i":{"x":[1],"y":[1]},"o":{"x":[0],"y":[0]}},{"s":[-385.923],"t":252,"i":{"x":[1],"y":[1]},"o":{"x":[0],"y":[0]}},{"s":[-383.42],"t":253,"i":{"x":[1],"y":[1]},"o":{"x":[0],"y":[0]}},{"s":[-381.243],"t":254,"i":{"x":[1],"y":[1]},"o":{"x":[0],"y":[0]}},{"s":[-379.448],"t":255,"i":{"x":[1],"y":[1]},"o":{"x":[0],"y":[0]}},{"s":[-378.133],"t":256,"i":{"x":[1],"y":[1]},"o":{"x":[0],"y":[0]}},{"s":[-377.395],"t":257,"i":{"x":[1],"y":[1]},"o":{"x":[0],"y":[0]}},{"s":[-377.333],"t":258,"i":{"x":[1],"y":[1]},"o":{"x":[0],"y":[0]}},{"s":[-377.939],"t":259,"i":{"x":[1],"y":[1]},"o":{"x":[0],"y":[0]}}]},"p":{"k":[{"s":[45.129,89.975,0],"t":0,"i":{"x":1,"y":1},"o":{"x":0,"y":0}},{"s":[45.129,89.975,0],"t":300,"i":{"x":1,"y":1},"o":{"x":0,"y":0}}],"l":2},"a":{"a":0,"k":[36.203,18.558,0],"ix":1,"l":2},"s":{"a":0,"k":[100,100,100],"ix":6,"l":2}},"ao":0,"ef":[{"ty":5,"nm":"IK","np":3,"mn":"Pseudo/DUIK ik","ix":1,"en":1,"ef":[{"ty":10,"nm":"Controller","mn":"Pseudo/DUIK ik-0001","ix":1,"v":{"a":0,"k":5,"ix":1}}]}],"w":68,"h":77,"ip":0,"op":300.00001221925,"st":0,"bm":0},{"ddd":0,"ind":26,"ty":2,"nm":"Layer 15","parent":11,"refId":"image_32","sr":1,"ks":{"o":{"a":0,"k":100,"ix":11},"r":{"a":0,"k":-1.744,"ix":10},"p":{"a":0,"k":[50.067,66.01,0],"ix":2,"l":2},"a":{"a":0,"k":[98.672,70.39,0],"ix":1,"l":2},"s":{"a":0,"k":[100,100,100],"ix":6,"l":2}},"ao":0,"ip":0,"op":319.000012993136,"st":0,"bm":0}]},{"id":"comp_1","nm":"L hand 1 Comp 1","fr":29.9700012207031,"layers":[{"ddd":0,"ind":1,"ty":2,"nm":"Layer 12","refId":"image_0","sr":1,"ks":{"o":{"a":0,"k":100,"ix":11},"r":{"a":0,"k":-8.984,"ix":10},"p":{"a":0,"k":[33.326,12.646,0],"ix":2,"l":2},"a":{"a":0,"k":[43.076,11.811,0],"ix":1,"l":2},"s":{"a":0,"k":[100,108.545,100],"ix":6,"l":2}},"ao":0,"ip":0,"op":307.000012504366,"st":0,"bm":0}]},{"id":"comp_2","nm":"L hand 11 Comp 1","fr":29.9700012207031,"layers":[{"ddd":0,"ind":1,"ty":2,"nm":"Layer 13","refId":"image_1","sr":1,"ks":{"o":{"a":0,"k":100,"ix":11},"r":{"a":0,"k":-10.638,"ix":10},"p":{"a":0,"k":[16.436,10.853,0],"ix":2,"l":2},"a":{"a":0,"k":[28.811,12.853,0],"ix":1,"l":2},"s":{"a":0,"k":[104.411,100,100],"ix":6,"l":2}},"ao":0,"ip":0,"op":307.000012504366,"st":0,"bm":0},{"ddd":0,"ind":2,"ty":2,"nm":"L hand 11/usman.ai","cl":"ai","refId":"image_2","sr":1,"ks":{"o":{"a":0,"k":100,"ix":11},"r":{"a":0,"k":0,"ix":10},"p":{"a":0,"k":[16,52,0],"ix":2,"l":2},"a":{"a":0,"k":[16,52,0],"ix":1,"l":2},"s":{"a":0,"k":[100,100,100],"ix":6,"l":2}},"ao":0,"ip":0,"op":307.000012504366,"st":0,"bm":0}]},{"id":"comp_3","nm":"Pre-comp 2","fr":29.9700012207031,"layers":[{"ddd":0,"ind":1,"ty":2,"nm":"Asset 6.png","cl":"png","refId":"image_5","sr":1,"ks":{"o":{"a":0,"k":100,"ix":11},"r":{"a":0,"k":0,"ix":10},"p":{"a":0,"k":[62.5,101.25,0],"ix":2,"l":2},"a":{"a":0,"k":[31,5,0],"ix":1,"l":2},"s":{"a":0,"k":[20.161,80,100],"ix":6,"l":2}},"ao":0,"ef":[{"ty":21,"nm":"Fill","np":9,"mn":"ADBE Fill","ix":1,"en":1,"ef":[{"ty":10,"nm":"Fill Mask","mn":"ADBE Fill-0001","ix":1,"v":{"a":0,"k":0,"ix":1}},{"ty":7,"nm":"All Masks","mn":"ADBE Fill-0007","ix":2,"v":{"a":0,"k":0,"ix":2}},{"ty":2,"nm":"Color","mn":"ADBE Fill-0002","ix":3,"v":{"a":0,"k":[0.964705944061,0.690196096897,0.57647061348,1],"ix":3}},{"ty":7,"nm":"Invert","mn":"ADBE Fill-0006","ix":4,"v":{"a":0,"k":0,"ix":4}},{"ty":0,"nm":"Horizontal Feather","mn":"ADBE Fill-0003","ix":5,"v":{"a":0,"k":0,"ix":5}},{"ty":0,"nm":"Vertical Feather","mn":"ADBE Fill-0004","ix":6,"v":{"a":0,"k":0,"ix":6}},{"ty":0,"nm":"Opacity","mn":"ADBE Fill-0005","ix":7,"v":{"a":0,"k":1,"ix":7}}]}],"ip":253.000010304901,"op":302.000012300712,"st":253.000010304901,"bm":0},{"ddd":0,"ind":2,"ty":2,"nm":"Asset 6.png","cl":"png","refId":"image_5","sr":1,"ks":{"o":{"a":0,"k":100,"ix":11},"r":{"a":0,"k":0,"ix":10},"p":{"a":0,"k":[62.5,101.25,0],"ix":2,"l":2},"a":{"a":0,"k":[31,5,0],"ix":1,"l":2},"s":{"a":0,"k":[20.161,80,100],"ix":6,"l":2}},"ao":0,"ef":[{"ty":21,"nm":"Fill","np":9,"mn":"ADBE Fill","ix":1,"en":1,"ef":[{"ty":10,"nm":"Fill Mask","mn":"ADBE Fill-0001","ix":1,"v":{"a":0,"k":0,"ix":1}},{"ty":7,"nm":"All Masks","mn":"ADBE Fill-0007","ix":2,"v":{"a":0,"k":0,"ix":2}},{"ty":2,"nm":"Color","mn":"ADBE Fill-0002","ix":3,"v":{"a":0,"k":[0.964705944061,0.690196096897,0.57647061348,1],"ix":3}},{"ty":7,"nm":"Invert","mn":"ADBE Fill-0006","ix":4,"v":{"a":0,"k":0,"ix":4}},{"ty":0,"nm":"Horizontal Feather","mn":"ADBE Fill-0003","ix":5,"v":{"a":0,"k":0,"ix":5}},{"ty":0,"nm":"Vertical Feather","mn":"ADBE Fill-0004","ix":6,"v":{"a":0,"k":0,"ix":6}},{"ty":0,"nm":"Opacity","mn":"ADBE Fill-0005","ix":7,"v":{"a":0,"k":1,"ix":7}}]}],"ip":0,"op":141.000005743048,"st":0,"bm":0},{"ddd":0,"ind":3,"ty":0,"nm":"ezgif-frame-001","refId":"comp_4","sr":1,"ks":{"o":{"a":0,"k":100,"ix":11},"r":{"a":0,"k":5.075,"ix":10},"p":{"a":0,"k":[62,101,0],"ix":2,"l":2},"a":{"a":0,"k":[250,250,0],"ix":1,"l":2},"s":{"a":0,"k":[13.727,13.727,100],"ix":6,"l":2}},"ao":0,"w":500,"h":500,"ip":141.000005743048,"op":155.000006313279,"st":110.000004480392,"bm":0},{"ddd":0,"ind":4,"ty":0,"nm":"ezgif-frame-001","refId":"comp_4","sr":1,"ks":{"o":{"a":0,"k":100,"ix":11},"r":{"a":0,"k":5.075,"ix":10},"p":{"a":0,"k":[62,101,0],"ix":2,"l":2},"a":{"a":0,"k":[250,250,0],"ix":1,"l":2},"s":{"a":0,"k":[13.727,13.727,100],"ix":6,"l":2}},"ao":0,"w":500,"h":500,"ip":155.000006313279,"op":200.000008146167,"st":120.0000048877,"bm":0},{"ddd":0,"ind":5,"ty":0,"nm":"ezgif-frame-001","refId":"comp_4","sr":1,"ks":{"o":{"a":0,"k":100,"ix":11},"r":{"a":0,"k":5.075,"ix":10},"p":{"a":0,"k":[62,101,0],"ix":2,"l":2},"a":{"a":0,"k":[250,250,0],"ix":1,"l":2},"s":{"a":0,"k":[13.727,13.727,100],"ix":6,"l":2}},"ao":0,"w":500,"h":500,"ip":200.000008146167,"op":253.000010304901,"st":175.000007127896,"bm":0},{"ddd":0,"ind":6,"ty":2,"nm":"Layer 2","refId":"image_15","sr":1,"ks":{"o":{"a":0,"k":100,"ix":11},"r":{"a":0,"k":0,"ix":10},"p":{"a":1,"k":[{"i":{"x":0.833,"y":0.833},"o":{"x":0.167,"y":0.167},"t":9,"s":[81.719,58.68,0],"to":[0.342,-0.41,0],"ti":[-0.342,0.41,0]},{"i":{"x":0.833,"y":0.833},"o":{"x":0.167,"y":0.167},"t":10,"s":[83.768,56.22,0],"to":[0,0,0],"ti":[0,0,0]},{"i":{"x":0.833,"y":0.833},"o":{"x":0.167,"y":0.167},"t":30,"s":[83.768,56.22,0],"to":[-0.582,0.785,0],"ti":[0.582,-0.785,0]},{"i":{"x":0.833,"y":0.833},"o":{"x":0.167,"y":0.167},"t":31,"s":[80.279,60.93,0],"to":[0,0,0],"ti":[0,0,0]},{"i":{"x":0.833,"y":0.833},"o":{"x":0.167,"y":0.167},"t":73,"s":[80.279,60.93,0],"to":[0.407,-0.372,0],"ti":[-0.407,0.372,0]},{"i":{"x":0.833,"y":0.833},"o":{"x":0.167,"y":0.167},"t":74,"s":[82.719,58.7,0],"to":[0,0,0],"ti":[0,0,0]},{"i":{"x":0.833,"y":0.833},"o":{"x":0.167,"y":0.167},"t":94,"s":[82.719,58.7,0],"to":[-0.083,0.208,0],"ti":[-0.167,-0.167,0]},{"i":{"x":0.833,"y":0.833},"o":{"x":0.167,"y":0.167},"t":95,"s":[82.219,59.95,0],"to":[0.167,0.167,0],"ti":[0.083,-0.208,0]},{"i":{"x":0.833,"y":0.833},"o":{"x":0.167,"y":0.167},"t":130,"s":[83.719,59.7,0],"to":[-0.083,0.208,0],"ti":[0.333,-0.25,0]},{"i":{"x":0.833,"y":0.833},"o":{"x":0.167,"y":0.167},"t":131,"s":[81.719,61.2,0],"to":[0,0,0],"ti":[0,0,0]},{"i":{"x":0.833,"y":0.833},"o":{"x":0.167,"y":0.167},"t":160,"s":[81.719,61.2,0],"to":[0.25,-0.333,0],"ti":[-0.25,0.333,0]},{"i":{"x":0.833,"y":0.833},"o":{"x":0.167,"y":0.167},"t":161,"s":[83.219,59.2,0],"to":[0,0,0],"ti":[0,0,0]},{"i":{"x":0.833,"y":0.833},"o":{"x":0.167,"y":0.167},"t":190,"s":[83.219,59.2,0],"to":[0.083,-0.208,0],"ti":[-0.083,0.208,0]},{"t":191.000007779589,"s":[83.719,57.95,0]}],"ix":2,"l":2},"a":{"a":0,"k":[9.49,2.978,0],"ix":1,"l":2},"s":{"a":0,"k":[100,100,100],"ix":6,"l":2}},"ao":0,"ip":0,"op":306.000012463636,"st":0,"bm":0},{"ddd":0,"ind":7,"ty":2,"nm":"Layer 3","refId":"image_16","sr":1,"ks":{"o":{"a":0,"k":100,"ix":11},"r":{"a":0,"k":0,"ix":10},"p":{"a":1,"k":[{"i":{"x":0.833,"y":0.833},"o":{"x":0.167,"y":0.167},"t":9,"s":[52.209,56.848,0],"to":[0.342,-0.41,0],"ti":[-0.342,0.41,0]},{"i":{"x":0.833,"y":0.833},"o":{"x":0.167,"y":0.167},"t":10,"s":[54.258,54.388,0],"to":[0,0,0],"ti":[0,0,0]},{"i":{"x":0.833,"y":0.833},"o":{"x":0.167,"y":0.167},"t":30,"s":[54.258,54.388,0],"to":[-0.582,0.785,0],"ti":[0.582,-0.785,0]},{"i":{"x":0.833,"y":0.833},"o":{"x":0.167,"y":0.167},"t":31,"s":[50.769,59.099,0],"to":[0,0,0],"ti":[0,0,0]},{"i":{"x":0.833,"y":0.833},"o":{"x":0.167,"y":0.167},"t":73,"s":[50.769,59.099,0],"to":[0.407,-0.372,0],"ti":[-0.407,0.372,0]},{"i":{"x":0.833,"y":0.833},"o":{"x":0.167,"y":0.167},"t":74,"s":[53.209,56.868,0],"to":[0,0,0],"ti":[0,0,0]},{"i":{"x":0.833,"y":0.833},"o":{"x":0.167,"y":0.167},"t":94,"s":[53.209,56.868,0],"to":[-0.083,0.208,0],"ti":[-0.167,-0.167,0]},{"i":{"x":0.833,"y":0.833},"o":{"x":0.167,"y":0.167},"t":95,"s":[52.709,58.118,0],"to":[0.167,0.167,0],"ti":[0.083,-0.208,0]},{"i":{"x":0.833,"y":0.833},"o":{"x":0.167,"y":0.167},"t":130,"s":[54.209,57.868,0],"to":[-0.083,0.208,0],"ti":[0.333,-0.25,0]},{"i":{"x":0.833,"y":0.833},"o":{"x":0.167,"y":0.167},"t":131,"s":[52.209,59.368,0],"to":[0,0,0],"ti":[0,0,0]},{"i":{"x":0.833,"y":0.833},"o":{"x":0.167,"y":0.167},"t":160,"s":[52.209,59.368,0],"to":[0.25,-0.333,0],"ti":[-0.25,0.333,0]},{"i":{"x":0.833,"y":0.833},"o":{"x":0.167,"y":0.167},"t":161,"s":[53.709,57.368,0],"to":[0,0,0],"ti":[0,0,0]},{"i":{"x":0.833,"y":0.833},"o":{"x":0.167,"y":0.167},"t":190,"s":[53.709,57.368,0],"to":[0.083,-0.208,0],"ti":[-0.083,0.208,0]},{"t":191.000007779589,"s":[54.209,56.118,0]}],"ix":2,"l":2},"a":{"a":0,"k":[9.496,3.046,0],"ix":1,"l":2},"s":{"a":0,"k":[100,100,100],"ix":6,"l":2}},"ao":0,"ip":0,"op":306.000012463636,"st":0,"bm":0},{"ddd":0,"ind":8,"ty":2,"nm":"Layer 4","refId":"image_17","sr":1,"ks":{"o":{"a":0,"k":100,"ix":11},"r":{"a":0,"k":0,"ix":10},"p":{"a":1,"k":[{"i":{"x":0.833,"y":0.833},"o":{"x":0.167,"y":0.167},"t":9,"s":[81.995,70.572,0],"to":[0.59,-0.322,0],"ti":[-0.59,0.322,0]},{"i":{"x":0.833,"y":0.833},"o":{"x":0.167,"y":0.167},"t":10,"s":[85.534,68.641,0],"to":[0,0,0],"ti":[0,0,0]},{"i":{"x":0.833,"y":0.833},"o":{"x":0.167,"y":0.167},"t":30,"s":[85.534,68.641,0],"to":[-0.667,0.615,0],"ti":[0.667,-0.615,0]},{"i":{"x":0.833,"y":0.833},"o":{"x":0.167,"y":0.167},"t":31,"s":[81.534,72.332,0],"to":[0,0,0],"ti":[0,0,0]},{"i":{"x":0.833,"y":0.833},"o":{"x":0.167,"y":0.167},"t":73,"s":[81.534,72.332,0],"to":[0.327,-0.288,0],"ti":[-0.493,0.413,0]},{"i":{"x":0.833,"y":0.833},"o":{"x":0.167,"y":0.167},"t":74,"s":[83.495,70.601,0],"to":[0.493,-0.413,0],"ti":[0.083,0,0]},{"i":{"x":0.833,"y":0.833},"o":{"x":0.167,"y":0.167},"t":94,"s":[84.495,69.851,0],"to":[-0.083,0,0],"ti":[0.25,-0.125,0]},{"i":{"x":0.833,"y":0.833},"o":{"x":0.167,"y":0.167},"t":95,"s":[82.995,70.601,0],"to":[0,0,0],"ti":[0,0,0]},{"i":{"x":0.833,"y":0.833},"o":{"x":0.167,"y":0.167},"t":110,"s":[82.995,70.601,0],"to":[0.208,-0.292,0],"ti":[-0.208,0.292,0]},{"i":{"x":0.833,"y":0.833},"o":{"x":0.167,"y":0.167},"t":111,"s":[84.245,68.851,0],"to":[0,0,0],"ti":[0,0,0]},{"i":{"x":0.833,"y":0.833},"o":{"x":0.167,"y":0.167},"t":130,"s":[84.245,68.851,0],"to":[-0.458,0.375,0],"ti":[0.458,-0.375,0]},{"i":{"x":0.833,"y":0.833},"o":{"x":0.167,"y":0.167},"t":131,"s":[81.495,71.101,0],"to":[0,0,0],"ti":[0,0,0]},{"i":{"x":0.833,"y":0.833},"o":{"x":0.167,"y":0.167},"t":160,"s":[81.495,71.101,0],"to":[0.167,-0.417,0],"ti":[-0.167,0.417,0]},{"i":{"x":0.833,"y":0.833},"o":{"x":0.167,"y":0.167},"t":161,"s":[82.495,68.601,0],"to":[0,0,0],"ti":[0,0,0]},{"i":{"x":0.833,"y":0.833},"o":{"x":0.167,"y":0.167},"t":190,"s":[82.495,68.601,0],"to":[0.167,-0.208,0],"ti":[-0.167,0.208,0]},{"t":191.000007779589,"s":[83.495,67.351,0]}],"ix":2,"l":2},"a":{"a":0,"k":[5.953,5.954,0],"ix":1,"l":2},"s":{"a":1,"k":[{"i":{"x":[0.833,0.833,0.833],"y":[0.833,0.833,0.833]},"o":{"x":[0.167,0.167,0.167],"y":[0.167,0.167,0.167]},"t":0,"s":[100,100,100]},{"i":{"x":[0.833,0.833,0.833],"y":[0.833,0.833,0.833]},"o":{"x":[0.167,0.167,0.167],"y":[0.167,0.167,0.167]},"t":2,"s":[100,0,100]},{"i":{"x":[0.833,0.833,0.833],"y":[0.833,0.833,0.833]},"o":{"x":[0.167,0.167,0.167],"y":[0.167,0.167,0.167]},"t":4,"s":[100,100,100]},{"i":{"x":[0.833,0.833,0.833],"y":[0.833,0.833,0.833]},"o":{"x":[0.167,0.167,0.167],"y":[0.167,0.167,0.167]},"t":20,"s":[100,100,100]},{"i":{"x":[0.833,0.833,0.833],"y":[0.833,0.833,0.833]},"o":{"x":[0.167,0.167,0.167],"y":[0.167,0.167,0.167]},"t":22,"s":[100,0,100]},{"i":{"x":[0.833,0.833,0.833],"y":[0.833,0.833,0.833]},"o":{"x":[0.167,0.167,0.167],"y":[0.167,0.167,0.167]},"t":24,"s":[100,100,100]},{"i":{"x":[0.833,0.833,0.833],"y":[0.833,0.833,0.833]},"o":{"x":[0.167,0.167,0.167],"y":[0.167,0.167,0.167]},"t":50,"s":[100,100,100]},{"i":{"x":[0.833,0.833,0.833],"y":[0.833,0.833,0.833]},"o":{"x":[0.167,0.167,0.167],"y":[0.167,0.167,0.167]},"t":52,"s":[100,0,100]},{"i":{"x":[0.833,0.833,0.833],"y":[0.833,0.833,0.833]},"o":{"x":[0.167,0.167,0.167],"y":[0.167,0.167,0.167]},"t":54,"s":[100,100,100]},{"i":{"x":[0.833,0.833,0.833],"y":[0.833,0.833,0.833]},"o":{"x":[0.167,0.167,0.167],"y":[0.167,0.167,0.167]},"t":70,"s":[100,100,100]},{"i":{"x":[0.833,0.833,0.833],"y":[0.833,0.833,0.833]},"o":{"x":[0.167,0.167,0.167],"y":[0.167,0.167,0.167]},"t":72,"s":[100,0,100]},{"i":{"x":[0.833,0.833,0.833],"y":[0.833,0.833,0.833]},"o":{"x":[0.167,0.167,0.167],"y":[0.167,0.167,0.167]},"t":74,"s":[100,100,100]},{"i":{"x":[0.833,0.833,0.833],"y":[0.833,0.833,0.833]},"o":{"x":[0.167,0.167,0.167],"y":[0.167,0.167,0.167]},"t":90,"s":[100,100,100]},{"i":{"x":[0.833,0.833,0.833],"y":[0.833,0.833,0.833]},"o":{"x":[0.167,0.167,0.167],"y":[0.167,0.167,0.167]},"t":92,"s":[100,0,100]},{"i":{"x":[0.833,0.833,0.833],"y":[0.833,0.833,0.833]},"o":{"x":[0.167,0.167,0.167],"y":[0.167,0.167,0.167]},"t":94,"s":[100,100,100]},{"i":{"x":[0.833,0.833,0.833],"y":[0.833,0.833,0.833]},"o":{"x":[0.167,0.167,0.167],"y":[0.167,0.167,0.167]},"t":110,"s":[100,100,100]},{"i":{"x":[0.833,0.833,0.833],"y":[0.833,0.833,0.833]},"o":{"x":[0.167,0.167,0.167],"y":[0.167,0.167,0.167]},"t":112,"s":[100,0,100]},{"i":{"x":[0.833,0.833,0.833],"y":[0.833,0.833,0.833]},"o":{"x":[0.167,0.167,0.167],"y":[0.167,0.167,0.167]},"t":114,"s":[100,100,100]},{"i":{"x":[0.833,0.833,0.833],"y":[0.833,0.833,0.833]},"o":{"x":[0.167,0.167,0.167],"y":[0.167,0.167,0.167]},"t":140,"s":[100,100,100]},{"i":{"x":[0.833,0.833,0.833],"y":[0.833,0.833,0.833]},"o":{"x":[0.167,0.167,0.167],"y":[0.167,0.167,0.167]},"t":142,"s":[100,0,100]},{"i":{"x":[0.833,0.833,0.833],"y":[0.833,0.833,0.833]},"o":{"x":[0.167,0.167,0.167],"y":[0.167,0.167,0.167]},"t":144,"s":[100,100,100]},{"i":{"x":[0.833,0.833,0.833],"y":[0.833,0.833,0.833]},"o":{"x":[0.167,0.167,0.167],"y":[0.167,0.167,0.167]},"t":170,"s":[100,100,100]},{"i":{"x":[0.833,0.833,0.833],"y":[0.833,0.833,0.833]},"o":{"x":[0.167,0.167,0.167],"y":[0.167,0.167,0.167]},"t":172,"s":[100,0,100]},{"i":{"x":[0.833,0.833,0.833],"y":[0.833,0.833,0.833]},"o":{"x":[0.167,0.167,0.167],"y":[0.167,0.167,0.167]},"t":174,"s":[100,100,100]},{"i":{"x":[0.833,0.833,0.833],"y":[0.833,0.833,0.833]},"o":{"x":[0.167,0.167,0.167],"y":[0.167,0.167,0.167]},"t":180,"s":[100,100,100]},{"i":{"x":[0.833,0.833,0.833],"y":[0.833,0.833,0.833]},"o":{"x":[0.167,0.167,0.167],"y":[0.167,0.167,0.167]},"t":182,"s":[100,0,100]},{"i":{"x":[0.833,0.833,0.833],"y":[0.833,0.833,0.833]},"o":{"x":[0.167,0.167,0.167],"y":[0.167,0.167,0.167]},"t":184,"s":[100,100,100]},{"i":{"x":[0.833,0.833,0.833],"y":[0.833,0.833,0.833]},"o":{"x":[0.167,0.167,0.167],"y":[0.167,0.167,0.167]},"t":200,"s":[100,100,100]},{"i":{"x":[0.833,0.833,0.833],"y":[0.833,0.833,0.833]},"o":{"x":[0.167,0.167,0.167],"y":[0.167,0.167,0.167]},"t":202,"s":[100,0,100]},{"i":{"x":[0.833,0.833,0.833],"y":[0.833,0.833,0.833]},"o":{"x":[0.167,0.167,0.167],"y":[0.167,0.167,0.167]},"t":204,"s":[100,100,100]},{"i":{"x":[0.833,0.833,0.833],"y":[0.833,0.833,0.833]},"o":{"x":[0.167,0.167,0.167],"y":[0.167,0.167,0.167]},"t":220,"s":[100,100,100]},{"i":{"x":[0.833,0.833,0.833],"y":[0.833,0.833,0.833]},"o":{"x":[0.167,0.167,0.167],"y":[0.167,0.167,0.167]},"t":222,"s":[100,0,100]},{"i":{"x":[0.833,0.833,0.833],"y":[0.833,0.833,0.833]},"o":{"x":[0.167,0.167,0.167],"y":[0.167,0.167,0.167]},"t":224,"s":[100,100,100]},{"i":{"x":[0.833,0.833,0.833],"y":[0.833,0.833,0.833]},"o":{"x":[0.167,0.167,0.167],"y":[0.167,0.167,0.167]},"t":240,"s":[100,100,100]},{"i":{"x":[0.833,0.833,0.833],"y":[0.833,0.833,0.833]},"o":{"x":[0.167,0.167,0.167],"y":[0.167,0.167,0.167]},"t":242,"s":[100,0,100]},{"t":244.000009938324,"s":[100,100,100]}],"ix":6,"l":2}},"ao":0,"ip":0,"op":306.000012463636,"st":0,"bm":0},{"ddd":0,"ind":9,"ty":2,"nm":"Layer 5","refId":"image_18","sr":1,"ks":{"o":{"a":0,"k":100,"ix":11},"r":{"a":0,"k":0,"ix":10},"p":{"a":1,"k":[{"i":{"x":0.833,"y":0.833},"o":{"x":0.167,"y":0.167},"t":9,"s":[51.303,69.072,0],"to":[0.59,-0.322,0],"ti":[-0.59,0.322,0]},{"i":{"x":0.833,"y":0.833},"o":{"x":0.167,"y":0.167},"t":10,"s":[54.841,67.141,0],"to":[0,0,0],"ti":[0,0,0]},{"i":{"x":0.833,"y":0.833},"o":{"x":0.167,"y":0.167},"t":30,"s":[54.841,67.141,0],"to":[-0.667,0.615,0],"ti":[0.667,-0.615,0]},{"i":{"x":0.833,"y":0.833},"o":{"x":0.167,"y":0.167},"t":31,"s":[50.842,70.832,0],"to":[0,0,0],"ti":[0,0,0]},{"i":{"x":0.833,"y":0.833},"o":{"x":0.167,"y":0.167},"t":73,"s":[50.842,70.832,0],"to":[0.327,-0.288,0],"ti":[-0.493,0.413,0]},{"i":{"x":0.833,"y":0.833},"o":{"x":0.167,"y":0.167},"t":74,"s":[52.802,69.101,0],"to":[0.493,-0.413,0],"ti":[0.083,0,0]},{"i":{"x":0.833,"y":0.833},"o":{"x":0.167,"y":0.167},"t":94,"s":[53.802,68.351,0],"to":[-0.083,0,0],"ti":[0.25,-0.125,0]},{"i":{"x":0.833,"y":0.833},"o":{"x":0.167,"y":0.167},"t":95,"s":[52.302,69.101,0],"to":[0,0,0],"ti":[0,0,0]},{"i":{"x":0.833,"y":0.833},"o":{"x":0.167,"y":0.167},"t":110,"s":[52.302,69.101,0],"to":[0.208,-0.292,0],"ti":[-0.208,0.292,0]},{"i":{"x":0.833,"y":0.833},"o":{"x":0.167,"y":0.167},"t":111,"s":[53.552,67.351,0],"to":[0,0,0],"ti":[0,0,0]},{"i":{"x":0.833,"y":0.833},"o":{"x":0.167,"y":0.167},"t":130,"s":[53.552,67.351,0],"to":[-0.458,0.375,0],"ti":[0.458,-0.375,0]},{"i":{"x":0.833,"y":0.833},"o":{"x":0.167,"y":0.167},"t":131,"s":[50.802,69.601,0],"to":[0,0,0],"ti":[0,0,0]},{"i":{"x":0.833,"y":0.833},"o":{"x":0.167,"y":0.167},"t":160,"s":[50.802,69.601,0],"to":[0.167,-0.417,0],"ti":[-0.167,0.417,0]},{"i":{"x":0.833,"y":0.833},"o":{"x":0.167,"y":0.167},"t":161,"s":[51.802,67.101,0],"to":[0,0,0],"ti":[0,0,0]},{"i":{"x":0.833,"y":0.833},"o":{"x":0.167,"y":0.167},"t":190,"s":[51.802,67.101,0],"to":[0.167,-0.208,0],"ti":[-0.167,0.208,0]},{"t":191.000007779589,"s":[52.802,65.851,0]}],"ix":2,"l":2},"a":{"a":0,"k":[5.953,5.954,0],"ix":1,"l":2},"s":{"a":1,"k":[{"i":{"x":[0.833,0.833,0.833],"y":[0.833,0.833,0.833]},"o":{"x":[0.167,0.167,0.167],"y":[0.167,0.167,0.167]},"t":0,"s":[100,100,100]},{"i":{"x":[0.833,0.833,0.833],"y":[0.833,0.833,0.833]},"o":{"x":[0.167,0.167,0.167],"y":[0.167,0.167,0.167]},"t":2,"s":[100,0,100]},{"i":{"x":[0.833,0.833,0.833],"y":[0.833,0.833,0.833]},"o":{"x":[0.167,0.167,0.167],"y":[0.167,0.167,0.167]},"t":4,"s":[100,100,100]},{"i":{"x":[0.833,0.833,0.833],"y":[0.833,0.833,0.833]},"o":{"x":[0.167,0.167,0.167],"y":[0.167,0.167,0.167]},"t":20,"s":[100,100,100]},{"i":{"x":[0.833,0.833,0.833],"y":[0.833,0.833,0.833]},"o":{"x":[0.167,0.167,0.167],"y":[0.167,0.167,0.167]},"t":22,"s":[100,0,100]},{"i":{"x":[0.833,0.833,0.833],"y":[0.833,0.833,0.833]},"o":{"x":[0.167,0.167,0.167],"y":[0.167,0.167,0.167]},"t":24,"s":[100,100,100]},{"i":{"x":[0.833,0.833,0.833],"y":[0.833,0.833,0.833]},"o":{"x":[0.167,0.167,0.167],"y":[0.167,0.167,0.167]},"t":50,"s":[100,100,100]},{"i":{"x":[0.833,0.833,0.833],"y":[0.833,0.833,0.833]},"o":{"x":[0.167,0.167,0.167],"y":[0.167,0.167,0.167]},"t":52,"s":[100,0,100]},{"i":{"x":[0.833,0.833,0.833],"y":[0.833,0.833,0.833]},"o":{"x":[0.167,0.167,0.167],"y":[0.167,0.167,0.167]},"t":54,"s":[100,100,100]},{"i":{"x":[0.833,0.833,0.833],"y":[0.833,0.833,0.833]},"o":{"x":[0.167,0.167,0.167],"y":[0.167,0.167,0.167]},"t":70,"s":[100,100,100]},{"i":{"x":[0.833,0.833,0.833],"y":[0.833,0.833,0.833]},"o":{"x":[0.167,0.167,0.167],"y":[0.167,0.167,0.167]},"t":72,"s":[100,0,100]},{"i":{"x":[0.833,0.833,0.833],"y":[0.833,0.833,0.833]},"o":{"x":[0.167,0.167,0.167],"y":[0.167,0.167,0.167]},"t":74,"s":[100,100,100]},{"i":{"x":[0.833,0.833,0.833],"y":[0.833,0.833,0.833]},"o":{"x":[0.167,0.167,0.167],"y":[0.167,0.167,0.167]},"t":90,"s":[100,100,100]},{"i":{"x":[0.833,0.833,0.833],"y":[0.833,0.833,0.833]},"o":{"x":[0.167,0.167,0.167],"y":[0.167,0.167,0.167]},"t":92,"s":[100,0,100]},{"i":{"x":[0.833,0.833,0.833],"y":[0.833,0.833,0.833]},"o":{"x":[0.167,0.167,0.167],"y":[0.167,0.167,0.167]},"t":94,"s":[100,100,100]},{"i":{"x":[0.833,0.833,0.833],"y":[0.833,0.833,0.833]},"o":{"x":[0.167,0.167,0.167],"y":[0.167,0.167,0.167]},"t":110,"s":[100,100,100]},{"i":{"x":[0.833,0.833,0.833],"y":[0.833,0.833,0.833]},"o":{"x":[0.167,0.167,0.167],"y":[0.167,0.167,0.167]},"t":112,"s":[100,0,100]},{"i":{"x":[0.833,0.833,0.833],"y":[0.833,0.833,0.833]},"o":{"x":[0.167,0.167,0.167],"y":[0.167,0.167,0.167]},"t":114,"s":[100,100,100]},{"i":{"x":[0.833,0.833,0.833],"y":[0.833,0.833,0.833]},"o":{"x":[0.167,0.167,0.167],"y":[0.167,0.167,0.167]},"t":140,"s":[100,100,100]},{"i":{"x":[0.833,0.833,0.833],"y":[0.833,0.833,0.833]},"o":{"x":[0.167,0.167,0.167],"y":[0.167,0.167,0.167]},"t":142,"s":[100,0,100]},{"i":{"x":[0.833,0.833,0.833],"y":[0.833,0.833,0.833]},"o":{"x":[0.167,0.167,0.167],"y":[0.167,0.167,0.167]},"t":144,"s":[100,100,100]},{"i":{"x":[0.833,0.833,0.833],"y":[0.833,0.833,0.833]},"o":{"x":[0.167,0.167,0.167],"y":[0.167,0.167,0.167]},"t":170,"s":[100,100,100]},{"i":{"x":[0.833,0.833,0.833],"y":[0.833,0.833,0.833]},"o":{"x":[0.167,0.167,0.167],"y":[0.167,0.167,0.167]},"t":172,"s":[100,0,100]},{"i":{"x":[0.833,0.833,0.833],"y":[0.833,0.833,0.833]},"o":{"x":[0.167,0.167,0.167],"y":[0.167,0.167,0.167]},"t":174,"s":[100,100,100]},{"i":{"x":[0.833,0.833,0.833],"y":[0.833,0.833,0.833]},"o":{"x":[0.167,0.167,0.167],"y":[0.167,0.167,0.167]},"t":180,"s":[100,100,100]},{"i":{"x":[0.833,0.833,0.833],"y":[0.833,0.833,0.833]},"o":{"x":[0.167,0.167,0.167],"y":[0.167,0.167,0.167]},"t":182,"s":[100,0,100]},{"i":{"x":[0.833,0.833,0.833],"y":[0.833,0.833,0.833]},"o":{"x":[0.167,0.167,0.167],"y":[0.167,0.167,0.167]},"t":184,"s":[100,100,100]},{"i":{"x":[0.833,0.833,0.833],"y":[0.833,0.833,0.833]},"o":{"x":[0.167,0.167,0.167],"y":[0.167,0.167,0.167]},"t":200,"s":[100,100,100]},{"i":{"x":[0.833,0.833,0.833],"y":[0.833,0.833,0.833]},"o":{"x":[0.167,0.167,0.167],"y":[0.167,0.167,0.167]},"t":202,"s":[100,0,100]},{"i":{"x":[0.833,0.833,0.833],"y":[0.833,0.833,0.833]},"o":{"x":[0.167,0.167,0.167],"y":[0.167,0.167,0.167]},"t":204,"s":[100,100,100]},{"i":{"x":[0.833,0.833,0.833],"y":[0.833,0.833,0.833]},"o":{"x":[0.167,0.167,0.167],"y":[0.167,0.167,0.167]},"t":220,"s":[100,100,100]},{"i":{"x":[0.833,0.833,0.833],"y":[0.833,0.833,0.833]},"o":{"x":[0.167,0.167,0.167],"y":[0.167,0.167,0.167]},"t":222,"s":[100,0,100]},{"i":{"x":[0.833,0.833,0.833],"y":[0.833,0.833,0.833]},"o":{"x":[0.167,0.167,0.167],"y":[0.167,0.167,0.167]},"t":224,"s":[100,100,100]},{"i":{"x":[0.833,0.833,0.833],"y":[0.833,0.833,0.833]},"o":{"x":[0.167,0.167,0.167],"y":[0.167,0.167,0.167]},"t":240,"s":[100,100,100]},{"i":{"x":[0.833,0.833,0.833],"y":[0.833,0.833,0.833]},"o":{"x":[0.167,0.167,0.167],"y":[0.167,0.167,0.167]},"t":242,"s":[100,0,100]},{"t":244.000009938324,"s":[100,100,100]}],"ix":6,"l":2}},"ao":0,"ip":0,"op":306.000012463636,"st":0,"bm":0},{"ddd":0,"ind":10,"ty":2,"nm":"Layer 6","refId":"image_19","sr":1,"ks":{"o":{"a":0,"k":100,"ix":11},"r":{"a":0,"k":0,"ix":10},"p":{"a":0,"k":[57.966,66.07,0],"ix":2,"l":2},"a":{"a":0,"k":[54.769,57.6,0],"ix":1,"l":2},"s":{"a":0,"k":[100,100,100],"ix":6,"l":2}},"ao":0,"ip":0,"op":306.000012463636,"st":0,"bm":0}]},{"id":"comp_4","nm":"ezgif-frame-001","fr":29.9700012207031,"layers":[{"ddd":0,"ind":1,"ty":2,"nm":"ezgif-frame-001.png","cl":"png","refId":"image_6","sr":1,"ks":{"o":{"a":0,"k":100,"ix":11},"r":{"a":0,"k":0,"ix":10},"p":{"a":0,"k":[250,250,0],"ix":2,"l":2},"a":{"a":0,"k":[250,250,0],"ix":1,"l":2},"s":{"a":0,"k":[100,100,100],"ix":6,"l":2}},"ao":0,"ip":0,"op":3.00000012219251,"st":0,"bm":0},{"ddd":0,"ind":2,"ty":2,"nm":"ezgif-frame-005.png","cl":"png","refId":"image_7","sr":1,"ks":{"o":{"a":0,"k":100,"ix":11},"r":{"a":0,"k":0,"ix":10},"p":{"a":0,"k":[250,250,0],"ix":2,"l":2},"a":{"a":0,"k":[250,250,0],"ix":1,"l":2},"s":{"a":0,"k":[100,100,100],"ix":6,"l":2}},"ao":0,"ip":3.00000012219251,"op":6.00000024438501,"st":2.00000008146167,"bm":0},{"ddd":0,"ind":3,"ty":2,"nm":"ezgif-frame-006.png","cl":"png","refId":"image_8","sr":1,"ks":{"o":{"a":0,"k":100,"ix":11},"r":{"a":0,"k":0,"ix":10},"p":{"a":0,"k":[250,250,0],"ix":2,"l":2},"a":{"a":0,"k":[250,250,0],"ix":1,"l":2},"s":{"a":0,"k":[100,100,100],"ix":6,"l":2}},"ao":0,"ip":6.00000024438501,"op":9.00000036657752,"st":4.00000016292334,"bm":0},{"ddd":0,"ind":4,"ty":2,"nm":"ezgif-frame-007.png","cl":"png","refId":"image_9","sr":1,"ks":{"o":{"a":0,"k":100,"ix":11},"r":{"a":0,"k":0,"ix":10},"p":{"a":0,"k":[250,250,0],"ix":2,"l":2},"a":{"a":0,"k":[250,250,0],"ix":1,"l":2},"s":{"a":0,"k":[100,100,100],"ix":6,"l":2}},"ao":0,"ip":9.00000036657752,"op":12.00000048877,"st":6.00000024438501,"bm":0},{"ddd":0,"ind":5,"ty":2,"nm":"ezgif-frame-008.png","cl":"png","refId":"image_10","sr":1,"ks":{"o":{"a":0,"k":100,"ix":11},"r":{"a":0,"k":0,"ix":10},"p":{"a":0,"k":[250,250,0],"ix":2,"l":2},"a":{"a":0,"k":[250,250,0],"ix":1,"l":2},"s":{"a":0,"k":[100,100,100],"ix":6,"l":2}},"ao":0,"ip":12.00000048877,"op":15.0000006109625,"st":8.00000032584668,"bm":0},{"ddd":0,"ind":6,"ty":2,"nm":"ezgif-frame-010.png","cl":"png","refId":"image_11","sr":1,"ks":{"o":{"a":0,"k":100,"ix":11},"r":{"a":0,"k":0,"ix":10},"p":{"a":0,"k":[250,250,0],"ix":2,"l":2},"a":{"a":0,"k":[250,250,0],"ix":1,"l":2},"s":{"a":0,"k":[100,100,100],"ix":6,"l":2}},"ao":0,"ip":15.0000006109625,"op":18.000000733155,"st":0,"bm":0},{"ddd":0,"ind":7,"ty":2,"nm":"ezgif-frame-011.png","cl":"png","refId":"image_12","sr":1,"ks":{"o":{"a":0,"k":100,"ix":11},"r":{"a":0,"k":0,"ix":10},"p":{"a":0,"k":[250,250,0],"ix":2,"l":2},"a":{"a":0,"k":[250,250,0],"ix":1,"l":2},"s":{"a":0,"k":[100,100,100],"ix":6,"l":2}},"ao":0,"ip":18.000000733155,"op":21.0000008553475,"st":2.00000008146167,"bm":0},{"ddd":0,"ind":8,"ty":2,"nm":"ezgif-frame-014.png","cl":"png","refId":"image_13","sr":1,"ks":{"o":{"a":0,"k":100,"ix":11},"r":{"a":0,"k":0,"ix":10},"p":{"a":0,"k":[250,250,0],"ix":2,"l":2},"a":{"a":0,"k":[250,250,0],"ix":1,"l":2},"s":{"a":0,"k":[100,100,100],"ix":6,"l":2}},"ao":0,"ip":21.0000008553475,"op":24.00000097754,"st":7.00000028511585,"bm":0},{"ddd":0,"ind":9,"ty":2,"nm":"ezgif-frame-016.png","cl":"png","refId":"image_14","sr":1,"ks":{"o":{"a":0,"k":100,"ix":11},"r":{"a":0,"k":0,"ix":10},"p":{"a":0,"k":[250,250,0],"ix":2,"l":2},"a":{"a":0,"k":[250,250,0],"ix":1,"l":2},"s":{"a":0,"k":[100,100,100],"ix":6,"l":2}},"ao":0,"ip":24.00000097754,"op":27.0000010997325,"st":3.00000012219251,"bm":0},{"ddd":0,"ind":10,"ty":2,"nm":"ezgif-frame-001.png","cl":"png","refId":"image_6","sr":1,"ks":{"o":{"a":0,"k":100,"ix":11},"r":{"a":0,"k":0,"ix":10},"p":{"a":0,"k":[250,250,0],"ix":2,"l":2},"a":{"a":0,"k":[250,250,0],"ix":1,"l":2},"s":{"a":0,"k":[100,100,100],"ix":6,"l":2}},"ao":0,"ip":27.0000010997325,"op":30.0000012219251,"st":27.0000010997325,"bm":0},{"ddd":0,"ind":11,"ty":2,"nm":"ezgif-frame-005.png","cl":"png","refId":"image_7","sr":1,"ks":{"o":{"a":0,"k":100,"ix":11},"r":{"a":0,"k":0,"ix":10},"p":{"a":0,"k":[250,250,0],"ix":2,"l":2},"a":{"a":0,"k":[250,250,0],"ix":1,"l":2},"s":{"a":0,"k":[100,100,100],"ix":6,"l":2}},"ao":0,"ip":30.0000012219251,"op":33.0000013441176,"st":29.0000011811942,"bm":0},{"ddd":0,"ind":12,"ty":2,"nm":"ezgif-frame-006.png","cl":"png","refId":"image_8","sr":1,"ks":{"o":{"a":0,"k":100,"ix":11},"r":{"a":0,"k":0,"ix":10},"p":{"a":0,"k":[250,250,0],"ix":2,"l":2},"a":{"a":0,"k":[250,250,0],"ix":1,"l":2},"s":{"a":0,"k":[100,100,100],"ix":6,"l":2}},"ao":0,"ip":33.0000013441176,"op":36.0000014663101,"st":31.0000012626559,"bm":0},{"ddd":0,"ind":13,"ty":2,"nm":"ezgif-frame-007.png","cl":"png","refId":"image_9","sr":1,"ks":{"o":{"a":0,"k":100,"ix":11},"r":{"a":0,"k":0,"ix":10},"p":{"a":0,"k":[250,250,0],"ix":2,"l":2},"a":{"a":0,"k":[250,250,0],"ix":1,"l":2},"s":{"a":0,"k":[100,100,100],"ix":6,"l":2}},"ao":0,"ip":36.0000014663101,"op":39.0000015885026,"st":33.0000013441176,"bm":0},{"ddd":0,"ind":14,"ty":2,"nm":"ezgif-frame-008.png","cl":"png","refId":"image_10","sr":1,"ks":{"o":{"a":0,"k":100,"ix":11},"r":{"a":0,"k":0,"ix":10},"p":{"a":0,"k":[250,250,0],"ix":2,"l":2},"a":{"a":0,"k":[250,250,0],"ix":1,"l":2},"s":{"a":0,"k":[100,100,100],"ix":6,"l":2}},"ao":0,"ip":39.0000015885026,"op":42.0000017106951,"st":35.0000014255792,"bm":0},{"ddd":0,"ind":15,"ty":2,"nm":"ezgif-frame-010.png","cl":"png","refId":"image_11","sr":1,"ks":{"o":{"a":0,"k":100,"ix":11},"r":{"a":0,"k":0,"ix":10},"p":{"a":0,"k":[250,250,0],"ix":2,"l":2},"a":{"a":0,"k":[250,250,0],"ix":1,"l":2},"s":{"a":0,"k":[100,100,100],"ix":6,"l":2}},"ao":0,"ip":42.0000017106951,"op":45.0000018328876,"st":27.0000010997325,"bm":0},{"ddd":0,"ind":16,"ty":2,"nm":"ezgif-frame-011.png","cl":"png","refId":"image_12","sr":1,"ks":{"o":{"a":0,"k":100,"ix":11},"r":{"a":0,"k":0,"ix":10},"p":{"a":0,"k":[250,250,0],"ix":2,"l":2},"a":{"a":0,"k":[250,250,0],"ix":1,"l":2},"s":{"a":0,"k":[100,100,100],"ix":6,"l":2}},"ao":0,"ip":45.0000018328876,"op":48.0000019550801,"st":29.0000011811942,"bm":0},{"ddd":0,"ind":17,"ty":2,"nm":"ezgif-frame-014.png","cl":"png","refId":"image_13","sr":1,"ks":{"o":{"a":0,"k":100,"ix":11},"r":{"a":0,"k":0,"ix":10},"p":{"a":0,"k":[250,250,0],"ix":2,"l":2},"a":{"a":0,"k":[250,250,0],"ix":1,"l":2},"s":{"a":0,"k":[100,100,100],"ix":6,"l":2}},"ao":0,"ip":48.0000019550801,"op":51.0000020772726,"st":34.0000013848484,"bm":0},{"ddd":0,"ind":18,"ty":2,"nm":"ezgif-frame-016.png","cl":"png","refId":"image_14","sr":1,"ks":{"o":{"a":0,"k":100,"ix":11},"r":{"a":0,"k":0,"ix":10},"p":{"a":0,"k":[250,250,0],"ix":2,"l":2},"a":{"a":0,"k":[250,250,0],"ix":1,"l":2},"s":{"a":0,"k":[100,100,100],"ix":6,"l":2}},"ao":0,"ip":51.0000020772726,"op":54.0000021994651,"st":30.0000012219251,"bm":0},{"ddd":0,"ind":19,"ty":2,"nm":"ezgif-frame-001.png","cl":"png","refId":"image_6","sr":1,"ks":{"o":{"a":0,"k":100,"ix":11},"r":{"a":0,"k":0,"ix":10},"p":{"a":0,"k":[250,250,0],"ix":2,"l":2},"a":{"a":0,"k":[250,250,0],"ix":1,"l":2},"s":{"a":0,"k":[100,100,100],"ix":6,"l":2}},"ao":0,"ip":54.0000021994651,"op":57.0000023216576,"st":54.0000021994651,"bm":0},{"ddd":0,"ind":20,"ty":2,"nm":"ezgif-frame-005.png","cl":"png","refId":"image_7","sr":1,"ks":{"o":{"a":0,"k":100,"ix":11},"r":{"a":0,"k":0,"ix":10},"p":{"a":0,"k":[250,250,0],"ix":2,"l":2},"a":{"a":0,"k":[250,250,0],"ix":1,"l":2},"s":{"a":0,"k":[100,100,100],"ix":6,"l":2}},"ao":0,"ip":57.0000023216576,"op":60.0000024438501,"st":56.0000022809268,"bm":0},{"ddd":0,"ind":21,"ty":2,"nm":"ezgif-frame-006.png","cl":"png","refId":"image_8","sr":1,"ks":{"o":{"a":0,"k":100,"ix":11},"r":{"a":0,"k":0,"ix":10},"p":{"a":0,"k":[250,250,0],"ix":2,"l":2},"a":{"a":0,"k":[250,250,0],"ix":1,"l":2},"s":{"a":0,"k":[100,100,100],"ix":6,"l":2}},"ao":0,"ip":60.0000024438501,"op":63.0000025660426,"st":58.0000023623884,"bm":0},{"ddd":0,"ind":22,"ty":2,"nm":"ezgif-frame-007.png","cl":"png","refId":"image_9","sr":1,"ks":{"o":{"a":0,"k":100,"ix":11},"r":{"a":0,"k":0,"ix":10},"p":{"a":0,"k":[250,250,0],"ix":2,"l":2},"a":{"a":0,"k":[250,250,0],"ix":1,"l":2},"s":{"a":0,"k":[100,100,100],"ix":6,"l":2}},"ao":0,"ip":63.0000025660426,"op":66.0000026882351,"st":60.0000024438501,"bm":0},{"ddd":0,"ind":23,"ty":2,"nm":"ezgif-frame-008.png","cl":"png","refId":"image_10","sr":1,"ks":{"o":{"a":0,"k":100,"ix":11},"r":{"a":0,"k":0,"ix":10},"p":{"a":0,"k":[250,250,0],"ix":2,"l":2},"a":{"a":0,"k":[250,250,0],"ix":1,"l":2},"s":{"a":0,"k":[100,100,100],"ix":6,"l":2}},"ao":0,"ip":66.0000026882351,"op":69.0000028104276,"st":62.0000025253118,"bm":0},{"ddd":0,"ind":24,"ty":2,"nm":"ezgif-frame-010.png","cl":"png","refId":"image_11","sr":1,"ks":{"o":{"a":0,"k":100,"ix":11},"r":{"a":0,"k":0,"ix":10},"p":{"a":0,"k":[250,250,0],"ix":2,"l":2},"a":{"a":0,"k":[250,250,0],"ix":1,"l":2},"s":{"a":0,"k":[100,100,100],"ix":6,"l":2}},"ao":0,"ip":69.0000028104276,"op":72.0000029326201,"st":54.0000021994651,"bm":0},{"ddd":0,"ind":25,"ty":2,"nm":"ezgif-frame-011.png","cl":"png","refId":"image_12","sr":1,"ks":{"o":{"a":0,"k":100,"ix":11},"r":{"a":0,"k":0,"ix":10},"p":{"a":0,"k":[250,250,0],"ix":2,"l":2},"a":{"a":0,"k":[250,250,0],"ix":1,"l":2},"s":{"a":0,"k":[100,100,100],"ix":6,"l":2}},"ao":0,"ip":72.0000029326201,"op":75.0000030548126,"st":56.0000022809268,"bm":0},{"ddd":0,"ind":26,"ty":2,"nm":"ezgif-frame-014.png","cl":"png","refId":"image_13","sr":1,"ks":{"o":{"a":0,"k":100,"ix":11},"r":{"a":0,"k":0,"ix":10},"p":{"a":0,"k":[250,250,0],"ix":2,"l":2},"a":{"a":0,"k":[250,250,0],"ix":1,"l":2},"s":{"a":0,"k":[100,100,100],"ix":6,"l":2}},"ao":0,"ip":75.0000030548126,"op":78.0000031770051,"st":61.0000024845809,"bm":0},{"ddd":0,"ind":27,"ty":2,"nm":"ezgif-frame-016.png","cl":"png","refId":"image_14","sr":1,"ks":{"o":{"a":0,"k":100,"ix":11},"r":{"a":0,"k":0,"ix":10},"p":{"a":0,"k":[250,250,0],"ix":2,"l":2},"a":{"a":0,"k":[250,250,0],"ix":1,"l":2},"s":{"a":0,"k":[100,100,100],"ix":6,"l":2}},"ao":0,"ip":78.0000031770051,"op":81.0000032991976,"st":57.0000023216576,"bm":0}]},{"id":"comp_5","nm":"neck Comp 1","fr":29.9700012207031,"layers":[{"ddd":0,"ind":1,"ty":2,"nm":"Layer 7","refId":"image_20","sr":1,"ks":{"o":{"a":0,"k":100,"ix":11},"r":{"a":0,"k":8.408,"ix":10},"p":{"a":0,"k":[18.72,13.662,0],"ix":2,"l":2},"a":{"a":0,"k":[20.72,17.162,0],"ix":1,"l":2},"s":{"a":0,"k":[100,100,100],"ix":6,"l":2}},"ao":0,"ip":0,"op":303.000012341443,"st":0,"bm":0}]},{"id":"comp_6","nm":"body Comp 1","fr":29.9700012207031,"layers":[{"ddd":0,"ind":1,"ty":2,"nm":"Layer 8","refId":"image_21","sr":1,"ks":{"o":{"a":0,"k":100,"ix":11},"r":{"a":0,"k":0,"ix":10},"p":{"a":0,"k":[79.927,116.032,0],"ix":2,"l":2},"a":{"a":0,"k":[68.427,121.032,0],"ix":1,"l":2},"s":{"a":0,"k":[100,100,100],"ix":6,"l":2}},"ao":0,"ip":0,"op":307.000012504366,"st":0,"bm":0}]},{"id":"comp_7","nm":"body down Comp 1","fr":29.9700012207031,"layers":[{"ddd":0,"ind":1,"ty":2,"nm":"Layer 16","refId":"image_22","sr":1,"ks":{"o":{"a":0,"k":100,"ix":11},"r":{"a":0,"k":0,"ix":10},"p":{"a":0,"k":[55.72,26.853,0],"ix":2,"l":2},"a":{"a":0,"k":[53.72,26.353,0],"ix":1,"l":2},"s":{"a":0,"k":[100,100,100],"ix":6,"l":2}},"ao":0,"ip":0,"op":307.000012504366,"st":0,"bm":0}]},{"id":"comp_8","nm":"L leg 1 Comp 1","fr":29.9700012207031,"layers":[{"ddd":0,"ind":1,"ty":2,"nm":"Layer 21","refId":"image_23","sr":1,"ks":{"o":{"a":0,"k":100,"ix":11},"r":{"a":0,"k":0,"ix":10},"p":{"a":0,"k":[26.854,94.745,0],"ix":2,"l":2},"a":{"a":0,"k":[26.354,92.245,0],"ix":1,"l":2},"s":{"a":0,"k":[100,103.365,100],"ix":6,"l":2}},"ao":0,"ip":0,"op":307.000012504366,"st":0,"bm":0}]},{"id":"comp_9","nm":"L leg 11 Comp 1","fr":29.9700012207031,"layers":[{"ddd":0,"ind":1,"ty":2,"nm":"Layer 22","refId":"image_24","sr":1,"ks":{"o":{"a":0,"k":100,"ix":11},"r":{"a":0,"k":-1.867,"ix":10},"p":{"a":0,"k":[22.87,19.036,0],"ix":2,"l":2},"a":{"a":0,"k":[22.37,18.286,0],"ix":1,"l":2},"s":{"a":0,"k":[100,100,100],"ix":6,"l":2}},"ao":0,"ip":0,"op":308.000012545097,"st":0,"bm":0}]},{"id":"comp_10","nm":"L shoes 111 Comp 1","fr":29.9700012207031,"layers":[{"ddd":0,"ind":1,"ty":2,"nm":"Layer 19","refId":"image_25","sr":1,"ks":{"o":{"a":0,"k":100,"ix":11},"r":{"a":0,"k":0,"ix":10},"p":{"a":0,"k":[32.626,27.708,0],"ix":2,"l":2},"a":{"a":0,"k":[32.626,30.208,0],"ix":1,"l":2},"s":{"a":0,"k":[100,100,100],"ix":6,"l":2}},"ao":0,"ip":0,"op":307.000012504366,"st":0,"bm":0}]},{"id":"comp_11","nm":"R leg 1 Comp 1","fr":29.9700012207031,"layers":[{"ddd":0,"ind":1,"ty":2,"nm":"Layer 24","refId":"image_26","sr":1,"ks":{"o":{"a":0,"k":100,"ix":11},"r":{"a":0,"k":0,"ix":10},"p":{"a":0,"k":[26.854,94.745,0],"ix":2,"l":2},"a":{"a":0,"k":[26.354,92.245,0],"ix":1,"l":2},"s":{"a":0,"k":[100,102.71,100],"ix":6,"l":2}},"ao":0,"ip":0,"op":308.000012545097,"st":0,"bm":0}]},{"id":"comp_12","nm":"R leg 11 Comp 1","fr":29.9700012207031,"layers":[{"ddd":0,"ind":1,"ty":2,"nm":"Layer 23","refId":"image_27","sr":1,"ks":{"o":{"a":0,"k":100,"ix":11},"r":{"a":0,"k":-1.794,"ix":10},"p":{"a":0,"k":[22.87,19.036,0],"ix":2,"l":2},"a":{"a":0,"k":[22.37,18.536,0],"ix":1,"l":2},"s":{"a":0,"k":[100,100,100],"ix":6,"l":2}},"ao":0,"ip":0,"op":307.000012504366,"st":0,"bm":0}]},{"id":"comp_13","nm":"R shoes 111 Comp 1","fr":29.9700012207031,"layers":[{"ddd":0,"ind":1,"ty":2,"nm":"Layer 20","refId":"image_28","sr":1,"ks":{"o":{"a":0,"k":100,"ix":11},"r":{"a":0,"k":0,"ix":10},"p":{"a":0,"k":[12.75,3.083,0],"ix":2,"l":2},"a":{"a":0,"k":[14.875,5.583,0],"ix":1,"l":2},"s":{"a":0,"k":[100,100,100],"ix":6,"l":2}},"ao":0,"ip":0,"op":307.000012504366,"st":0,"bm":0}]},{"id":"comp_14","nm":"R hand 1 Comp 1","fr":29.9700012207031,"layers":[{"ddd":0,"ind":1,"ty":2,"nm":"Layer 9","refId":"image_29","sr":1,"ks":{"o":{"a":0,"k":100,"ix":11},"r":{"a":0,"k":-2.347,"ix":10},"p":{"a":0,"k":[20.154,18.404,0],"ix":2,"l":2},"a":{"a":0,"k":[18.904,15.904,0],"ix":1,"l":2},"s":{"a":0,"k":[100,109.851,100],"ix":6,"l":2}},"ao":0,"ip":0,"op":307.000012504366,"st":0,"bm":0}]},{"id":"comp_15","nm":"R hand 11 Comp 1","fr":29.9700012207031,"layers":[{"ddd":0,"ind":1,"ty":2,"nm":"Layer 10","refId":"image_30","sr":1,"ks":{"o":{"a":0,"k":100,"ix":11},"r":{"a":0,"k":0,"ix":10},"p":{"a":0,"k":[15.493,15.601,0],"ix":2,"l":2},"a":{"a":0,"k":[14.493,14.351,0],"ix":1,"l":2},"s":{"a":0,"k":[100,100,100],"ix":6,"l":2}},"ao":0,"ip":0,"op":307.000012504366,"st":0,"bm":0}]},{"id":"comp_16","nm":"R hand 111 Comp 1","fr":29.9700012207031,"layers":[{"ddd":0,"ind":1,"ty":2,"nm":"Layer 7","refId":"image_31","sr":1,"ks":{"o":{"a":0,"k":100,"ix":11},"r":{"a":0,"k":163.429,"ix":10},"p":{"a":0,"k":[35.364,12.63,0],"ix":2,"l":2},"a":{"a":0,"k":[13.555,64.929,0],"ix":1,"l":2},"s":{"a":0,"k":[99.303,99.303,100],"ix":6,"l":2}},"ao":0,"ip":0,"op":307.000012504366,"st":0,"bm":0}]}],"layers":[{"ddd":0,"ind":1,"ty":0,"nm":"usman","refId":"comp_0","sr":1,"ks":{"o":{"a":0,"k":100,"ix":11},"r":{"a":0,"k":0,"ix":10},"p":{"a":0,"k":[225,399.5,0],"ix":2,"l":2},"a":{"a":0,"k":[960,540,0],"ix":1,"l":2},"s":{"a":0,"k":[100,100,100],"ix":6,"l":2}},"ao":0,"w":1920,"h":1080,"ip":0,"op":300.00001221925,"st":0,"bm":0}],"markers":[]}