{"v":"5.9.1","fr":29.9700012207031,"ip":0,"op":239.00000973467,"w":1920,"h":1080,"nm":"isometric 2","ddd":0,"assets":[{"id":"image_0","w":147,"h":145,"u":"images/","p":"img_0.png","e":0},{"id":"image_1","w":158,"h":158,"u":"images/","p":"img_1.png","e":0},{"id":"image_2","w":331,"h":437,"u":"images/","p":"img_2.png","e":0},{"id":"image_3","w":187,"h":187,"u":"images/","p":"img_3.png","e":0},{"id":"image_4","w":470,"h":432,"u":"images/","p":"img_4.png","e":0},{"id":"image_5","w":1108,"h":432,"u":"images/","p":"img_5.png","e":0},{"id":"image_6","w":1108,"h":432,"u":"images/","p":"img_6.png","e":0},{"id":"image_7","w":72,"h":187,"u":"images/","p":"img_7.png","e":0},{"id":"image_8","w":50,"h":156,"u":"images/","p":"img_8.png","e":0},{"id":"image_9","w":57,"h":71,"u":"images/","p":"img_9.png","e":0},{"id":"image_10","w":101,"h":41,"u":"images/","p":"img_10.png","e":0},{"id":"image_11","w":140,"h":194,"u":"images/","p":"img_11.png","e":0},{"id":"image_12","w":202,"h":329,"u":"images/","p":"img_12.png","e":0},{"id":"image_13","w":67,"h":233,"u":"images/","p":"img_13.png","e":0},{"id":"image_14","w":57,"h":214,"u":"images/","p":"img_14.png","e":0},{"id":"image_15","w":21,"h":12,"u":"images/","p":"img_15.png","e":0},{"id":"image_16","w":136,"h":67,"u":"images/","p":"img_16.png","e":0},{"id":"image_17","w":65,"h":227,"u":"images/","p":"img_17.png","e":0},{"id":"image_18","w":85,"h":57,"u":"images/","p":"img_18.png","e":0},{"id":"image_19","w":55,"h":208,"u":"images/","p":"img_19.png","e":0},{"id":"image_20","w":83,"h":55,"u":"images/","p":"img_20.png","e":0},{"id":"image_21","w":80,"h":185,"u":"images/","p":"img_21.png","e":0},{"id":"image_22","w":49,"h":156,"u":"images/","p":"img_22.png","e":0},{"id":"image_23","w":54,"h":70,"u":"images/","p":"img_23.png","e":0},{"id":"image_24","w":155,"h":422,"u":"images/","p":"img_24.png","e":0},{"id":"image_25","w":39,"h":34,"u":"images/","p":"img_25.png","e":0},{"id":"image_26","w":47,"h":44,"u":"images/","p":"img_26.png","e":0},{"id":"image_27","w":25,"h":32,"u":"images/","p":"img_27.png","e":0},{"id":"image_28","w":23,"h":20,"u":"images/","p":"img_28.png","e":0},{"id":"image_29","w":64,"h":39,"u":"images/","p":"img_29.png","e":0},{"id":"image_30","w":12,"h":7,"u":"images/","p":"img_30.png","e":0},{"id":"image_31","w":38,"h":20,"u":"images/","p":"img_31.png","e":0},{"id":"image_32","w":18,"h":30,"u":"images/","p":"img_32.png","e":0},{"id":"image_33","w":18,"h":30,"u":"images/","p":"img_33.png","e":0},{"id":"image_34","w":18,"h":30,"u":"images/","p":"img_34.png","e":0},{"id":"image_35","w":92,"h":120,"u":"images/","p":"img_35.png","e":0},{"id":"image_36","w":212,"h":111,"u":"images/","p":"img_36.png","e":0},{"id":"image_37","w":254,"h":184,"u":"images/","p":"img_37.png","e":0},{"id":"image_38","w":237,"h":184,"u":"images/","p":"img_38.png","e":0},{"id":"image_39","w":344,"h":187,"u":"images/","p":"img_39.png","e":0},{"id":"image_40","w":130,"h":112,"u":"images/","p":"img_40.png","e":0},{"id":"image_41","w":168,"h":135,"u":"images/","p":"img_41.png","e":0},{"id":"image_42","w":168,"h":135,"u":"images/","p":"img_42.png","e":0},{"id":"image_43","w":128,"h":161,"u":"images/","p":"img_43.png","e":0},{"id":"image_44","w":168,"h":135,"u":"images/","p":"img_44.png","e":0},{"id":"image_45","w":97,"h":195,"u":"images/","p":"img_45.png","e":0},{"id":"image_46","w":184,"h":245,"u":"images/","p":"img_46.png","e":0},{"id":"image_47","w":83,"h":107,"u":"images/","p":"img_47.png","e":0},{"id":"image_48","w":598,"h":328,"u":"images/","p":"img_48.png","e":0},{"id":"image_49","w":1416,"h":736,"u":"images/","p":"img_49.png","e":0},{"id":"image_50","w":238,"h":261,"u":"images/","p":"img_50.png","e":0},{"id":"image_51","w":71,"h":251,"u":"images/","p":"img_51.png","e":0},{"id":"image_52","w":265,"h":318,"u":"images/","p":"img_52.png","e":0},{"id":"image_53","w":82,"h":254,"u":"images/","p":"img_53.png","e":0},{"id":"image_54","w":120,"h":232,"u":"images/","p":"img_54.png","e":0},{"id":"image_55","w":111,"h":165,"u":"images/","p":"img_55.png","e":0},{"id":"image_56","w":122,"h":238,"u":"images/","p":"img_56.png","e":0},{"id":"image_57","w":53,"h":115,"u":"images/","p":"img_57.png","e":0},{"id":"image_58","w":119,"h":204,"u":"images/","p":"img_58.png","e":0},{"id":"image_59","w":104,"h":154,"u":"images/","p":"img_59.png","e":0},{"id":"image_60","w":126,"h":211,"u":"images/","p":"img_60.png","e":0},{"id":"image_61","w":156,"h":229,"u":"images/","p":"img_61.png","e":0},{"id":"image_62","w":81,"h":223,"u":"images/","p":"img_62.png","e":0},{"id":"image_63","w":37,"h":22,"u":"images/","p":"img_63.png","e":0},{"id":"image_64","w":53,"h":115,"u":"images/","p":"img_64.png","e":0},{"id":"image_65","w":92,"h":230,"u":"images/","p":"img_65.png","e":0},{"id":"image_66","w":80,"h":86,"u":"images/","p":"img_66.png","e":0},{"id":"image_67","w":377,"h":328,"u":"images/","p":"img_67.png","e":0},{"id":"image_68","w":157,"h":215,"u":"images/","p":"img_68.png","e":0},{"id":"image_69","w":467,"h":396,"u":"images/","p":"img_69.png","e":0},{"id":"image_70","w":965,"h":752,"u":"images/","p":"img_70.png","e":0},{"id":"image_71","w":1921,"h":884,"u":"images/","p":"img_71.png","e":0},{"id":"image_72","w":957,"h":751,"u":"images/","p":"img_72.png","e":0},{"id":"comp_0","nm":"Pre-comp 2","fr":29.9700012207031,"layers":[{"ddd":0,"ind":1,"ty":2,"nm":"Layer 2","refId":"image_7","sr":1,"ks":{"o":{"a":0,"k":100,"ix":11},"r":{"a":0,"k":0,"ix":10},"p":{"a":0,"k":[128.326,358.882,0],"ix":2,"l":2},"a":{"a":0,"k":[35.729,93.304,0],"ix":1,"l":2},"s":{"a":0,"k":[100,100,100],"ix":6,"l":2}},"ao":0,"ip":0,"op":300.00001221925,"st":0,"bm":0},{"ddd":0,"ind":2,"ty":2,"nm":"Layer 4","refId":"image_8","sr":1,"ks":{"o":{"a":0,"k":100,"ix":11},"r":{"a":0,"k":0,"ix":10},"p":{"a":0,"k":[125.651,480.743,0],"ix":2,"l":2},"a":{"a":0,"k":[24.759,77.981,0],"ix":1,"l":2},"s":{"a":0,"k":[100,100,100],"ix":6,"l":2}},"ao":0,"ip":0,"op":300.00001221925,"st":0,"bm":0},{"ddd":0,"ind":3,"ty":2,"nm":"Layer 5","refId":"image_9","sr":1,"ks":{"o":{"a":0,"k":100,"ix":11},"r":{"a":0,"k":0,"ix":10},"p":{"a":0,"k":[103.007,567.978,0],"ix":2,"l":2},"a":{"a":0,"k":[28.315,35.126,0],"ix":1,"l":2},"s":{"a":0,"k":[100,100,100],"ix":6,"l":2}},"ao":0,"ip":0,"op":300.00001221925,"st":0,"bm":0},{"ddd":0,"ind":4,"ty":2,"nm":"Layer 6","refId":"image_10","sr":1,"ks":{"o":{"a":0,"k":100,"ix":11},"r":{"a":0,"k":0,"ix":10},"p":{"a":0,"k":[178.549,237.843,0],"ix":2,"l":2},"a":{"a":0,"k":[50.465,20.079,0],"ix":1,"l":2},"s":{"a":0,"k":[100,100,100],"ix":6,"l":2}},"ao":0,"ip":0,"op":300.00001221925,"st":0,"bm":0},{"ddd":0,"ind":5,"ty":2,"nm":"Layer 10","refId":"image_11","sr":1,"ks":{"o":{"a":0,"k":100,"ix":11},"r":{"a":0,"k":0,"ix":10},"p":{"a":0,"k":[189.077,160.347,0],"ix":2,"l":2},"a":{"a":0,"k":[69.877,96.975,0],"ix":1,"l":2},"s":{"a":0,"k":[100,100,100],"ix":6,"l":2}},"ao":0,"ip":0,"op":300.00001221925,"st":0,"bm":0},{"ddd":0,"ind":6,"ty":2,"nm":"Layer 11","refId":"image_12","sr":1,"ks":{"o":{"a":0,"k":100,"ix":11},"r":{"a":0,"k":0,"ix":10},"p":{"a":0,"k":[184.723,381.894,0],"ix":2,"l":2},"a":{"a":0,"k":[100.751,164.143,0],"ix":1,"l":2},"s":{"a":0,"k":[100,100,100],"ix":6,"l":2}},"ao":0,"ip":0,"op":300.00001221925,"st":0,"bm":0},{"ddd":0,"ind":7,"ty":2,"nm":"Layer 12","refId":"image_13","sr":1,"ks":{"o":{"a":0,"k":100,"ix":11},"r":{"a":0,"k":0,"ix":10},"p":{"a":0,"k":[166.259,591.915,0],"ix":2,"l":2},"a":{"a":0,"k":[33.216,116.459,0],"ix":1,"l":2},"s":{"a":0,"k":[100,100,100],"ix":6,"l":2}},"ao":0,"ip":0,"op":300.00001221925,"st":0,"bm":0},{"ddd":0,"ind":8,"ty":2,"nm":"Layer 13","refId":"image_14","sr":1,"ks":{"o":{"a":0,"k":100,"ix":11},"r":{"a":0,"k":0,"ix":10},"p":{"a":0,"k":[166.79,759.064,0],"ix":2,"l":2},"a":{"a":0,"k":[28.184,106.703,0],"ix":1,"l":2},"s":{"a":0,"k":[100,100,100],"ix":6,"l":2}},"ao":0,"ip":0,"op":300.00001221925,"st":0,"bm":0},{"ddd":0,"ind":9,"ty":2,"nm":"Layer 14","refId":"image_15","sr":1,"ks":{"o":{"a":0,"k":100,"ix":11},"r":{"a":0,"k":0,"ix":10},"p":{"a":0,"k":[198.416,225.589,0],"ix":2,"l":2},"a":{"a":0,"k":[10.109,5.693,0],"ix":1,"l":2},"s":{"a":0,"k":[100,100,100],"ix":6,"l":2}},"ao":0,"ip":0,"op":300.00001221925,"st":0,"bm":0},{"ddd":0,"ind":10,"ty":2,"nm":"Layer 15","refId":"image_16","sr":1,"ks":{"o":{"a":0,"k":100,"ix":11},"r":{"a":0,"k":0,"ix":10},"p":{"a":0,"k":[200.822,508.672,0],"ix":2,"l":2},"a":{"a":0,"k":[67.779,33.216,0],"ix":1,"l":2},"s":{"a":0,"k":[100,100,100],"ix":6,"l":2}},"ao":0,"ip":0,"op":300.00001221925,"st":0,"bm":0},{"ddd":0,"ind":11,"ty":2,"nm":"Layer 16","refId":"image_17","sr":1,"ks":{"o":{"a":0,"k":100,"ix":11},"r":{"a":0,"k":0,"ix":10},"p":{"a":0,"k":[234.923,588.701,0],"ix":2,"l":2},"a":{"a":0,"k":[32.305,113.246,0],"ix":1,"l":2},"s":{"a":0,"k":[100,100,100],"ix":6,"l":2}},"ao":0,"ip":0,"op":300.00001221925,"st":0,"bm":0},{"ddd":0,"ind":12,"ty":2,"nm":"Layer 17","refId":"image_18","sr":1,"ks":{"o":{"a":0,"k":100,"ix":11},"r":{"a":0,"k":0,"ix":10},"p":{"a":0,"k":[137.463,873.602,0],"ix":2,"l":2},"a":{"a":0,"k":[42.472,28.121,0],"ix":1,"l":2},"s":{"a":0,"k":[100,100,100],"ix":6,"l":2}},"ao":0,"ip":0,"op":300.00001221925,"st":0,"bm":0},{"ddd":0,"ind":13,"ty":2,"nm":"Layer 18","refId":"image_19","sr":1,"ks":{"o":{"a":0,"k":100,"ix":11},"r":{"a":0,"k":0,"ix":10},"p":{"a":0,"k":[235.439,751.229,0],"ix":2,"l":2},"a":{"a":0,"k":[27.412,103.759,0],"ix":1,"l":2},"s":{"a":0,"k":[100,100,100],"ix":6,"l":2}},"ao":0,"ip":0,"op":300.00001221925,"st":0,"bm":0},{"ddd":0,"ind":14,"ty":2,"nm":"Layer 19","refId":"image_20","sr":1,"ks":{"o":{"a":0,"k":100,"ix":11},"r":{"a":0,"k":0,"ix":10},"p":{"a":0,"k":[208.761,862.6,0],"ix":2,"l":2},"a":{"a":0,"k":[41.304,27.351,0],"ix":1,"l":2},"s":{"a":0,"k":[100,100,100],"ix":6,"l":2}},"ao":0,"ip":0,"op":300.00001221925,"st":0,"bm":0},{"ddd":0,"ind":15,"ty":2,"nm":"Layer 20","refId":"image_21","sr":1,"ks":{"o":{"a":0,"k":100,"ix":11},"r":{"a":0,"k":0,"ix":10},"p":{"a":0,"k":[251.911,311.545,0],"ix":2,"l":2},"a":{"a":0,"k":[39.951,92.04,0],"ix":1,"l":2},"s":{"a":0,"k":[100,100,100],"ix":6,"l":2}},"ao":0,"ip":0,"op":300.00001221925,"st":0,"bm":0},{"ddd":0,"ind":16,"ty":2,"nm":"Layer 21","refId":"image_22","sr":1,"ks":{"o":{"a":0,"k":100,"ix":11},"r":{"a":0,"k":0,"ix":10},"p":{"a":0,"k":[261.777,432.621,0],"ix":2,"l":2},"a":{"a":0,"k":[24.306,77.647,0],"ix":1,"l":2},"s":{"a":0,"k":[100,100,100],"ix":6,"l":2}},"ao":0,"ip":0,"op":300.00001221925,"st":0,"bm":0},{"ddd":0,"ind":17,"ty":2,"nm":"Layer 22","refId":"image_23","sr":1,"ks":{"o":{"a":0,"k":100,"ix":11},"r":{"a":0,"k":0,"ix":10},"p":{"a":0,"k":[255.932,519.539,0],"ix":2,"l":2},"a":{"a":0,"k":[26.673,34.721,0],"ix":1,"l":2},"s":{"a":0,"k":[100,100,100],"ix":6,"l":2}},"ao":0,"ip":0,"op":300.00001221925,"st":0,"bm":0},{"ddd":0,"ind":18,"ty":2,"nm":"Layer 23","refId":"image_24","sr":1,"ks":{"o":{"a":0,"k":100,"ix":11},"r":{"a":0,"k":0,"ix":10},"p":{"a":0,"k":[195.82,491.554,0],"ix":2,"l":2},"a":{"a":0,"k":[77.483,210.806,0],"ix":1,"l":2},"s":{"a":0,"k":[100,100,100],"ix":6,"l":2}},"ao":0,"ip":0,"op":300.00001221925,"st":0,"bm":0}]},{"id":"comp_1","nm":"Pre-comp 1","fr":29.9700012207031,"layers":[{"ddd":0,"ind":1,"ty":2,"nm":"Layer 2","parent":30,"refId":"image_25","sr":1,"ks":{"o":{"a":0,"k":100,"ix":11},"r":{"a":0,"k":0,"ix":10},"p":{"a":0,"k":[29.571,73.184,0],"ix":2,"l":2},"a":{"a":0,"k":[19.28,16.972,0],"ix":1,"l":2},"s":{"a":0,"k":[100.11,100.11,100],"ix":6,"l":2}},"ao":0,"ip":0,"op":300.00001221925,"st":0,"bm":0},{"ddd":0,"ind":2,"ty":2,"nm":"Layer 3","parent":38,"refId":"image_26","sr":1,"ks":{"o":{"a":0,"k":100,"ix":11},"r":{"a":0,"k":0,"ix":10},"p":{"a":0,"k":[11.128,62.405,0],"ix":2,"l":2},"a":{"a":0,"k":[23.11,21.656,0],"ix":1,"l":2},"s":{"a":0,"k":[100.036,100.036,100],"ix":6,"l":2}},"ao":0,"ip":0,"op":300.00001221925,"st":0,"bm":0},{"ddd":0,"ind":3,"ty":2,"nm":"Layer 4","parent":38,"refId":"image_27","sr":1,"ks":{"o":{"a":0,"k":100,"ix":11},"r":{"a":0,"k":0,"ix":10},"p":{"a":0,"k":[3.397,36.508,0],"ix":2,"l":2},"a":{"a":0,"k":[12.301,15.713,0],"ix":1,"l":2},"s":{"a":0,"k":[100.036,100.036,100],"ix":6,"l":2}},"ao":0,"ip":0,"op":300.00001221925,"st":0,"bm":0},{"ddd":0,"ind":4,"ty":2,"nm":"Layer 5","parent":29,"refId":"image_28","sr":1,"ks":{"o":{"a":0,"k":100,"ix":11},"r":{"a":0,"k":0,"ix":10},"p":{"a":0,"k":[18.599,101.205,0],"ix":2,"l":2},"a":{"a":0,"k":[11.466,9.661,0],"ix":1,"l":2},"s":{"a":0,"k":[100,100,100],"ix":6,"l":2}},"ao":0,"ip":0,"op":300.00001221925,"st":0,"bm":0},{"ddd":0,"ind":5,"ty":2,"nm":"Layer 6","parent":29,"refId":"image_29","sr":1,"ks":{"o":{"a":0,"k":100,"ix":11},"r":{"a":0,"k":0,"ix":10},"p":{"a":0,"k":[37.683,94.862,0],"ix":2,"l":2},"a":{"a":0,"k":[31.575,19.025,0],"ix":1,"l":2},"s":{"a":0,"k":[100,100,100],"ix":6,"l":2}},"ao":0,"ip":0,"op":300.00001221925,"st":0,"bm":0},{"ddd":0,"ind":6,"ty":2,"nm":"Layer 7","parent":27,"refId":"image_30","sr":1,"ks":{"o":{"a":0,"k":100,"ix":11},"r":{"a":0,"k":0,"ix":10},"p":{"a":0,"k":[-13.197,65.401,0],"ix":2,"l":2},"a":{"a":0,"k":[5.959,3.345,0],"ix":1,"l":2},"s":{"a":0,"k":[100.289,100.289,100],"ix":6,"l":2}},"ao":0,"ip":0,"op":300.00001221925,"st":0,"bm":0},{"ddd":0,"ind":7,"ty":2,"nm":"Layer 8","parent":27,"refId":"image_31","sr":1,"ks":{"o":{"a":0,"k":100,"ix":11},"r":{"a":0,"k":0,"ix":10},"p":{"a":0,"k":[-5.468,72.728,0],"ix":2,"l":2},"a":{"a":0,"k":[18.903,9.929,0],"ix":1,"l":2},"s":{"a":0,"k":[100.289,100.289,100],"ix":6,"l":2}},"ao":0,"ip":0,"op":300.00001221925,"st":0,"bm":0},{"ddd":0,"ind":8,"ty":2,"nm":"Layer 9","refId":"image_32","sr":1,"ks":{"o":{"a":0,"k":100,"ix":11},"r":{"a":0,"k":0,"ix":10},"p":{"a":0,"k":[1375.945,746.498,0],"ix":2,"l":2},"a":{"a":0,"k":[8.62,28.722,0],"ix":1,"l":2},"s":{"k":[{"s":[100,100,100],"t":0,"i":{"x":[1,1,1],"y":[1,1,1]},"o":{"x":[0,0,0],"y":[0,0,0]}},{"s":[100,100,100],"t":239,"i":{"x":[1,1,1],"y":[1,1,1]},"o":{"x":[0,0,0],"y":[0,0,0]}}],"l":2}},"ao":0,"ip":0,"op":300.00001221925,"st":0,"bm":0},{"ddd":0,"ind":9,"ty":2,"nm":"Layer 10","refId":"image_33","sr":1,"ks":{"o":{"a":0,"k":100,"ix":11},"r":{"a":0,"k":0,"ix":10},"p":{"a":0,"k":[1212.255,861.307,0],"ix":2,"l":2},"a":{"a":0,"k":[8.62,14.972,0],"ix":1,"l":2},"s":{"k":[{"s":[100,100,100],"t":0,"i":{"x":[1,1,1],"y":[1,1,1]},"o":{"x":[0,0,0],"y":[0,0,0]}},{"s":[100,100,100],"t":239,"i":{"x":[1,1,1],"y":[1,1,1]},"o":{"x":[0,0,0],"y":[0,0,0]}}],"l":2}},"ao":0,"ip":0,"op":300.00001221925,"st":0,"bm":0},{"ddd":0,"ind":10,"ty":2,"nm":"Layer 11","refId":"image_34","sr":1,"ks":{"o":{"a":0,"k":100,"ix":11},"r":{"a":0,"k":0,"ix":10},"p":{"a":0,"k":[1168.468,842.336,0],"ix":2,"l":2},"a":{"a":0,"k":[8.62,14.972,0],"ix":1,"l":2},"s":{"k":[{"s":[100,100,100],"t":0,"i":{"x":[1,1,1],"y":[1,1,1]},"o":{"x":[0,0,0],"y":[0,0,0]}},{"s":[100,100,100],"t":239,"i":{"x":[1,1,1],"y":[1,1,1]},"o":{"x":[0,0,0],"y":[0,0,0]}}],"l":2}},"ao":0,"ip":0,"op":300.00001221925,"st":0,"bm":0},{"ddd":0,"ind":11,"ty":2,"nm":"Layer 12","refId":"image_35","sr":1,"ks":{"o":{"a":0,"k":100,"ix":11},"r":{"a":0,"k":0,"ix":10},"p":{"a":0,"k":[84.577,849.556,0],"ix":2,"l":2},"a":{"a":0,"k":[75.786,103.526,0],"ix":1,"l":2},"s":{"k":[{"s":[100,100,100],"t":0,"i":{"x":[1,1,1],"y":[1,1,1]},"o":{"x":[0,0,0],"y":[0,0,0]}},{"s":[100,100,100],"t":239,"i":{"x":[1,1,1],"y":[1,1,1]},"o":{"x":[0,0,0],"y":[0,0,0]}}],"l":2}},"ao":0,"ip":0,"op":300.00001221925,"st":0,"bm":0},{"ddd":0,"ind":12,"ty":2,"nm":"Layer 13","refId":"image_36","sr":1,"ks":{"o":{"a":0,"k":100,"ix":11},"r":{"a":0,"k":0,"ix":10},"p":{"a":0,"k":[1409.838,1024.988,0],"ix":2,"l":2},"a":{"a":0,"k":[105.767,55.262,0],"ix":1,"l":2},"s":{"k":[{"s":[100,100,100],"t":0,"i":{"x":[1,1,1],"y":[1,1,1]},"o":{"x":[0,0,0],"y":[0,0,0]}},{"s":[100,100,100],"t":239,"i":{"x":[1,1,1],"y":[1,1,1]},"o":{"x":[0,0,0],"y":[0,0,0]}}],"l":2}},"ao":0,"ip":0,"op":300.00001221925,"st":0,"bm":0},{"ddd":0,"ind":13,"ty":2,"nm":"Layer 14","refId":"image_37","sr":1,"ks":{"o":{"a":0,"k":100,"ix":11},"r":{"a":0,"k":0,"ix":10},"p":{"a":0,"k":[1599.151,939.989,0],"ix":2,"l":2},"a":{"a":0,"k":[126.871,91.527,0],"ix":1,"l":2},"s":{"k":[{"s":[100,100,100],"t":0,"i":{"x":[1,1,1],"y":[1,1,1]},"o":{"x":[0,0,0],"y":[0,0,0]}},{"s":[100,100,100],"t":239,"i":{"x":[1,1,1],"y":[1,1,1]},"o":{"x":[0,0,0],"y":[0,0,0]}}],"l":2}},"ao":0,"ip":0,"op":300.00001221925,"st":0,"bm":0},{"ddd":0,"ind":14,"ty":2,"nm":"Layer 15","refId":"image_38","sr":1,"ks":{"o":{"a":0,"k":100,"ix":11},"r":{"a":0,"k":0,"ix":10},"p":{"a":0,"k":[1801.81,817.957,0],"ix":2,"l":2},"a":{"a":0,"k":[118.44,91.527,0],"ix":1,"l":2},"s":{"k":[{"s":[100,100,100],"t":0,"i":{"x":[1,1,1],"y":[1,1,1]},"o":{"x":[0,0,0],"y":[0,0,0]}},{"s":[100,100,100],"t":239,"i":{"x":[1,1,1],"y":[1,1,1]},"o":{"x":[0,0,0],"y":[0,0,0]}}],"l":2}},"ao":0,"ip":0,"op":300.00001221925,"st":0,"bm":0},{"ddd":0,"ind":15,"ty":2,"nm":"Layer 16","refId":"image_39","sr":1,"ks":{"o":{"a":0,"k":100,"ix":11},"r":{"a":0,"k":0,"ix":10},"p":{"a":0,"k":[454.85,986.803,0],"ix":2,"l":2},"a":{"a":0,"k":[171.798,93.447,0],"ix":1,"l":2},"s":{"k":[{"s":[100,100,100],"t":0,"i":{"x":[1,1,1],"y":[1,1,1]},"o":{"x":[0,0,0],"y":[0,0,0]}},{"s":[100,100,100],"t":239,"i":{"x":[1,1,1],"y":[1,1,1]},"o":{"x":[0,0,0],"y":[0,0,0]}}],"l":2}},"ao":0,"ip":0,"op":300.00001221925,"st":0,"bm":0},{"ddd":0,"ind":16,"ty":2,"nm":"Layer 17","refId":"image_40","sr":1,"ks":{"o":{"a":0,"k":100,"ix":11},"r":{"a":0,"k":0,"ix":10},"p":{"a":0,"k":[68.917,768.257,0],"ix":2,"l":2},"a":{"a":0,"k":[64.862,55.658,0],"ix":1,"l":2},"s":{"k":[{"s":[100,100,100],"t":0,"i":{"x":[1,1,1],"y":[1,1,1]},"o":{"x":[0,0,0],"y":[0,0,0]}},{"s":[100,100,100],"t":239,"i":{"x":[1,1,1],"y":[1,1,1]},"o":{"x":[0,0,0],"y":[0,0,0]}}],"l":2}},"ao":0,"ip":0,"op":300.00001221925,"st":0,"bm":0},{"ddd":0,"ind":17,"ty":2,"nm":"Layer 18","refId":"image_41","sr":1,"ks":{"o":{"a":0,"k":100,"ix":11},"r":{"a":0,"k":0,"ix":10},"p":{"k":[{"s":[246.855,419.494,0],"t":0,"i":{"x":1,"y":1},"o":{"x":0,"y":0}},{"s":[246.855,419.494,0],"t":239,"i":{"x":1,"y":1},"o":{"x":0,"y":0}}],"l":2},"a":{"a":0,"k":[83.68,67.343,0],"ix":1,"l":2},"s":{"a":0,"k":[100,100,100],"ix":6,"l":2}},"ao":0,"ip":0,"op":300.00001221925,"st":0,"bm":0},{"ddd":0,"ind":18,"ty":2,"nm":"Layer 19","refId":"image_42","sr":1,"ks":{"o":{"a":0,"k":100,"ix":11},"r":{"a":0,"k":0,"ix":10},"p":{"k":[{"s":[503.337,267.846,0],"t":0,"i":{"x":1,"y":1},"o":{"x":0,"y":0}},{"s":[503.337,267.846,0],"t":239,"i":{"x":1,"y":1},"o":{"x":0,"y":0}}],"l":2},"a":{"a":0,"k":[83.68,67.343,0],"ix":1,"l":2},"s":{"a":0,"k":[100,100,100],"ix":6,"l":2}},"ao":0,"ip":0,"op":300.00001221925,"st":0,"bm":0},{"ddd":0,"ind":19,"ty":2,"nm":"Layer 20","refId":"image_43","sr":1,"ks":{"o":{"a":0,"k":100,"ix":11},"r":{"a":0,"k":0,"ix":10},"p":{"a":0,"k":[889.972,1023.984,0],"ix":2,"l":2},"a":{"a":0,"k":[96.71,140.105,0],"ix":1,"l":2},"s":{"k":[{"s":[100,100,100],"t":0,"i":{"x":[1,1,1],"y":[1,1,1]},"o":{"x":[0,0,0],"y":[0,0,0]}},{"s":[100,100,100],"t":239,"i":{"x":[1,1,1],"y":[1,1,1]},"o":{"x":[0,0,0],"y":[0,0,0]}}],"l":2}},"ao":0,"ip":0,"op":300.00001221925,"st":0,"bm":0},{"ddd":0,"ind":20,"ty":2,"nm":"Layer 21","refId":"image_44","sr":1,"ks":{"o":{"a":0,"k":100,"ix":11},"r":{"a":0,"k":0,"ix":10},"p":{"k":[{"s":[1173.601,128.605,0],"t":0,"i":{"x":1,"y":1},"o":{"x":0,"y":0}},{"s":[1173.601,128.605,0],"t":239,"i":{"x":1,"y":1},"o":{"x":0,"y":0}}],"l":2},"a":{"a":0,"k":[83.68,67.343,0],"ix":1,"l":2},"s":{"a":0,"k":[100,100,100],"ix":6,"l":2}},"ao":0,"ip":0,"op":300.00001221925,"st":0,"bm":0},{"ddd":0,"ind":21,"ty":2,"nm":"Layer 22","refId":"image_45","sr":1,"ks":{"o":{"a":0,"k":100,"ix":11},"r":{"k":[{"s":[0.422],"t":0,"i":{"x":[1],"y":[1]},"o":{"x":[0],"y":[0]}},{"s":[0.422],"t":239,"i":{"x":[1],"y":[1]},"o":{"x":[0],"y":[0]}}]},"p":{"a":0,"k":[1355.044,167.553,0],"ix":2,"l":2},"a":{"a":0,"k":[42.491,33.233,0],"ix":1,"l":2},"s":{"a":0,"k":[100,100,100],"ix":6,"l":2}},"ao":0,"ip":0,"op":300.00001221925,"st":0,"bm":0},{"ddd":0,"ind":22,"ty":2,"nm":"Layer 23","refId":"image_46","sr":1,"ks":{"o":{"a":0,"k":100,"ix":11},"r":{"k":[{"s":[-1.038],"t":0,"i":{"x":[1],"y":[1]},"o":{"x":[0],"y":[0]}},{"s":[-1.038],"t":239,"i":{"x":[1],"y":[1]},"o":{"x":[0],"y":[0]}}]},"p":{"a":0,"k":[1523.663,180.743,0],"ix":2,"l":2},"a":{"a":0,"k":[93.779,62.312,0],"ix":1,"l":2},"s":{"a":0,"k":[100,100,100],"ix":6,"l":2}},"ao":0,"ip":0,"op":300.00001221925,"st":0,"bm":0},{"ddd":0,"ind":23,"ty":2,"nm":"Layer 24","refId":"image_47","sr":1,"ks":{"o":{"a":0,"k":100,"ix":11},"r":{"a":0,"k":0,"ix":10},"p":{"a":0,"k":[234.905,958.418,0],"ix":2,"l":2},"a":{"a":0,"k":[75.013,100.317,0],"ix":1,"l":2},"s":{"k":[{"s":[100,100,100],"t":0,"i":{"x":[1,1,1],"y":[1,1,1]},"o":{"x":[0,0,0],"y":[0,0,0]}},{"s":[100,100,100],"t":239,"i":{"x":[1,1,1],"y":[1,1,1]},"o":{"x":[0,0,0],"y":[0,0,0]}}],"l":2}},"ao":0,"ip":0,"op":300.00001221925,"st":0,"bm":0},{"ddd":0,"ind":24,"ty":2,"nm":"Layer 25","refId":"image_48","sr":1,"ks":{"o":{"a":0,"k":100,"ix":11},"r":{"a":0,"k":0,"ix":10},"p":{"a":0,"k":[298.309,916.585,0],"ix":2,"l":2},"a":{"a":0,"k":[298.559,163.665,0],"ix":1,"l":2},"s":{"a":0,"k":[100,100,100],"ix":6,"l":2}},"ao":0,"ip":0,"op":300.00001221925,"st":0,"bm":0},{"ddd":0,"ind":25,"ty":2,"nm":"Layer 26","refId":"image_49","sr":1,"ks":{"o":{"a":0,"k":100,"ix":11},"r":{"a":0,"k":0,"ix":10},"p":{"a":0,"k":[1970.138,1157.487,0],"ix":2,"l":2},"a":{"a":0,"k":[707.524,367.546,0],"ix":1,"l":2},"s":{"a":0,"k":[100,100,100],"ix":6,"l":2}},"ao":0,"ip":0,"op":300.00001221925,"st":0,"bm":0},{"ddd":0,"ind":26,"ty":2,"nm":"Layer 27","refId":"image_50","sr":1,"ks":{"o":{"a":0,"k":100,"ix":11},"r":{"a":0,"k":0,"ix":10},"p":{"a":0,"k":[1109.091,497.128,0],"ix":2,"l":2},"a":{"a":0,"k":[77.942,200.233,0],"ix":1,"l":2},"s":{"k":[{"s":[100,100,100],"t":0,"i":{"x":[1,1,1],"y":[1,1,1]},"o":{"x":[0,0,0],"y":[0,0,0]}},{"s":[100,100,100],"t":239,"i":{"x":[1,1,1],"y":[1,1,1]},"o":{"x":[0,0,0],"y":[0,0,0]}}],"l":2}},"ao":0,"ip":0,"op":300.00001221925,"st":0,"bm":0},{"ddd":0,"ind":27,"ty":2,"nm":"Layer 28","refId":"image_51","sr":1,"ks":{"o":{"a":0,"k":100,"ix":11},"r":{"a":0,"k":0,"ix":10},"p":{"a":0,"k":[1185.762,493.387,0],"ix":2,"l":2},"a":{"a":0,"k":[35.433,249.405,0],"ix":1,"l":2},"s":{"k":[{"s":[100,100,100],"t":0,"i":{"x":[1,1,1],"y":[1,1,1]},"o":{"x":[0,0,0],"y":[0,0,0]}},{"s":[100,100,100],"t":239,"i":{"x":[1,1,1],"y":[1,1,1]},"o":{"x":[0,0,0],"y":[0,0,0]}}],"l":2}},"ao":0,"ip":0,"op":300.00001221925,"st":0,"bm":0},{"ddd":0,"ind":28,"ty":2,"nm":"Layer 29","refId":"image_52","sr":1,"ks":{"o":{"a":0,"k":100,"ix":11},"r":{"a":0,"k":0,"ix":10},"p":{"a":0,"k":[917.081,384.762,0],"ix":2,"l":2},"a":{"a":0,"k":[91.201,246.51,0],"ix":1,"l":2},"s":{"k":[{"s":[100,100,100],"t":0,"i":{"x":[1,1,1],"y":[1,1,1]},"o":{"x":[0,0,0],"y":[0,0,0]}},{"s":[100,100,100],"t":239,"i":{"x":[1,1,1],"y":[1,1,1]},"o":{"x":[0,0,0],"y":[0,0,0]}}],"l":2}},"ao":0,"ip":0,"op":300.00001221925,"st":0,"bm":0},{"ddd":0,"ind":29,"ty":2,"nm":"Layer 30","refId":"image_53","sr":1,"ks":{"o":{"a":0,"k":100,"ix":11},"r":{"a":0,"k":0,"ix":10},"p":{"a":0,"k":[1027.551,390.496,0],"ix":2,"l":2},"a":{"a":0,"k":[40.949,239.704,0],"ix":1,"l":2},"s":{"k":[{"s":[100,100,100],"t":0,"i":{"x":[1,1,1],"y":[1,1,1]},"o":{"x":[0,0,0],"y":[0,0,0]}},{"s":[100,100,100],"t":239,"i":{"x":[1,1,1],"y":[1,1,1]},"o":{"x":[0,0,0],"y":[0,0,0]}}],"l":2}},"ao":0,"ip":0,"op":300.00001221925,"st":0,"bm":0},{"ddd":0,"ind":30,"ty":2,"nm":"Layer 31","refId":"image_54","sr":1,"ks":{"o":{"a":0,"k":100,"ix":11},"r":{"a":0,"k":0,"ix":10},"p":{"a":0,"k":[1263.334,949.211,0],"ix":2,"l":2},"a":{"a":0,"k":[76.949,125.676,0],"ix":1,"l":2},"s":{"k":[{"s":[100,100,100],"t":0,"i":{"x":[1,1,1],"y":[1,1,1]},"o":{"x":[0,0,0],"y":[0,0,0]}},{"s":[100,100,100],"t":239,"i":{"x":[1,1,1],"y":[1,1,1]},"o":{"x":[0,0,0],"y":[0,0,0]}}],"l":2}},"ao":0,"ip":0,"op":300.00001221925,"st":0,"bm":0},{"ddd":0,"ind":31,"ty":2,"nm":"Layer 32","refId":"image_55","sr":1,"ks":{"o":{"a":0,"k":100,"ix":11},"r":{"a":0,"k":0,"ix":10},"p":{"a":0,"k":[1188.911,986.485,0],"ix":2,"l":2},"a":{"a":0,"k":[55.442,155.169,0],"ix":1,"l":2},"s":{"k":[{"s":[100,100,100],"t":0,"i":{"x":[1,1,1],"y":[1,1,1]},"o":{"x":[0,0,0],"y":[0,0,0]}},{"s":[100,100,100],"t":239,"i":{"x":[1,1,1],"y":[1,1,1]},"o":{"x":[0,0,0],"y":[0,0,0]}}],"l":2}},"ao":0,"ip":0,"op":300.00001221925,"st":0,"bm":0},{"ddd":0,"ind":32,"ty":2,"nm":"Layer 33","refId":"image_56","sr":1,"ks":{"o":{"a":0,"k":100,"ix":11},"r":{"a":0,"k":0,"ix":10},"p":{"a":0,"k":[1087.545,937.876,0],"ix":2,"l":2},"a":{"a":0,"k":[25.851,199.813,0],"ix":1,"l":2},"s":{"k":[{"s":[100,100,100],"t":0,"i":{"x":[1,1,1],"y":[1,1,1]},"o":{"x":[0,0,0],"y":[0,0,0]}},{"s":[100,100,100],"t":239,"i":{"x":[1,1,1],"y":[1,1,1]},"o":{"x":[0,0,0],"y":[0,0,0]}}],"l":2}},"ao":0,"ip":0,"op":300.00001221925,"st":0,"bm":0},{"ddd":0,"ind":33,"ty":2,"nm":"Layer 34","refId":"image_57","sr":1,"ks":{"o":{"a":0,"k":100,"ix":11},"r":{"a":0,"k":0,"ix":10},"p":{"a":0,"k":[749.65,852.191,0],"ix":2,"l":2},"a":{"a":0,"k":[26.31,57.068,0],"ix":1,"l":2},"s":{"k":[{"s":[100,100,100],"t":0,"i":{"x":[1,1,1],"y":[1,1,1]},"o":{"x":[0,0,0],"y":[0,0,0]}},{"s":[100,100,100],"t":239,"i":{"x":[1,1,1],"y":[1,1,1]},"o":{"x":[0,0,0],"y":[0,0,0]}}],"l":2}},"ao":0,"ip":0,"op":300.00001221925,"st":0,"bm":0},{"ddd":0,"ind":34,"ty":2,"nm":"Layer 35","refId":"image_58","sr":1,"ks":{"o":{"a":0,"k":100,"ix":11},"r":{"a":0,"k":0,"ix":10},"p":{"a":0,"k":[1445.225,882.999,0],"ix":2,"l":2},"a":{"a":0,"k":[66.266,165.401,0],"ix":1,"l":2},"s":{"k":[{"s":[100,100,100],"t":0,"i":{"x":[1,1,1],"y":[1,1,1]},"o":{"x":[0,0,0],"y":[0,0,0]}},{"s":[100,100,100],"t":239,"i":{"x":[1,1,1],"y":[1,1,1]},"o":{"x":[0,0,0],"y":[0,0,0]}}],"l":2}},"ao":0,"ip":0,"op":300.00001221925,"st":0,"bm":0},{"ddd":0,"ind":35,"ty":2,"nm":"Layer 36","refId":"image_59","sr":1,"ks":{"o":{"a":0,"k":100,"ix":11},"r":{"a":0,"k":0,"ix":10},"p":{"a":0,"k":[1385.378,854.241,0],"ix":2,"l":2},"a":{"a":0,"k":[51.715,136.648,0],"ix":1,"l":2},"s":{"k":[{"s":[100,100,100],"t":0,"i":{"x":[1,1,1],"y":[1,1,1]},"o":{"x":[0,0,0],"y":[0,0,0]}},{"s":[100,100,100],"t":239,"i":{"x":[1,1,1],"y":[1,1,1]},"o":{"x":[0,0,0],"y":[0,0,0]}}],"l":2}},"ao":0,"ip":0,"op":300.00001221925,"st":0,"bm":0},{"ddd":0,"ind":36,"ty":2,"nm":"Layer 37","refId":"image_60","sr":1,"ks":{"o":{"a":0,"k":100,"ix":11},"r":{"a":0,"k":0,"ix":10},"p":{"a":0,"k":[1303.298,817.178,0],"ix":2,"l":2},"a":{"a":0,"k":[33.813,170.88,0],"ix":1,"l":2},"s":{"k":[{"s":[100,100,100],"t":0,"i":{"x":[1,1,1],"y":[1,1,1]},"o":{"x":[0,0,0],"y":[0,0,0]}},{"s":[100,100,100],"t":239,"i":{"x":[1,1,1],"y":[1,1,1]},"o":{"x":[0,0,0],"y":[0,0,0]}}],"l":2}},"ao":0,"ip":0,"op":300.00001221925,"st":0,"bm":0},{"ddd":0,"ind":37,"ty":2,"nm":"Layer 38","refId":"image_61","sr":1,"ks":{"o":{"a":0,"k":100,"ix":11},"r":{"a":0,"k":0,"ix":10},"p":{"a":0,"k":[1546.034,845.76,0],"ix":2,"l":2},"a":{"a":0,"k":[77.532,230.289,0],"ix":1,"l":2},"s":{"k":[{"s":[100,100,100],"t":0,"i":{"x":[1,1,1],"y":[1,1,1]},"o":{"x":[0,0,0],"y":[0,0,0]}},{"s":[100,100,100],"t":239,"i":{"x":[1,1,1],"y":[1,1,1]},"o":{"x":[0,0,0],"y":[0,0,0]}}],"l":2}},"ao":0,"ip":0,"op":300.00001221925,"st":0,"bm":0},{"ddd":0,"ind":38,"ty":2,"nm":"Layer 39","refId":"image_62","sr":1,"ks":{"o":{"a":0,"k":100,"ix":11},"r":{"a":0,"k":0,"ix":10},"p":{"a":0,"k":[804.821,864.922,0],"ix":2,"l":2},"a":{"a":0,"k":[47.081,214.137,0],"ix":1,"l":2},"s":{"k":[{"s":[100,100,100],"t":0,"i":{"x":[1,1,1],"y":[1,1,1]},"o":{"x":[0,0,0],"y":[0,0,0]}},{"s":[100,100,100],"t":239,"i":{"x":[1,1,1],"y":[1,1,1]},"o":{"x":[0,0,0],"y":[0,0,0]}}],"l":2}},"ao":0,"ip":0,"op":300.00001221925,"st":0,"bm":0},{"ddd":0,"ind":39,"ty":2,"nm":"Layer 40","refId":"image_63","sr":1,"ks":{"o":{"a":0,"k":100,"ix":11},"r":{"a":0,"k":0,"ix":10},"p":{"a":0,"k":[784.301,682.139,0],"ix":2,"l":2},"a":{"a":0,"k":[18.13,10.711,0],"ix":1,"l":2},"s":{"k":[{"s":[100,100,100],"t":0,"i":{"x":[1,1,1],"y":[1,1,1]},"o":{"x":[0,0,0],"y":[0,0,0]}},{"s":[100,100,100],"t":239,"i":{"x":[1,1,1],"y":[1,1,1]},"o":{"x":[0,0,0],"y":[0,0,0]}}],"l":2}},"ao":0,"ip":0,"op":300.00001221925,"st":0,"bm":0},{"ddd":0,"ind":40,"ty":2,"nm":"Layer 41","refId":"image_64","sr":1,"ks":{"o":{"a":0,"k":100,"ix":11},"r":{"a":0,"k":0,"ix":10},"p":{"a":0,"k":[879.817,775.877,0],"ix":2,"l":2},"a":{"a":0,"k":[26.31,57.068,0],"ix":1,"l":2},"s":{"k":[{"s":[100,100,100],"t":0,"i":{"x":[1,1,1],"y":[1,1,1]},"o":{"x":[0,0,0],"y":[0,0,0]}},{"s":[100,100,100],"t":239,"i":{"x":[1,1,1],"y":[1,1,1]},"o":{"x":[0,0,0],"y":[0,0,0]}}],"l":2}},"ao":0,"ip":0,"op":300.00001221925,"st":0,"bm":0},{"ddd":0,"ind":41,"ty":2,"nm":"Layer 42","refId":"image_65","sr":1,"ks":{"o":{"a":0,"k":100,"ix":11},"r":{"a":0,"k":0,"ix":10},"p":{"a":0,"k":[679.778,939.302,0],"ix":2,"l":2},"a":{"a":0,"k":[56.686,221.698,0],"ix":1,"l":2},"s":{"k":[{"s":[100,100,100],"t":0,"i":{"x":[1,1,1],"y":[1,1,1]},"o":{"x":[0,0,0],"y":[0,0,0]}},{"s":[100,100,100],"t":239,"i":{"x":[1,1,1],"y":[1,1,1]},"o":{"x":[0,0,0],"y":[0,0,0]}}],"l":2}},"ao":0,"ip":0,"op":300.00001221925,"st":0,"bm":0},{"ddd":0,"ind":42,"ty":2,"nm":"Layer 43","refId":"image_66","sr":1,"ks":{"o":{"a":0,"k":100,"ix":11},"r":{"a":0,"k":0,"ix":10},"p":{"a":0,"k":[635.073,779.894,0],"ix":2,"l":2},"a":{"a":0,"k":[41.222,54.926,0],"ix":1,"l":2},"s":{"k":[{"s":[100,100,100],"t":0,"i":{"x":[1,1,1],"y":[1,1,1]},"o":{"x":[0,0,0],"y":[0,0,0]}},{"s":[100,100,100],"t":239,"i":{"x":[1,1,1],"y":[1,1,1]},"o":{"x":[0,0,0],"y":[0,0,0]}}],"l":2}},"ao":0,"ip":0,"op":300.00001221925,"st":0,"bm":0},{"ddd":0,"ind":43,"ty":2,"nm":"Layer 44","refId":"image_67","sr":1,"ks":{"o":{"a":0,"k":100,"ix":11},"r":{"a":0,"k":0,"ix":10},"p":{"a":0,"k":[759.93,839.149,0],"ix":2,"l":2},"a":{"a":0,"k":[221.086,221.597,0],"ix":1,"l":2},"s":{"k":[{"s":[100,100,100],"t":0,"i":{"x":[1,1,1],"y":[1,1,1]},"o":{"x":[0,0,0],"y":[0,0,0]}},{"s":[100,100,100],"t":239,"i":{"x":[1,1,1],"y":[1,1,1]},"o":{"x":[0,0,0],"y":[0,0,0]}}],"l":2}},"ao":0,"ip":0,"op":300.00001221925,"st":0,"bm":0},{"ddd":0,"ind":44,"ty":2,"nm":"Layer 47","refId":"image_68","sr":1,"ks":{"o":{"a":0,"k":100,"ix":11},"r":{"a":0,"k":0,"ix":10},"p":{"a":0,"k":[209.724,810.165,0],"ix":2,"l":2},"a":{"a":0,"k":[78.152,217.311,0],"ix":1,"l":2},"s":{"k":[{"s":[100,100,100],"t":0,"i":{"x":[1,1,1],"y":[1,1,1]},"o":{"x":[0,0,0],"y":[0,0,0]}},{"s":[100,100,100],"t":239,"i":{"x":[1,1,1],"y":[1,1,1]},"o":{"x":[0,0,0],"y":[0,0,0]}}],"l":2}},"ao":0,"ip":0,"op":300.00001221925,"st":0,"bm":0},{"ddd":0,"ind":45,"ty":2,"nm":"Layer 48","refId":"image_69","sr":1,"ks":{"o":{"a":0,"k":100,"ix":11},"r":{"a":0,"k":0,"ix":10},"p":{"a":0,"k":[487.987,583.683,0],"ix":2,"l":2},"a":{"a":0,"k":[233.474,197.668,0],"ix":1,"l":2},"s":{"k":[{"s":[100,100,100],"t":0,"i":{"x":[1,1,1],"y":[1,1,1]},"o":{"x":[0,0,0],"y":[0,0,0]}},{"s":[100,100,100],"t":239,"i":{"x":[1,1,1],"y":[1,1,1]},"o":{"x":[0,0,0],"y":[0,0,0]}}],"l":2}},"ao":0,"ip":0,"op":300.00001221925,"st":0,"bm":0},{"ddd":0,"ind":46,"ty":2,"nm":"Layer 49","refId":"image_70","sr":1,"ks":{"o":{"a":0,"k":100,"ix":11},"r":{"a":0,"k":0,"ix":10},"p":{"a":0,"k":[1438.001,375.551,0],"ix":2,"l":2},"a":{"a":0,"k":[482.248,375.801,0],"ix":1,"l":2},"s":{"a":0,"k":[100,100,100],"ix":6,"l":2}},"ao":0,"ip":0,"op":300.00001221925,"st":0,"bm":0},{"ddd":0,"ind":47,"ty":0,"nm":"floor 2","refId":"comp_2","sr":1,"ks":{"o":{"a":0,"k":100,"ix":11},"r":{"a":0,"k":0,"ix":10},"p":{"a":0,"k":[960,540,0],"ix":2,"l":2},"a":{"a":0,"k":[960,540,0],"ix":1,"l":2},"s":{"a":0,"k":[100,100,100],"ix":6,"l":2}},"ao":0,"w":1920,"h":1080,"ip":0,"op":300.00001221925,"st":0,"bm":0}]},{"id":"comp_2","nm":"floor 2","fr":29.9700012207031,"layers":[{"ddd":0,"ind":1,"ty":2,"nm":"Layer 2","refId":"image_71","sr":1,"ks":{"o":{"a":0,"k":100,"ix":11},"r":{"a":0,"k":0,"ix":10},"p":{"a":0,"k":[960,638.71,0],"ix":2,"l":2},"a":{"a":0,"k":[960.25,441.54,0],"ix":1,"l":2},"s":{"a":0,"k":[100,100,100],"ix":6,"l":2}},"ao":0,"ip":0,"op":300.00001221925,"st":0,"bm":0},{"ddd":0,"ind":2,"ty":2,"nm":"Layer 3","refId":"image_72","sr":1,"ks":{"o":{"a":0,"k":100,"ix":11},"r":{"a":0,"k":0,"ix":10},"p":{"a":0,"k":[478.068,375.152,0],"ix":2,"l":2},"a":{"a":0,"k":[478.318,375.402,0],"ix":1,"l":2},"s":{"a":0,"k":[100,100,100],"ix":6,"l":2}},"ao":0,"ip":0,"op":300.00001221925,"st":0,"bm":0}]}],"layers":[{"ddd":0,"ind":1,"ty":2,"nm":"Asset 21.png","cl":"png","refId":"image_0","sr":1,"ks":{"o":{"a":0,"k":100,"ix":11},"r":{"a":0,"k":0,"ix":10},"p":{"a":1,"k":[{"i":{"x":0.833,"y":0.833},"o":{"x":0.167,"y":0.167},"t":0,"s":[920,470,0],"to":[76.667,25,0],"ti":[-76.667,-25,0]},{"i":{"x":0.833,"y":0.833},"o":{"x":0.167,"y":0.167},"t":15,"s":[1380,620,0],"to":[0,0,0],"ti":[0,0,0]},{"i":{"x":0.833,"y":0.833},"o":{"x":0.167,"y":0.167},"t":59,"s":[1380,620,0],"to":[0,0,0],"ti":[0,0,0]},{"i":{"x":0.833,"y":0.833},"o":{"x":0.167,"y":0.167},"t":85,"s":[548,512,0],"to":[0,0,0],"ti":[0.333,0,0]},{"i":{"x":0.833,"y":0.833},"o":{"x":0.167,"y":0.167},"t":124,"s":[546,512,0],"to":[0,0,0],"ti":[0,0,0]},{"i":{"x":0.833,"y":0.833},"o":{"x":0.167,"y":0.167},"t":179,"s":[546,512,0],"to":[139.167,18.167,0],"ti":[-139.167,-18.167,0]},{"t":195.000007942513,"s":[1381,621,0]}],"ix":2,"l":2},"a":{"a":0,"k":[73.5,72.5,0],"ix":1,"l":2},"s":{"a":0,"k":[49.66,49.66,100],"ix":6,"l":2}},"ao":0,"ip":0,"op":300.00001221925,"st":0,"bm":0},{"ddd":0,"ind":2,"ty":2,"nm":"Asset 1.png","cl":"png","refId":"image_1","sr":1,"ks":{"o":{"a":0,"k":100,"ix":11},"r":{"a":0,"k":0,"ix":10},"p":{"a":0,"k":[1328.5,574,0],"ix":2,"l":2},"a":{"a":0,"k":[79,79,0],"ix":1,"l":2},"s":{"a":1,"k":[{"i":{"x":[0.833,0.833,0.833],"y":[0.833,0.833,0.833]},"o":{"x":[0.167,0.167,0.167],"y":[0.167,0.167,0.167]},"t":203,"s":[0,0,100]},{"t":206.000008390552,"s":[38,38,100]}],"ix":6,"l":2}},"ao":0,"ip":0,"op":300.00001221925,"st":0,"bm":0},{"ddd":0,"ind":3,"ty":2,"nm":"Asset 25.png","cl":"png","refId":"image_2","sr":1,"ks":{"o":{"a":0,"k":100,"ix":11},"r":{"a":0,"k":0,"ix":10},"p":{"a":0,"k":[503,459,0],"ix":2,"l":2},"a":{"a":0,"k":[165.5,218.5,0],"ix":1,"l":2},"s":{"a":1,"k":[{"i":{"x":[0.833,0.833,0.833],"y":[0.833,0.833,0.833]},"o":{"x":[0.167,0.167,0.167],"y":[0.167,0.167,0.167]},"t":115,"s":[0,0,100]},{"i":{"x":[0.833,0.833,0.833],"y":[0.833,0.833,0.833]},"o":{"x":[0.167,0.167,0.167],"y":[0.167,0.167,0.167]},"t":118,"s":[13,13,100]},{"i":{"x":[0.833,0.833,0.833],"y":[0.833,0.833,0.833]},"o":{"x":[0.167,0.167,0.167],"y":[0.167,0.167,0.167]},"t":154,"s":[13,13,100]},{"t":157.000006394741,"s":[0,0,100]}],"ix":6,"l":2}},"ao":0,"ip":0,"op":300.00001221925,"st":0,"bm":0},{"ddd":0,"ind":4,"ty":2,"nm":"Asset 20.png","cl":"png","refId":"image_3","sr":1,"ks":{"o":{"a":0,"k":100,"ix":11},"r":{"a":0,"k":0,"ix":10},"p":{"a":1,"k":[{"i":{"x":0.833,"y":0.833},"o":{"x":0.167,"y":0.167},"t":179,"s":[503.75,461,0],"to":[137.333,18.833,0],"ti":[-137.333,-18.833,0]},{"t":195.000007942513,"s":[1327.75,574,0]}],"ix":2,"l":2},"a":{"a":0,"k":[93.5,93.5,0],"ix":1,"l":2},"s":{"a":1,"k":[{"i":{"x":[0.833,0.833,0.833],"y":[0.833,0.833,0.833]},"o":{"x":[0.167,0.167,0.167],"y":[0.167,0.167,0.167]},"t":154,"s":[0,0,100]},{"i":{"x":[0.833,0.833,0.833],"y":[0.833,0.833,0.833]},"o":{"x":[0.167,0.167,0.167],"y":[0.167,0.167,0.167]},"t":157,"s":[33,33,100]},{"i":{"x":[0.833,0.833,0.833],"y":[0.833,0.833,0.833]},"o":{"x":[0.167,0.167,0.167],"y":[0.167,0.167,0.167]},"t":198,"s":[33,33,100]},{"t":201.000008186898,"s":[0,0,100]}],"ix":6,"l":2}},"ao":0,"ip":0,"op":300.00001221925,"st":0,"bm":0},{"ddd":0,"ind":5,"ty":2,"nm":"Asset 1.png","cl":"png","refId":"image_4","sr":1,"ks":{"o":{"a":0,"k":100,"ix":11},"r":{"a":0,"k":0,"ix":10},"p":{"a":0,"k":[504,460,0],"ix":2,"l":2},"a":{"a":0,"k":[235,216,0],"ix":1,"l":2},"s":{"a":1,"k":[{"i":{"x":[0.833,0.833,0.833],"y":[0.833,0.833,0.833]},"o":{"x":[0.167,0.167,0.167],"y":[0.167,0.167,0.167]},"t":115,"s":[0,0,100]},{"t":118.000004806239,"s":[20.4,20.4,100]}],"ix":6,"l":2}},"ao":0,"ip":4.00000016292334,"op":304.000012382174,"st":4.00000016292334,"bm":0},{"ddd":0,"ind":6,"ty":2,"nm":"Asset 20.png","cl":"png","refId":"image_3","sr":1,"ks":{"o":{"a":0,"k":100,"ix":11},"r":{"a":0,"k":0,"ix":10},"p":{"a":0,"k":[1327.75,574,0],"ix":2,"l":2},"a":{"a":0,"k":[93.5,93.5,0],"ix":1,"l":2},"s":{"a":1,"k":[{"i":{"x":[0.833,0.833,0.833],"y":[0.833,0.833,0.833]},"o":{"x":[0.167,0.167,0.167],"y":[0.167,0.167,0.167]},"t":52,"s":[0,0,100]},{"i":{"x":[0.833,0.833,0.833],"y":[0.833,0.833,0.833]},"o":{"x":[0.167,0.167,0.167],"y":[0.167,0.167,0.167]},"t":55,"s":[33,33,100]},{"i":{"x":[0.833,0.833,0.833],"y":[0.833,0.833,0.833]},"o":{"x":[0.167,0.167,0.167],"y":[0.167,0.167,0.167]},"t":198,"s":[33,33,100]},{"t":201.000008186898,"s":[0,0,100]}],"ix":6,"l":2}},"ao":0,"ip":0,"op":300.00001221925,"st":0,"bm":0},{"ddd":0,"ind":7,"ty":2,"nm":"Asset 1.png","cl":"png","refId":"image_4","sr":1,"ks":{"o":{"a":0,"k":100,"ix":11},"r":{"a":0,"k":0,"ix":10},"p":{"a":0,"k":[1327,573,0],"ix":2,"l":2},"a":{"a":0,"k":[235,216,0],"ix":1,"l":2},"s":{"a":1,"k":[{"i":{"x":[0.833,0.833,0.833],"y":[0.833,0.833,0.833]},"o":{"x":[0.167,0.167,0.167],"y":[0.167,0.167,0.167]},"t":52,"s":[0,0,100]},{"t":55.0000022401959,"s":[20.4,20.4,100]}],"ix":6,"l":2}},"ao":0,"ip":0,"op":300.00001221925,"st":0,"bm":0},{"ddd":0,"ind":8,"ty":2,"nm":"Asset 2@200x.png","cl":"png","refId":"image_5","sr":1,"ks":{"o":{"a":0,"k":100,"ix":11},"r":{"a":0,"k":0,"ix":10},"p":{"a":0,"k":[504,458,0],"ix":2,"l":2},"a":{"a":0,"k":[554,216,0],"ix":1,"l":2},"s":{"a":1,"k":[{"i":{"x":[0.833,0.833,0.833],"y":[0.833,0.833,0.833]},"o":{"x":[0.167,0.167,0.167],"y":[0.167,0.167,0.167]},"t":97,"s":[21.3,21.3,100]},{"t":100.000004073084,"s":[0,0,100]}],"ix":6,"l":2}},"ao":0,"ip":0,"op":300.00001221925,"st":0,"bm":0},{"ddd":0,"ind":10,"ty":2,"nm":"Asset 3@200x.png","cl":"png","refId":"image_6","sr":1,"ks":{"o":{"a":0,"k":100,"ix":11},"r":{"a":0,"k":0,"ix":10},"p":{"a":0,"k":[1330,576,0],"ix":2,"l":2},"a":{"a":0,"k":[554,216,0],"ix":1,"l":2},"s":{"a":1,"k":[{"i":{"x":[0.833,0.833,0.833],"y":[0.833,0.833,0.833]},"o":{"x":[0.167,0.167,0.167],"y":[0.167,0.167,0.167]},"t":33,"s":[21.3,21.3,100]},{"t":36.0000014663101,"s":[0,0,100]}],"ix":6,"l":2}},"ao":0,"ip":0,"op":300.00001221925,"st":0,"bm":0},{"ddd":0,"ind":11,"ty":0,"nm":"Pre-comp 2","refId":"comp_0","sr":1,"ks":{"o":{"a":0,"k":100,"ix":11},"r":{"a":0,"k":0,"ix":10},"p":{"a":0,"k":[411,627,0],"ix":2,"l":2},"a":{"a":0,"k":[181,478,0],"ix":1,"l":2},"s":{"a":0,"k":[35.356,35.356,100],"ix":6,"l":2}},"ao":0,"w":362,"h":956,"ip":0,"op":300.00001221925,"st":0,"bm":0},{"ddd":0,"ind":12,"ty":0,"nm":"Pre-comp 1","refId":"comp_1","sr":1,"ks":{"o":{"a":0,"k":100,"ix":11},"r":{"a":0,"k":0,"ix":10},"p":{"a":0,"k":[960,540,0],"ix":2,"l":2},"a":{"a":0,"k":[960,540,0],"ix":1,"l":2},"s":{"a":0,"k":[100,100,100],"ix":6,"l":2}},"ao":0,"w":1920,"h":1080,"ip":0,"op":300.00001221925,"st":0,"bm":0}],"markers":[]}