{"v":"5.9.1","fr":29.9700012207031,"ip":0,"op":150.000006109625,"w":1920,"h":1080,"nm":"A tale of two coffee shop","ddd":0,"assets":[{"id":"image_0","w":229,"h":280,"u":"images/","p":"img_0.png","e":0},{"id":"image_1","w":133,"h":163,"u":"images/","p":"img_1.png","e":0},{"id":"image_2","w":395,"h":395,"u":"images/","p":"img_2.png","e":0},{"id":"image_3","w":40,"h":40,"u":"images/","p":"img_3.png","e":0},{"id":"image_4","w":365,"h":365,"u":"images/","p":"img_4.png","e":0},{"id":"image_5","w":285,"h":128,"u":"images/","p":"img_5.png","e":0}],"layers":[{"ddd":0,"ind":1,"ty":2,"nm":"Layer 2","refId":"image_0","sr":1,"ks":{"o":{"a":0,"k":100,"ix":11},"r":{"a":0,"k":0,"ix":10},"p":{"a":1,"k":[{"i":{"x":0.833,"y":0.833},"o":{"x":0.167,"y":0.167},"t":80,"s":[1349.8,396.445,0],"to":[-57.167,-4.167,0],"ti":[57.167,4.167,0]},{"t":84.0000034213901,"s":[1006.8,371.445,0]}],"ix":2,"l":2},"a":{"a":0,"k":[114.419,139.801,0],"ix":1,"l":2},"s":{"k":[{"s":[0,0,100],"t":49,"i":{"x":[1,1,1],"y":[1,1,1]},"o":{"x":[0,0,0],"y":[0,0,0]}},{"s":[100,100,100],"t":51,"i":{"x":[1,1,1],"y":[1,1,1]},"o":{"x":[0,0,0],"y":[0,0,0]}},{"s":[125.336,125.336,100],"t":52,"i":{"x":[1,1,1],"y":[1,1,1]},"o":{"x":[0,0,0],"y":[0,0,0]}},{"s":[120.132,120.132,100],"t":53,"i":{"x":[1,1,1],"y":[1,1,1]},"o":{"x":[0,0,0],"y":[0,0,0]}},{"s":[111.817,111.817,100],"t":54,"i":{"x":[1,1,1],"y":[1,1,1]},"o":{"x":[0,0,0],"y":[0,0,0]}},{"s":[106.068,106.068,100],"t":55,"i":{"x":[1,1,1],"y":[1,1,1]},"o":{"x":[0,0,0],"y":[0,0,0]}},{"s":[102.872,102.872,100],"t":56,"i":{"x":[1,1,1],"y":[1,1,1]},"o":{"x":[0,0,0],"y":[0,0,0]}},{"s":[101.281,101.281,100],"t":57,"i":{"x":[1,1,1],"y":[1,1,1]},"o":{"x":[0,0,0],"y":[0,0,0]}},{"s":[100.544,100.544,100],"t":58,"i":{"x":[1,1,1],"y":[1,1,1]},"o":{"x":[0,0,0],"y":[0,0,0]}},{"s":[100.221,100.221,100],"t":59,"i":{"x":[1,1,1],"y":[1,1,1]},"o":{"x":[0,0,0],"y":[0,0,0]}},{"s":[100.086,100.086,100],"t":60,"i":{"x":[1,1,1],"y":[1,1,1]},"o":{"x":[0,0,0],"y":[0,0,0]}},{"s":[100,100,100],"t":80,"i":{"x":[1,1,1],"y":[1,1,1]},"o":{"x":[0,0,0],"y":[0,0,0]}},{"s":[59.943,59.943,100],"t":82,"i":{"x":[1,1,1],"y":[1,1,1]},"o":{"x":[0,0,0],"y":[0,0,0]}},{"s":[49.794,49.794,100],"t":83,"i":{"x":[1,1,1],"y":[1,1,1]},"o":{"x":[0,0,0],"y":[0,0,0]}},{"s":[51.879,51.879,100],"t":84,"i":{"x":[1,1,1],"y":[1,1,1]},"o":{"x":[0,0,0],"y":[0,0,0]}},{"s":[55.209,55.209,100],"t":85,"i":{"x":[1,1,1],"y":[1,1,1]},"o":{"x":[0,0,0],"y":[0,0,0]}},{"s":[57.512,57.512,100],"t":86,"i":{"x":[1,1,1],"y":[1,1,1]},"o":{"x":[0,0,0],"y":[0,0,0]}},{"s":[58.793,58.793,100],"t":87,"i":{"x":[1,1,1],"y":[1,1,1]},"o":{"x":[0,0,0],"y":[0,0,0]}},{"s":[59.43,59.43,100],"t":88,"i":{"x":[1,1,1],"y":[1,1,1]},"o":{"x":[0,0,0],"y":[0,0,0]}},{"s":[59.725,59.725,100],"t":89,"i":{"x":[1,1,1],"y":[1,1,1]},"o":{"x":[0,0,0],"y":[0,0,0]}},{"s":[59.855,59.855,100],"t":90,"i":{"x":[1,1,1],"y":[1,1,1]},"o":{"x":[0,0,0],"y":[0,0,0]}},{"s":[59.909,59.909,100],"t":91,"i":{"x":[1,1,1],"y":[1,1,1]},"o":{"x":[0,0,0],"y":[0,0,0]}}],"l":2}},"ao":0,"ip":0,"op":150.000006109625,"st":0,"bm":0},{"ddd":0,"ind":2,"ty":2,"nm":"Layer 3","refId":"image_1","sr":1,"ks":{"o":{"a":0,"k":100,"ix":11},"r":{"a":0,"k":0,"ix":10},"p":{"a":0,"k":[1004.498,411.023,0],"ix":2,"l":2},"a":{"a":0,"k":[66.49,81.216,0],"ix":1,"l":2},"s":{"k":[{"s":[0,0,100],"t":33,"i":{"x":[1,1,1],"y":[1,1,1]},"o":{"x":[0,0,0],"y":[0,0,0]}},{"s":[100,100,100],"t":35,"i":{"x":[1,1,1],"y":[1,1,1]},"o":{"x":[0,0,0],"y":[0,0,0]}},{"s":[125.336,125.336,100],"t":36,"i":{"x":[1,1,1],"y":[1,1,1]},"o":{"x":[0,0,0],"y":[0,0,0]}},{"s":[120.132,120.132,100],"t":37,"i":{"x":[1,1,1],"y":[1,1,1]},"o":{"x":[0,0,0],"y":[0,0,0]}},{"s":[111.817,111.817,100],"t":38,"i":{"x":[1,1,1],"y":[1,1,1]},"o":{"x":[0,0,0],"y":[0,0,0]}},{"s":[106.068,106.068,100],"t":39,"i":{"x":[1,1,1],"y":[1,1,1]},"o":{"x":[0,0,0],"y":[0,0,0]}},{"s":[102.872,102.872,100],"t":40,"i":{"x":[1,1,1],"y":[1,1,1]},"o":{"x":[0,0,0],"y":[0,0,0]}},{"s":[101.281,101.281,100],"t":41,"i":{"x":[1,1,1],"y":[1,1,1]},"o":{"x":[0,0,0],"y":[0,0,0]}},{"s":[100.544,100.544,100],"t":42,"i":{"x":[1,1,1],"y":[1,1,1]},"o":{"x":[0,0,0],"y":[0,0,0]}},{"s":[100.221,100.221,100],"t":43,"i":{"x":[1,1,1],"y":[1,1,1]},"o":{"x":[0,0,0],"y":[0,0,0]}},{"s":[100.086,100.086,100],"t":44,"i":{"x":[1,1,1],"y":[1,1,1]},"o":{"x":[0,0,0],"y":[0,0,0]}}],"l":2}},"ao":0,"ip":0,"op":150.000006109625,"st":0,"bm":0},{"ddd":0,"ind":3,"ty":2,"nm":"Layer 4","refId":"image_2","sr":1,"ks":{"o":{"a":0,"k":100,"ix":11},"r":{"a":0,"k":0,"ix":10},"p":{"a":0,"k":[823.902,414.419,0],"ix":2,"l":2},"a":{"a":0,"k":[13.434,211.434,0],"ix":1,"l":2},"s":{"k":[{"s":[0,0,100],"t":24,"i":{"x":[1,1,1],"y":[1,1,1]},"o":{"x":[0,0,0],"y":[0,0,0]}},{"s":[100,100,100],"t":26,"i":{"x":[1,1,1],"y":[1,1,1]},"o":{"x":[0,0,0],"y":[0,0,0]}},{"s":[125.336,125.336,100],"t":27,"i":{"x":[1,1,1],"y":[1,1,1]},"o":{"x":[0,0,0],"y":[0,0,0]}},{"s":[120.132,120.132,100],"t":28,"i":{"x":[1,1,1],"y":[1,1,1]},"o":{"x":[0,0,0],"y":[0,0,0]}},{"s":[111.817,111.817,100],"t":29,"i":{"x":[1,1,1],"y":[1,1,1]},"o":{"x":[0,0,0],"y":[0,0,0]}},{"s":[106.068,106.068,100],"t":30,"i":{"x":[1,1,1],"y":[1,1,1]},"o":{"x":[0,0,0],"y":[0,0,0]}},{"s":[102.872,102.872,100],"t":31,"i":{"x":[1,1,1],"y":[1,1,1]},"o":{"x":[0,0,0],"y":[0,0,0]}},{"s":[101.281,101.281,100],"t":32,"i":{"x":[1,1,1],"y":[1,1,1]},"o":{"x":[0,0,0],"y":[0,0,0]}},{"s":[100.544,100.544,100],"t":33,"i":{"x":[1,1,1],"y":[1,1,1]},"o":{"x":[0,0,0],"y":[0,0,0]}},{"s":[100.221,100.221,100],"t":34,"i":{"x":[1,1,1],"y":[1,1,1]},"o":{"x":[0,0,0],"y":[0,0,0]}},{"s":[100.086,100.086,100],"t":35,"i":{"x":[1,1,1],"y":[1,1,1]},"o":{"x":[0,0,0],"y":[0,0,0]}}],"l":2}},"ao":0,"ip":0,"op":150.000006109625,"st":0,"bm":0},{"ddd":0,"ind":4,"ty":2,"nm":"Layer 5","refId":"image_3","sr":1,"ks":{"o":{"a":0,"k":100,"ix":11},"r":{"a":0,"k":0,"ix":10},"p":{"a":0,"k":[825.468,414.977,0],"ix":2,"l":2},"a":{"a":0,"k":[19.709,19.708,0],"ix":1,"l":2},"s":{"k":[{"s":[0,0,100],"t":17,"i":{"x":[1,1,1],"y":[1,1,1]},"o":{"x":[0,0,0],"y":[0,0,0]}},{"s":[100,100,100],"t":19,"i":{"x":[1,1,1],"y":[1,1,1]},"o":{"x":[0,0,0],"y":[0,0,0]}},{"s":[125.336,125.336,100],"t":20,"i":{"x":[1,1,1],"y":[1,1,1]},"o":{"x":[0,0,0],"y":[0,0,0]}},{"s":[120.132,120.132,100],"t":21,"i":{"x":[1,1,1],"y":[1,1,1]},"o":{"x":[0,0,0],"y":[0,0,0]}},{"s":[111.817,111.817,100],"t":22,"i":{"x":[1,1,1],"y":[1,1,1]},"o":{"x":[0,0,0],"y":[0,0,0]}},{"s":[106.068,106.068,100],"t":23,"i":{"x":[1,1,1],"y":[1,1,1]},"o":{"x":[0,0,0],"y":[0,0,0]}},{"s":[102.872,102.872,100],"t":24,"i":{"x":[1,1,1],"y":[1,1,1]},"o":{"x":[0,0,0],"y":[0,0,0]}},{"s":[101.281,101.281,100],"t":25,"i":{"x":[1,1,1],"y":[1,1,1]},"o":{"x":[0,0,0],"y":[0,0,0]}},{"s":[100.544,100.544,100],"t":26,"i":{"x":[1,1,1],"y":[1,1,1]},"o":{"x":[0,0,0],"y":[0,0,0]}},{"s":[100.221,100.221,100],"t":27,"i":{"x":[1,1,1],"y":[1,1,1]},"o":{"x":[0,0,0],"y":[0,0,0]}},{"s":[100.086,100.086,100],"t":28,"i":{"x":[1,1,1],"y":[1,1,1]},"o":{"x":[0,0,0],"y":[0,0,0]}}],"l":2}},"ao":0,"ip":0,"op":150.000006109625,"st":0,"bm":0},{"ddd":0,"ind":5,"ty":2,"nm":"Layer 6","refId":"image_4","sr":1,"ks":{"o":{"a":0,"k":100,"ix":11},"r":{"a":1,"k":[{"i":{"x":[0.833],"y":[0.833]},"o":{"x":[0.167],"y":[0.167]},"t":4,"s":[0]},{"i":{"x":[0.833],"y":[0.833]},"o":{"x":[0.167],"y":[0.167]},"t":6,"s":[8.345]},{"i":{"x":[0.833],"y":[0.833]},"o":{"x":[0.167],"y":[0.167]},"t":8,"s":[-0.986]},{"t":10.0000004073083,"s":[0]}],"ix":10},"p":{"a":0,"k":[494.522,586.829,0],"ix":2,"l":2},"a":{"a":0,"k":[182.434,182.435,0],"ix":1,"l":2},"s":{"k":[{"s":[0,0,100],"t":0,"i":{"x":[1,1,1],"y":[1,1,1]},"o":{"x":[0,0,0],"y":[0,0,0]}},{"s":[100,100,100],"t":2,"i":{"x":[1,1,1],"y":[1,1,1]},"o":{"x":[0,0,0],"y":[0,0,0]}},{"s":[125.336,125.336,100],"t":3,"i":{"x":[1,1,1],"y":[1,1,1]},"o":{"x":[0,0,0],"y":[0,0,0]}},{"s":[120.132,120.132,100],"t":4,"i":{"x":[1,1,1],"y":[1,1,1]},"o":{"x":[0,0,0],"y":[0,0,0]}},{"s":[111.817,111.817,100],"t":5,"i":{"x":[1,1,1],"y":[1,1,1]},"o":{"x":[0,0,0],"y":[0,0,0]}},{"s":[106.068,106.068,100],"t":6,"i":{"x":[1,1,1],"y":[1,1,1]},"o":{"x":[0,0,0],"y":[0,0,0]}},{"s":[102.872,102.872,100],"t":7,"i":{"x":[1,1,1],"y":[1,1,1]},"o":{"x":[0,0,0],"y":[0,0,0]}},{"s":[101.281,101.281,100],"t":8,"i":{"x":[1,1,1],"y":[1,1,1]},"o":{"x":[0,0,0],"y":[0,0,0]}},{"s":[100.544,100.544,100],"t":9,"i":{"x":[1,1,1],"y":[1,1,1]},"o":{"x":[0,0,0],"y":[0,0,0]}},{"s":[100.221,100.221,100],"t":10,"i":{"x":[1,1,1],"y":[1,1,1]},"o":{"x":[0,0,0],"y":[0,0,0]}},{"s":[100.086,100.086,100],"t":11,"i":{"x":[1,1,1],"y":[1,1,1]},"o":{"x":[0,0,0],"y":[0,0,0]}}],"l":2}},"ao":0,"ip":0,"op":150.000006109625,"st":0,"bm":0},{"ddd":0,"ind":6,"ty":2,"nm":"Layer 7","refId":"image_5","sr":1,"ks":{"o":{"a":0,"k":100,"ix":11},"r":{"a":0,"k":0,"ix":10},"p":{"a":0,"k":[540.086,540.488,0],"ix":2,"l":2},"a":{"a":0,"k":[-1.617,126.512,0],"ix":1,"l":2},"s":{"a":1,"k":[{"i":{"x":[0.833,0.833,0.833],"y":[0.833,0.833,0.833]},"o":{"x":[0.167,0.167,0.167],"y":[0.167,0.167,0.167]},"t":14,"s":[0,0,100]},{"t":16.0000006516934,"s":[100,100,100]}],"ix":6,"l":2}},"ao":0,"ip":0,"op":150.000006109625,"st":0,"bm":0}],"markers":[]}