{"v":"5.9.1","fr":29.9700012207031,"ip":0,"op":900.000036657751,"w":1920,"h":1080,"nm":"Call","ddd":0,"assets":[{"id":"image_0","w":4,"h":56,"u":"images/","p":"img_0.png","e":0},{"id":"image_1","w":97,"h":104,"u":"images/","p":"img_1.png","e":0},{"id":"image_2","w":15,"h":352,"u":"images/","p":"img_2.png","e":0},{"id":"image_3","w":70,"h":13,"u":"images/","p":"img_3.png","e":0},{"id":"image_4","w":345,"h":59,"u":"images/","p":"img_4.png","e":0},{"id":"image_5","w":123,"h":144,"u":"images/","p":"img_5.png","e":0},{"id":"image_6","w":79,"h":64,"u":"images/","p":"img_6.png","e":0},{"id":"image_7","w":107,"h":75,"u":"images/","p":"img_7.png","e":0},{"id":"image_8","w":105,"h":117,"u":"images/","p":"img_8.png","e":0},{"id":"image_9","w":121,"h":71,"u":"images/","p":"img_9.png","e":0},{"id":"image_10","w":128,"h":151,"u":"images/","p":"img_10.png","e":0},{"id":"image_11","w":514,"h":273,"u":"images/","p":"img_11.png","e":0},{"id":"image_12","w":949,"h":82,"u":"images/","p":"img_12.png","e":0},{"id":"image_13","w":214,"h":68,"u":"images/","p":"img_13.png","e":0},{"id":"image_14","w":101,"h":71,"u":"images/","p":"img_14.png","e":0},{"id":"image_15","w":306,"h":131,"u":"images/","p":"img_15.png","e":0},{"id":"image_16","w":79,"h":41,"u":"images/","p":"img_16.png","e":0},{"id":"image_17","w":46,"h":28,"u":"images/","p":"img_17.png","e":0},{"id":"image_18","w":1920,"h":340,"u":"images/","p":"img_18.png","e":0}],"layers":[{"ddd":0,"ind":1,"ty":2,"nm":"Artboard 4.png","cl":"png","refId":"image_0","sr":1,"ks":{"o":{"a":0,"k":100,"ix":11},"r":{"a":0,"k":0,"ix":10},"p":{"a":0,"k":[1786.75,461.625,0],"ix":2,"l":2},"a":{"a":0,"k":[2,-0.25,0],"ix":1,"l":2},"s":{"k":[{"s":[100,0,100],"t":85.000003462121,"i":{"x":[1,1,1],"y":[1,1,1]},"o":{"x":[0,0,0],"y":[0,0,0]}},{"s":[100,100,100],"t":95.000003462121,"i":{"x":[1,1,1],"y":[1,1,1]},"o":{"x":[0,0,0],"y":[0,0,0]}},{"s":[100,108.534,100],"t":96.000003462121,"i":{"x":[1,1,1],"y":[1,1,1]},"o":{"x":[0,0,0],"y":[0,0,0]}},{"s":[100,108.737,100],"t":97.000003462121,"i":{"x":[1,1,1],"y":[1,1,1]},"o":{"x":[0,0,0],"y":[0,0,0]}},{"s":[100,103.941,100],"t":98.000003462121,"i":{"x":[1,1,1],"y":[1,1,1]},"o":{"x":[0,0,0],"y":[0,0,0]}},{"s":[100,98.912,100],"t":99.000003462121,"i":{"x":[1,1,1],"y":[1,1,1]},"o":{"x":[0,0,0],"y":[0,0,0]}},{"s":[100,96.576,100],"t":100.000003462121,"i":{"x":[1,1,1],"y":[1,1,1]},"o":{"x":[0,0,0],"y":[0,0,0]}},{"s":[100,97.132,100],"t":101.000003462121,"i":{"x":[1,1,1],"y":[1,1,1]},"o":{"x":[0,0,0],"y":[0,0,0]}},{"s":[100,99.072,100],"t":102.000003462121,"i":{"x":[1,1,1],"y":[1,1,1]},"o":{"x":[0,0,0],"y":[0,0,0]}},{"s":[100,100.731,100],"t":103.000003462121,"i":{"x":[1,1,1],"y":[1,1,1]},"o":{"x":[0,0,0],"y":[0,0,0]}},{"s":[100,101.293,100],"t":104.000003462121,"i":{"x":[1,1,1],"y":[1,1,1]},"o":{"x":[0,0,0],"y":[0,0,0]}},{"s":[100,100.895,100],"t":105.000003462121,"i":{"x":[1,1,1],"y":[1,1,1]},"o":{"x":[0,0,0],"y":[0,0,0]}},{"s":[100,100.158,100],"t":106.000003462121,"i":{"x":[1,1,1],"y":[1,1,1]},"o":{"x":[0,0,0],"y":[0,0,0]}},{"s":[100,99.637,100],"t":107.000003462121,"i":{"x":[1,1,1],"y":[1,1,1]},"o":{"x":[0,0,0],"y":[0,0,0]}},{"s":[100,99.536,100],"t":108.000003462121,"i":{"x":[1,1,1],"y":[1,1,1]},"o":{"x":[0,0,0],"y":[0,0,0]}},{"s":[100,99.738,100],"t":109.000003462121,"i":{"x":[1,1,1],"y":[1,1,1]},"o":{"x":[0,0,0],"y":[0,0,0]}},{"s":[100,100.003,100],"t":110.000003462121,"i":{"x":[1,1,1],"y":[1,1,1]},"o":{"x":[0,0,0],"y":[0,0,0]}},{"s":[100,100.157,100],"t":111.000003462121,"i":{"x":[1,1,1],"y":[1,1,1]},"o":{"x":[0,0,0],"y":[0,0,0]}},{"s":[100,100.071,100],"t":113.000003462121,"i":{"x":[1,1,1],"y":[1,1,1]},"o":{"x":[0,0,0],"y":[0,0,0]}},{"s":[100,99.979,100],"t":114.000003462121,"i":{"x":[1,1,1],"y":[1,1,1]},"o":{"x":[0,0,0],"y":[0,0,0]}}],"l":2}},"ao":0,"ip":85.000003462121,"op":985.000040119872,"st":85.000003462121,"bm":0},{"ddd":0,"ind":2,"ty":2,"nm":"Artboard 3_1.png","cl":"png","refId":"image_1","sr":1,"ks":{"o":{"a":0,"k":100,"ix":11},"r":{"k":[{"s":[20],"t":74.0000026067734,"i":{"x":[1],"y":[1]},"o":{"x":[0],"y":[0]}},{"s":[0],"t":78.0000026067734,"i":{"x":[1],"y":[1]},"o":{"x":[0],"y":[0]}},{"s":[-4.267],"t":79.0000026067734,"i":{"x":[1],"y":[1]},"o":{"x":[0],"y":[0]}},{"s":[-4.368],"t":80.0000026067734,"i":{"x":[1],"y":[1]},"o":{"x":[0],"y":[0]}},{"s":[-1.97],"t":81.0000026067734,"i":{"x":[1],"y":[1]},"o":{"x":[0],"y":[0]}},{"s":[0.544],"t":82.0000026067734,"i":{"x":[1],"y":[1]},"o":{"x":[0],"y":[0]}},{"s":[1.712],"t":83.0000026067734,"i":{"x":[1],"y":[1]},"o":{"x":[0],"y":[0]}},{"s":[1.434],"t":84.0000026067734,"i":{"x":[1],"y":[1]},"o":{"x":[0],"y":[0]}},{"s":[0.464],"t":85.0000026067734,"i":{"x":[1],"y":[1]},"o":{"x":[0],"y":[0]}},{"s":[-0.366],"t":86.0000026067734,"i":{"x":[1],"y":[1]},"o":{"x":[0],"y":[0]}},{"s":[-0.646],"t":87.0000026067734,"i":{"x":[1],"y":[1]},"o":{"x":[0],"y":[0]}},{"s":[-0.447],"t":88.0000026067734,"i":{"x":[1],"y":[1]},"o":{"x":[0],"y":[0]}},{"s":[-0.079],"t":89.0000026067734,"i":{"x":[1],"y":[1]},"o":{"x":[0],"y":[0]}},{"s":[0.181],"t":90.0000026067734,"i":{"x":[1],"y":[1]},"o":{"x":[0],"y":[0]}},{"s":[0.232],"t":91.0000026067734,"i":{"x":[1],"y":[1]},"o":{"x":[0],"y":[0]}},{"s":[0.131],"t":92.0000026067734,"i":{"x":[1],"y":[1]},"o":{"x":[0],"y":[0]}},{"s":[-0.002],"t":93.0000026067734,"i":{"x":[1],"y":[1]},"o":{"x":[0],"y":[0]}},{"s":[-0.079],"t":94.0000026067734,"i":{"x":[1],"y":[1]},"o":{"x":[0],"y":[0]}},{"s":[-0.08],"t":95.0000026067734,"i":{"x":[1],"y":[1]},"o":{"x":[0],"y":[0]}},{"s":[-0.035],"t":96.0000026067734,"i":{"x":[1],"y":[1]},"o":{"x":[0],"y":[0]}},{"s":[0.011],"t":97.0000026067734,"i":{"x":[1],"y":[1]},"o":{"x":[0],"y":[0]}},{"s":[0.031],"t":98.0000026067734,"i":{"x":[1],"y":[1]},"o":{"x":[0],"y":[0]}},{"s":[0.026],"t":99.0000026067734,"i":{"x":[1],"y":[1]},"o":{"x":[0],"y":[0]}},{"s":[0.008],"t":100.000002606773,"i":{"x":[1],"y":[1]},"o":{"x":[0],"y":[0]}},{"s":[-0.007],"t":101.000002606773,"i":{"x":[1],"y":[1]},"o":{"x":[0],"y":[0]}},{"s":[-0.012],"t":102.000002606773,"i":{"x":[1],"y":[1]},"o":{"x":[0],"y":[0]}},{"s":[-0.008],"t":103.000002606773,"i":{"x":[1],"y":[1]},"o":{"x":[0],"y":[0]}},{"s":[-0.001],"t":104.000002606773,"i":{"x":[1],"y":[1]},"o":{"x":[0],"y":[0]}},{"s":[0.003],"t":105.000002606773,"i":{"x":[1],"y":[1]},"o":{"x":[0],"y":[0]}},{"s":[0.004],"t":106.000002606773,"i":{"x":[1],"y":[1]},"o":{"x":[0],"y":[0]}},{"s":[0.002],"t":107.000002606773,"i":{"x":[1],"y":[1]},"o":{"x":[0],"y":[0]}},{"s":[0],"t":108.000002606773,"i":{"x":[1],"y":[1]},"o":{"x":[0],"y":[0]}}]},"p":{"k":[{"s":[1802,-86,0],"t":64.0000026067734,"i":{"x":1,"y":1},"o":{"x":0,"y":0}},{"s":[1802,422,0],"t":74.0000026067734,"i":{"x":1,"y":1},"o":{"x":0,"y":0}},{"s":[1802,410.876,0],"t":75.0000026067734,"i":{"x":1,"y":1},"o":{"x":0,"y":0}},{"s":[1802,403.092,0],"t":76.0000026067734,"i":{"x":1,"y":1},"o":{"x":0,"y":0}},{"s":[1802,398.648,0],"t":77.0000026067734,"i":{"x":1,"y":1},"o":{"x":0,"y":0}},{"s":[1802,397.544,0],"t":78.0000026067734,"i":{"x":1,"y":1},"o":{"x":0,"y":0}},{"s":[1802,399.781,0],"t":79.0000026067734,"i":{"x":1,"y":1},"o":{"x":0,"y":0}},{"s":[1802,405.357,0],"t":80.0000026067734,"i":{"x":1,"y":1},"o":{"x":0,"y":0}},{"s":[1802,414.273,0],"t":81.0000026067734,"i":{"x":1,"y":1},"o":{"x":0,"y":0}},{"s":[1802,421.108,0],"t":82.0000026067734,"i":{"x":1,"y":1},"o":{"x":0,"y":0}},{"s":[1802,420.711,0],"t":83.0000026067734,"i":{"x":1,"y":1},"o":{"x":0,"y":0}},{"s":[1802,421.961,0],"t":84.0000026067734,"i":{"x":1,"y":1},"o":{"x":0,"y":0}}],"l":2},"a":{"a":0,"k":[48.5,52,0],"ix":1,"l":2},"s":{"a":0,"k":[100,100,100],"ix":6,"l":2}},"ao":0,"ip":64.0000026067734,"op":964.000039264525,"st":64.0000026067734,"bm":0},{"ddd":0,"ind":3,"ty":2,"nm":"Artboard 5.png","cl":"png","refId":"image_2","sr":1,"ks":{"o":{"a":0,"k":100,"ix":11},"r":{"a":0,"k":0,"ix":10},"p":{"a":0,"k":[1806,767,0],"ix":2,"l":2},"a":{"a":0,"k":[7.5,351,0],"ix":1,"l":2},"s":{"k":[{"s":[100,0,100],"t":56.0000022809268,"i":{"x":[1,1,1],"y":[1,1,1]},"o":{"x":[0,0,0],"y":[0,0,0]}},{"s":[100,100,100],"t":66.0000022809268,"i":{"x":[1,1,1],"y":[1,1,1]},"o":{"x":[0,0,0],"y":[0,0,0]}},{"s":[100,108.534,100],"t":67.0000022809268,"i":{"x":[1,1,1],"y":[1,1,1]},"o":{"x":[0,0,0],"y":[0,0,0]}},{"s":[100,108.737,100],"t":68.0000022809268,"i":{"x":[1,1,1],"y":[1,1,1]},"o":{"x":[0,0,0],"y":[0,0,0]}},{"s":[100,103.941,100],"t":69.0000022809268,"i":{"x":[1,1,1],"y":[1,1,1]},"o":{"x":[0,0,0],"y":[0,0,0]}},{"s":[100,98.912,100],"t":70.0000022809268,"i":{"x":[1,1,1],"y":[1,1,1]},"o":{"x":[0,0,0],"y":[0,0,0]}},{"s":[100,96.576,100],"t":71.0000022809268,"i":{"x":[1,1,1],"y":[1,1,1]},"o":{"x":[0,0,0],"y":[0,0,0]}},{"s":[100,97.132,100],"t":72.0000022809268,"i":{"x":[1,1,1],"y":[1,1,1]},"o":{"x":[0,0,0],"y":[0,0,0]}},{"s":[100,99.072,100],"t":73.0000022809268,"i":{"x":[1,1,1],"y":[1,1,1]},"o":{"x":[0,0,0],"y":[0,0,0]}},{"s":[100,100.731,100],"t":74.0000022809268,"i":{"x":[1,1,1],"y":[1,1,1]},"o":{"x":[0,0,0],"y":[0,0,0]}},{"s":[100,101.293,100],"t":75.0000022809268,"i":{"x":[1,1,1],"y":[1,1,1]},"o":{"x":[0,0,0],"y":[0,0,0]}},{"s":[100,100.895,100],"t":76.0000022809268,"i":{"x":[1,1,1],"y":[1,1,1]},"o":{"x":[0,0,0],"y":[0,0,0]}},{"s":[100,100.158,100],"t":77.0000022809268,"i":{"x":[1,1,1],"y":[1,1,1]},"o":{"x":[0,0,0],"y":[0,0,0]}},{"s":[100,99.637,100],"t":78.0000022809268,"i":{"x":[1,1,1],"y":[1,1,1]},"o":{"x":[0,0,0],"y":[0,0,0]}},{"s":[100,99.536,100],"t":79.0000022809268,"i":{"x":[1,1,1],"y":[1,1,1]},"o":{"x":[0,0,0],"y":[0,0,0]}},{"s":[100,99.738,100],"t":80.0000022809268,"i":{"x":[1,1,1],"y":[1,1,1]},"o":{"x":[0,0,0],"y":[0,0,0]}},{"s":[100,100.003,100],"t":81.0000022809268,"i":{"x":[1,1,1],"y":[1,1,1]},"o":{"x":[0,0,0],"y":[0,0,0]}},{"s":[100,100.157,100],"t":82.0000022809268,"i":{"x":[1,1,1],"y":[1,1,1]},"o":{"x":[0,0,0],"y":[0,0,0]}},{"s":[100,100.071,100],"t":84.0000022809268,"i":{"x":[1,1,1],"y":[1,1,1]},"o":{"x":[0,0,0],"y":[0,0,0]}},{"s":[100,99.979,100],"t":85.0000022809268,"i":{"x":[1,1,1],"y":[1,1,1]},"o":{"x":[0,0,0],"y":[0,0,0]}}],"l":2}},"ao":0,"ip":56.0000022809268,"op":956.000038938678,"st":56.0000022809268,"bm":0},{"ddd":0,"ind":4,"ty":2,"nm":"Artboard 6.png","cl":"png","refId":"image_3","sr":1,"ks":{"o":{"a":0,"k":100,"ix":11},"r":{"a":0,"k":0,"ix":10},"p":{"a":0,"k":[1807.5,779.125,0],"ix":2,"l":2},"a":{"a":0,"k":[35,13.125,0],"ix":1,"l":2},"s":{"a":1,"k":[{"i":{"x":[0.667,0.667,0.667],"y":[1,1,1]},"o":{"x":[0.167,0.167,0.167],"y":[0,0.167,0]},"t":47,"s":[100,0,100]},{"t":57.0000023216576,"s":[100,100,100]}],"ix":6,"l":2}},"ao":0,"ip":47.0000019143492,"op":947.000038572101,"st":47.0000019143492,"bm":0},{"ddd":0,"ind":5,"ty":2,"nm":"Artboard 2.png","cl":"png","parent":13,"refId":"image_4","sr":1,"ks":{"o":{"a":0,"k":100,"ix":11},"r":{"a":0,"k":0,"ix":10},"p":{"a":0,"k":[211.5,188.5,0],"ix":2,"l":2},"a":{"a":0,"k":[172.5,29.5,0],"ix":1,"l":2},"s":{"a":0,"k":[100,100,100],"ix":6,"l":2}},"ao":0,"ip":29.0000011811942,"op":929.000037838946,"st":29.0000011811942,"bm":0},{"ddd":0,"ind":7,"ty":2,"nm":"Artboard 3_3.png","cl":"png","refId":"image_5","sr":1,"ks":{"o":{"a":0,"k":100,"ix":11},"r":{"k":[{"s":[20],"t":95.0000036250443,"i":{"x":[1],"y":[1]},"o":{"x":[0],"y":[0]}},{"s":[0],"t":103.000003625044,"i":{"x":[1],"y":[1]},"o":{"x":[0],"y":[0]}},{"s":[-2.853],"t":104.000003625044,"i":{"x":[1],"y":[1]},"o":{"x":[0],"y":[0]}},{"s":[-0.45],"t":105.000003625044,"i":{"x":[1],"y":[1]},"o":{"x":[0],"y":[0]}},{"s":[1.602],"t":106.000003625044,"i":{"x":[1],"y":[1]},"o":{"x":[0],"y":[0]}},{"s":[0.517],"t":107.000003625044,"i":{"x":[1],"y":[1]},"o":{"x":[0],"y":[0]}},{"s":[-0.858],"t":108.000003625044,"i":{"x":[1],"y":[1]},"o":{"x":[0],"y":[0]}},{"s":[-0.438],"t":109.000003625044,"i":{"x":[1],"y":[1]},"o":{"x":[0],"y":[0]}},{"s":[0.434],"t":110.000003625044,"i":{"x":[1],"y":[1]},"o":{"x":[0],"y":[0]}},{"s":[0.326],"t":111.000003625044,"i":{"x":[1],"y":[1]},"o":{"x":[0],"y":[0]}},{"s":[-0.203],"t":112.000003625044,"i":{"x":[1],"y":[1]},"o":{"x":[0],"y":[0]}},{"s":[-0.223],"t":113.000003625044,"i":{"x":[1],"y":[1]},"o":{"x":[0],"y":[0]}},{"s":[0.084],"t":114.000003625044,"i":{"x":[1],"y":[1]},"o":{"x":[0],"y":[0]}},{"s":[0.144],"t":115.000003625044,"i":{"x":[1],"y":[1]},"o":{"x":[0],"y":[0]}},{"s":[-0.026],"t":116.000003625044,"i":{"x":[1],"y":[1]},"o":{"x":[0],"y":[0]}},{"s":[-0.089],"t":117.000003625044,"i":{"x":[1],"y":[1]},"o":{"x":[0],"y":[0]}},{"s":[0.002],"t":118.000003625044,"i":{"x":[1],"y":[1]},"o":{"x":[0],"y":[0]}},{"s":[0.052],"t":119.000003625044,"i":{"x":[1],"y":[1]},"o":{"x":[0],"y":[0]}},{"s":[0.007],"t":120.000003625044,"i":{"x":[1],"y":[1]},"o":{"x":[0],"y":[0]}},{"s":[-0.029],"t":121.000003625044,"i":{"x":[1],"y":[1]},"o":{"x":[0],"y":[0]}},{"s":[-0.009],"t":122.000003625044,"i":{"x":[1],"y":[1]},"o":{"x":[0],"y":[0]}},{"s":[0.016],"t":123.000003625044,"i":{"x":[1],"y":[1]},"o":{"x":[0],"y":[0]}},{"s":[0.008],"t":124.000003625044,"i":{"x":[1],"y":[1]},"o":{"x":[0],"y":[0]}},{"s":[-0.008],"t":125.000003625044,"i":{"x":[1],"y":[1]},"o":{"x":[0],"y":[0]}},{"s":[-0.006],"t":126.000003625044,"i":{"x":[1],"y":[1]},"o":{"x":[0],"y":[0]}},{"s":[0.004],"t":127.000003625044,"i":{"x":[1],"y":[1]},"o":{"x":[0],"y":[0]}},{"s":[0.004],"t":128.000003625044,"i":{"x":[1],"y":[1]},"o":{"x":[0],"y":[0]}},{"s":[-0.002],"t":129.000003625044,"i":{"x":[1],"y":[1]},"o":{"x":[0],"y":[0]}},{"s":[-0.003],"t":130.000003625044,"i":{"x":[1],"y":[1]},"o":{"x":[0],"y":[0]}},{"s":[0.001],"t":131.000003625044,"i":{"x":[1],"y":[1]},"o":{"x":[0],"y":[0]}},{"s":[0.002],"t":132.000003625044,"i":{"x":[1],"y":[1]},"o":{"x":[0],"y":[0]}},{"s":[0],"t":133.000003625044,"i":{"x":[1],"y":[1]},"o":{"x":[0],"y":[0]}}]},"p":{"a":0,"k":[1788,201,0],"ix":2,"l":2},"a":{"a":0,"k":[61.5,1,0],"ix":1,"l":2},"s":{"a":1,"k":[{"i":{"x":[0.833,0.833,0.833],"y":[0.833,0.833,0.833]},"o":{"x":[0.167,0.167,0.167],"y":[0.167,0.167,0.167]},"t":89,"s":[0,0,100]},{"t":99.0000040323527,"s":[100,100,100]}],"ix":6,"l":2}},"ao":0,"ip":89.0000036250443,"op":989.000040282796,"st":89.0000036250443,"bm":0},{"ddd":0,"ind":8,"ty":2,"nm":"Artboard 4_1.png","cl":"png","refId":"image_6","sr":1,"ks":{"o":{"a":0,"k":100,"ix":11},"r":{"k":[{"s":[-20],"t":88.0000033399285,"i":{"x":[1],"y":[1]},"o":{"x":[0],"y":[0]}},{"s":[0],"t":96.0000033399285,"i":{"x":[1],"y":[1]},"o":{"x":[0],"y":[0]}},{"s":[2.853],"t":97.0000033399285,"i":{"x":[1],"y":[1]},"o":{"x":[0],"y":[0]}},{"s":[0.45],"t":98.0000033399285,"i":{"x":[1],"y":[1]},"o":{"x":[0],"y":[0]}},{"s":[-1.602],"t":99.0000033399285,"i":{"x":[1],"y":[1]},"o":{"x":[0],"y":[0]}},{"s":[-0.517],"t":100.000003339928,"i":{"x":[1],"y":[1]},"o":{"x":[0],"y":[0]}},{"s":[0.858],"t":101.000003339928,"i":{"x":[1],"y":[1]},"o":{"x":[0],"y":[0]}},{"s":[0.438],"t":102.000003339928,"i":{"x":[1],"y":[1]},"o":{"x":[0],"y":[0]}},{"s":[-0.434],"t":103.000003339928,"i":{"x":[1],"y":[1]},"o":{"x":[0],"y":[0]}},{"s":[-0.326],"t":104.000003339928,"i":{"x":[1],"y":[1]},"o":{"x":[0],"y":[0]}},{"s":[0.203],"t":105.000003339928,"i":{"x":[1],"y":[1]},"o":{"x":[0],"y":[0]}},{"s":[0.223],"t":106.000003339928,"i":{"x":[1],"y":[1]},"o":{"x":[0],"y":[0]}},{"s":[-0.084],"t":107.000003339928,"i":{"x":[1],"y":[1]},"o":{"x":[0],"y":[0]}},{"s":[-0.144],"t":108.000003339928,"i":{"x":[1],"y":[1]},"o":{"x":[0],"y":[0]}},{"s":[0.026],"t":109.000003339928,"i":{"x":[1],"y":[1]},"o":{"x":[0],"y":[0]}},{"s":[0.089],"t":110.000003339928,"i":{"x":[1],"y":[1]},"o":{"x":[0],"y":[0]}},{"s":[-0.002],"t":111.000003339928,"i":{"x":[1],"y":[1]},"o":{"x":[0],"y":[0]}},{"s":[-0.052],"t":112.000003339928,"i":{"x":[1],"y":[1]},"o":{"x":[0],"y":[0]}},{"s":[-0.007],"t":113.000003339928,"i":{"x":[1],"y":[1]},"o":{"x":[0],"y":[0]}},{"s":[0.029],"t":114.000003339928,"i":{"x":[1],"y":[1]},"o":{"x":[0],"y":[0]}},{"s":[0.009],"t":115.000003339928,"i":{"x":[1],"y":[1]},"o":{"x":[0],"y":[0]}},{"s":[-0.016],"t":116.000003339928,"i":{"x":[1],"y":[1]},"o":{"x":[0],"y":[0]}},{"s":[-0.008],"t":117.000003339928,"i":{"x":[1],"y":[1]},"o":{"x":[0],"y":[0]}},{"s":[0.008],"t":118.000003339928,"i":{"x":[1],"y":[1]},"o":{"x":[0],"y":[0]}},{"s":[0.006],"t":119.000003339928,"i":{"x":[1],"y":[1]},"o":{"x":[0],"y":[0]}},{"s":[-0.004],"t":120.000003339928,"i":{"x":[1],"y":[1]},"o":{"x":[0],"y":[0]}},{"s":[-0.004],"t":121.000003339928,"i":{"x":[1],"y":[1]},"o":{"x":[0],"y":[0]}},{"s":[0.002],"t":122.000003339928,"i":{"x":[1],"y":[1]},"o":{"x":[0],"y":[0]}},{"s":[0.003],"t":123.000003339928,"i":{"x":[1],"y":[1]},"o":{"x":[0],"y":[0]}},{"s":[-0.001],"t":124.000003339928,"i":{"x":[1],"y":[1]},"o":{"x":[0],"y":[0]}},{"s":[-0.002],"t":125.000003339928,"i":{"x":[1],"y":[1]},"o":{"x":[0],"y":[0]}},{"s":[0],"t":126.000003339928,"i":{"x":[1],"y":[1]},"o":{"x":[0],"y":[0]}}]},"p":{"a":0,"k":[1198,392,0],"ix":2,"l":2},"a":{"a":0,"k":[39.5,2,0],"ix":1,"l":2},"s":{"a":1,"k":[{"i":{"x":[0.833,0.833,0.833],"y":[0.833,0.833,0.833]},"o":{"x":[0.167,0.167,0.167],"y":[0.167,0.167,0.167]},"t":82,"s":[0,0,100]},{"t":92.0000037472368,"s":[100,100,100]}],"ix":6,"l":2}},"ao":0,"ip":82.0000033399285,"op":982.00003999768,"st":82.0000033399285,"bm":0},{"ddd":0,"ind":9,"ty":2,"nm":"Artboard 8.png","cl":"png","parent":13,"refId":"image_7","sr":1,"ks":{"o":{"a":0,"k":100,"ix":11},"r":{"k":[{"s":[8],"t":39.0000011811942,"i":{"x":[1],"y":[1]},"o":{"x":[0],"y":[0]}},{"s":[0],"t":43.0000011811942,"i":{"x":[1],"y":[1]},"o":{"x":[0],"y":[0]}},{"s":[-1.707],"t":44.0000011811942,"i":{"x":[1],"y":[1]},"o":{"x":[0],"y":[0]}},{"s":[-1.747],"t":45.0000011811942,"i":{"x":[1],"y":[1]},"o":{"x":[0],"y":[0]}},{"s":[-0.788],"t":46.0000011811942,"i":{"x":[1],"y":[1]},"o":{"x":[0],"y":[0]}},{"s":[0.218],"t":47.0000011811942,"i":{"x":[1],"y":[1]},"o":{"x":[0],"y":[0]}},{"s":[0.685],"t":48.0000011811942,"i":{"x":[1],"y":[1]},"o":{"x":[0],"y":[0]}},{"s":[0.574],"t":49.0000011811942,"i":{"x":[1],"y":[1]},"o":{"x":[0],"y":[0]}},{"s":[0.186],"t":50.0000011811942,"i":{"x":[1],"y":[1]},"o":{"x":[0],"y":[0]}},{"s":[-0.146],"t":51.0000011811942,"i":{"x":[1],"y":[1]},"o":{"x":[0],"y":[0]}},{"s":[-0.259],"t":52.0000011811942,"i":{"x":[1],"y":[1]},"o":{"x":[0],"y":[0]}},{"s":[-0.179],"t":53.0000011811942,"i":{"x":[1],"y":[1]},"o":{"x":[0],"y":[0]}},{"s":[-0.032],"t":54.0000011811942,"i":{"x":[1],"y":[1]},"o":{"x":[0],"y":[0]}},{"s":[0.073],"t":55.0000011811942,"i":{"x":[1],"y":[1]},"o":{"x":[0],"y":[0]}},{"s":[0.093],"t":56.0000011811942,"i":{"x":[1],"y":[1]},"o":{"x":[0],"y":[0]}},{"s":[0.052],"t":57.0000011811942,"i":{"x":[1],"y":[1]},"o":{"x":[0],"y":[0]}},{"s":[-0.001],"t":58.0000011811942,"i":{"x":[1],"y":[1]},"o":{"x":[0],"y":[0]}},{"s":[-0.031],"t":59.0000011811942,"i":{"x":[1],"y":[1]},"o":{"x":[0],"y":[0]}},{"s":[-0.032],"t":60.0000011811942,"i":{"x":[1],"y":[1]},"o":{"x":[0],"y":[0]}},{"s":[-0.014],"t":61.0000011811942,"i":{"x":[1],"y":[1]},"o":{"x":[0],"y":[0]}},{"s":[0.004],"t":62.0000011811942,"i":{"x":[1],"y":[1]},"o":{"x":[0],"y":[0]}},{"s":[0.013],"t":63.0000011811942,"i":{"x":[1],"y":[1]},"o":{"x":[0],"y":[0]}},{"s":[0.01],"t":64.0000011811942,"i":{"x":[1],"y":[1]},"o":{"x":[0],"y":[0]}},{"s":[0.003],"t":65.0000011811942,"i":{"x":[1],"y":[1]},"o":{"x":[0],"y":[0]}},{"s":[-0.003],"t":66.0000011811942,"i":{"x":[1],"y":[1]},"o":{"x":[0],"y":[0]}},{"s":[-0.005],"t":67.0000011811942,"i":{"x":[1],"y":[1]},"o":{"x":[0],"y":[0]}},{"s":[-0.003],"t":68.0000011811942,"i":{"x":[1],"y":[1]},"o":{"x":[0],"y":[0]}},{"s":[-0.001],"t":69.0000011811942,"i":{"x":[1],"y":[1]},"o":{"x":[0],"y":[0]}},{"s":[0.001],"t":70.0000011811942,"i":{"x":[1],"y":[1]},"o":{"x":[0],"y":[0]}},{"s":[0.002],"t":71.0000011811942,"i":{"x":[1],"y":[1]},"o":{"x":[0],"y":[0]}},{"s":[0.001],"t":72.0000011811942,"i":{"x":[1],"y":[1]},"o":{"x":[0],"y":[0]}},{"s":[0],"t":73.0000011811942,"i":{"x":[1],"y":[1]},"o":{"x":[0],"y":[0]}}]},"p":{"a":0,"k":[308,164.5,0],"ix":2,"l":2},"a":{"a":0,"k":[53.5,75.5,0],"ix":1,"l":2},"s":{"a":0,"k":[100,100,100],"ix":6,"l":2}},"ao":0,"ip":29.0000011811942,"op":929.000037838946,"st":29.0000011811942,"bm":0},{"ddd":0,"ind":10,"ty":2,"nm":"Artboard 5_2.png","cl":"png","refId":"image_8","sr":1,"ks":{"o":{"a":0,"k":100,"ix":11},"r":{"k":[{"s":[10],"t":102.00000391016,"i":{"x":[1],"y":[1]},"o":{"x":[0],"y":[0]}},{"s":[0],"t":110.00000391016,"i":{"x":[1],"y":[1]},"o":{"x":[0],"y":[0]}},{"s":[-1.427],"t":111.00000391016,"i":{"x":[1],"y":[1]},"o":{"x":[0],"y":[0]}},{"s":[-0.225],"t":112.00000391016,"i":{"x":[1],"y":[1]},"o":{"x":[0],"y":[0]}},{"s":[0.801],"t":113.00000391016,"i":{"x":[1],"y":[1]},"o":{"x":[0],"y":[0]}},{"s":[0.258],"t":114.00000391016,"i":{"x":[1],"y":[1]},"o":{"x":[0],"y":[0]}},{"s":[-0.429],"t":115.00000391016,"i":{"x":[1],"y":[1]},"o":{"x":[0],"y":[0]}},{"s":[-0.219],"t":116.00000391016,"i":{"x":[1],"y":[1]},"o":{"x":[0],"y":[0]}},{"s":[0.217],"t":117.00000391016,"i":{"x":[1],"y":[1]},"o":{"x":[0],"y":[0]}},{"s":[0.163],"t":118.00000391016,"i":{"x":[1],"y":[1]},"o":{"x":[0],"y":[0]}},{"s":[-0.101],"t":119.00000391016,"i":{"x":[1],"y":[1]},"o":{"x":[0],"y":[0]}},{"s":[-0.111],"t":120.00000391016,"i":{"x":[1],"y":[1]},"o":{"x":[0],"y":[0]}},{"s":[0.042],"t":121.00000391016,"i":{"x":[1],"y":[1]},"o":{"x":[0],"y":[0]}},{"s":[0.072],"t":122.00000391016,"i":{"x":[1],"y":[1]},"o":{"x":[0],"y":[0]}},{"s":[-0.013],"t":123.00000391016,"i":{"x":[1],"y":[1]},"o":{"x":[0],"y":[0]}},{"s":[-0.044],"t":124.00000391016,"i":{"x":[1],"y":[1]},"o":{"x":[0],"y":[0]}},{"s":[0.001],"t":125.00000391016,"i":{"x":[1],"y":[1]},"o":{"x":[0],"y":[0]}},{"s":[0.026],"t":126.00000391016,"i":{"x":[1],"y":[1]},"o":{"x":[0],"y":[0]}},{"s":[0.004],"t":127.00000391016,"i":{"x":[1],"y":[1]},"o":{"x":[0],"y":[0]}},{"s":[-0.015],"t":128.00000391016,"i":{"x":[1],"y":[1]},"o":{"x":[0],"y":[0]}},{"s":[-0.004],"t":129.00000391016,"i":{"x":[1],"y":[1]},"o":{"x":[0],"y":[0]}},{"s":[0.008],"t":130.00000391016,"i":{"x":[1],"y":[1]},"o":{"x":[0],"y":[0]}},{"s":[0.004],"t":131.00000391016,"i":{"x":[1],"y":[1]},"o":{"x":[0],"y":[0]}},{"s":[-0.004],"t":132.00000391016,"i":{"x":[1],"y":[1]},"o":{"x":[0],"y":[0]}},{"s":[-0.003],"t":133.00000391016,"i":{"x":[1],"y":[1]},"o":{"x":[0],"y":[0]}},{"s":[0.002],"t":134.00000391016,"i":{"x":[1],"y":[1]},"o":{"x":[0],"y":[0]}},{"s":[0.002],"t":135.00000391016,"i":{"x":[1],"y":[1]},"o":{"x":[0],"y":[0]}},{"s":[-0.001],"t":136.00000391016,"i":{"x":[1],"y":[1]},"o":{"x":[0],"y":[0]}},{"s":[-0.001],"t":137.00000391016,"i":{"x":[1],"y":[1]},"o":{"x":[0],"y":[0]}},{"s":[0],"t":138.00000391016,"i":{"x":[1],"y":[1]},"o":{"x":[0],"y":[0]}},{"s":[0.001],"t":139.00000391016,"i":{"x":[1],"y":[1]},"o":{"x":[0],"y":[0]}},{"s":[0],"t":140.00000391016,"i":{"x":[1],"y":[1]},"o":{"x":[0],"y":[0]}}]},"p":{"a":0,"k":[1186,268,0],"ix":2,"l":2},"a":{"a":0,"k":[52.5,0.5,0],"ix":1,"l":2},"s":{"a":1,"k":[{"i":{"x":[0.833,0.833,0.833],"y":[0.833,0.833,0.833]},"o":{"x":[0.167,0.167,0.167],"y":[0.167,0.167,0.167]},"t":96,"s":[0,0,100]},{"t":106.000004317469,"s":[100,100,100]}],"ix":6,"l":2}},"ao":0,"ip":96.0000039101602,"op":996.000040567912,"st":96.0000039101602,"bm":0},{"ddd":0,"ind":11,"ty":2,"nm":"Artboard 9.png","cl":"png","parent":13,"refId":"image_9","sr":1,"ks":{"o":{"a":0,"k":100,"ix":11},"r":{"k":[{"s":[8],"t":39.0000011811942,"i":{"x":[1],"y":[1]},"o":{"x":[0],"y":[0]}},{"s":[0],"t":43.0000011811942,"i":{"x":[1],"y":[1]},"o":{"x":[0],"y":[0]}},{"s":[-1.707],"t":44.0000011811942,"i":{"x":[1],"y":[1]},"o":{"x":[0],"y":[0]}},{"s":[-1.747],"t":45.0000011811942,"i":{"x":[1],"y":[1]},"o":{"x":[0],"y":[0]}},{"s":[-0.788],"t":46.0000011811942,"i":{"x":[1],"y":[1]},"o":{"x":[0],"y":[0]}},{"s":[0.218],"t":47.0000011811942,"i":{"x":[1],"y":[1]},"o":{"x":[0],"y":[0]}},{"s":[0.685],"t":48.0000011811942,"i":{"x":[1],"y":[1]},"o":{"x":[0],"y":[0]}},{"s":[0.574],"t":49.0000011811942,"i":{"x":[1],"y":[1]},"o":{"x":[0],"y":[0]}},{"s":[0.186],"t":50.0000011811942,"i":{"x":[1],"y":[1]},"o":{"x":[0],"y":[0]}},{"s":[-0.146],"t":51.0000011811942,"i":{"x":[1],"y":[1]},"o":{"x":[0],"y":[0]}},{"s":[-0.259],"t":52.0000011811942,"i":{"x":[1],"y":[1]},"o":{"x":[0],"y":[0]}},{"s":[-0.179],"t":53.0000011811942,"i":{"x":[1],"y":[1]},"o":{"x":[0],"y":[0]}},{"s":[-0.032],"t":54.0000011811942,"i":{"x":[1],"y":[1]},"o":{"x":[0],"y":[0]}},{"s":[0.073],"t":55.0000011811942,"i":{"x":[1],"y":[1]},"o":{"x":[0],"y":[0]}},{"s":[0.093],"t":56.0000011811942,"i":{"x":[1],"y":[1]},"o":{"x":[0],"y":[0]}},{"s":[0.052],"t":57.0000011811942,"i":{"x":[1],"y":[1]},"o":{"x":[0],"y":[0]}},{"s":[-0.001],"t":58.0000011811942,"i":{"x":[1],"y":[1]},"o":{"x":[0],"y":[0]}},{"s":[-0.031],"t":59.0000011811942,"i":{"x":[1],"y":[1]},"o":{"x":[0],"y":[0]}},{"s":[-0.032],"t":60.0000011811942,"i":{"x":[1],"y":[1]},"o":{"x":[0],"y":[0]}},{"s":[-0.014],"t":61.0000011811942,"i":{"x":[1],"y":[1]},"o":{"x":[0],"y":[0]}},{"s":[0.004],"t":62.0000011811942,"i":{"x":[1],"y":[1]},"o":{"x":[0],"y":[0]}},{"s":[0.013],"t":63.0000011811942,"i":{"x":[1],"y":[1]},"o":{"x":[0],"y":[0]}},{"s":[0.01],"t":64.0000011811942,"i":{"x":[1],"y":[1]},"o":{"x":[0],"y":[0]}},{"s":[0.003],"t":65.0000011811942,"i":{"x":[1],"y":[1]},"o":{"x":[0],"y":[0]}},{"s":[-0.003],"t":66.0000011811942,"i":{"x":[1],"y":[1]},"o":{"x":[0],"y":[0]}},{"s":[-0.005],"t":67.0000011811942,"i":{"x":[1],"y":[1]},"o":{"x":[0],"y":[0]}},{"s":[-0.003],"t":68.0000011811942,"i":{"x":[1],"y":[1]},"o":{"x":[0],"y":[0]}},{"s":[-0.001],"t":69.0000011811942,"i":{"x":[1],"y":[1]},"o":{"x":[0],"y":[0]}},{"s":[0.001],"t":70.0000011811942,"i":{"x":[1],"y":[1]},"o":{"x":[0],"y":[0]}},{"s":[0.002],"t":71.0000011811942,"i":{"x":[1],"y":[1]},"o":{"x":[0],"y":[0]}},{"s":[0.001],"t":72.0000011811942,"i":{"x":[1],"y":[1]},"o":{"x":[0],"y":[0]}},{"s":[0],"t":73.0000011811942,"i":{"x":[1],"y":[1]},"o":{"x":[0],"y":[0]}}]},"p":{"a":0,"k":[186,177.5,0],"ix":2,"l":2},"a":{"a":0,"k":[60.5,72.5,0],"ix":1,"l":2},"s":{"a":0,"k":[100,100,100],"ix":6,"l":2}},"ao":0,"ip":29.0000011811942,"op":929.000037838946,"st":29.0000011811942,"bm":0},{"ddd":0,"ind":12,"ty":2,"nm":"Artboard 6_1.png","cl":"png","refId":"image_10","sr":1,"ks":{"o":{"a":0,"k":100,"ix":11},"r":{"k":[{"s":[-15],"t":111.000004276738,"i":{"x":[1],"y":[1]},"o":{"x":[0],"y":[0]}},{"s":[0],"t":119.000004276738,"i":{"x":[1],"y":[1]},"o":{"x":[0],"y":[0]}},{"s":[2.14],"t":120.000004276738,"i":{"x":[1],"y":[1]},"o":{"x":[0],"y":[0]}},{"s":[0.338],"t":121.000004276738,"i":{"x":[1],"y":[1]},"o":{"x":[0],"y":[0]}},{"s":[-1.201],"t":122.000004276738,"i":{"x":[1],"y":[1]},"o":{"x":[0],"y":[0]}},{"s":[-0.388],"t":123.000004276738,"i":{"x":[1],"y":[1]},"o":{"x":[0],"y":[0]}},{"s":[0.643],"t":124.000004276738,"i":{"x":[1],"y":[1]},"o":{"x":[0],"y":[0]}},{"s":[0.329],"t":125.000004276738,"i":{"x":[1],"y":[1]},"o":{"x":[0],"y":[0]}},{"s":[-0.325],"t":126.000004276738,"i":{"x":[1],"y":[1]},"o":{"x":[0],"y":[0]}},{"s":[-0.244],"t":127.000004276738,"i":{"x":[1],"y":[1]},"o":{"x":[0],"y":[0]}},{"s":[0.152],"t":128.000004276738,"i":{"x":[1],"y":[1]},"o":{"x":[0],"y":[0]}},{"s":[0.167],"t":129.000004276738,"i":{"x":[1],"y":[1]},"o":{"x":[0],"y":[0]}},{"s":[-0.063],"t":130.000004276738,"i":{"x":[1],"y":[1]},"o":{"x":[0],"y":[0]}},{"s":[-0.108],"t":131.000004276738,"i":{"x":[1],"y":[1]},"o":{"x":[0],"y":[0]}},{"s":[0.02],"t":132.000004276738,"i":{"x":[1],"y":[1]},"o":{"x":[0],"y":[0]}},{"s":[0.066],"t":133.000004276738,"i":{"x":[1],"y":[1]},"o":{"x":[0],"y":[0]}},{"s":[-0.001],"t":134.000004276738,"i":{"x":[1],"y":[1]},"o":{"x":[0],"y":[0]}},{"s":[-0.039],"t":135.000004276738,"i":{"x":[1],"y":[1]},"o":{"x":[0],"y":[0]}},{"s":[-0.006],"t":136.000004276738,"i":{"x":[1],"y":[1]},"o":{"x":[0],"y":[0]}},{"s":[0.022],"t":137.000004276738,"i":{"x":[1],"y":[1]},"o":{"x":[0],"y":[0]}},{"s":[0.007],"t":138.000004276738,"i":{"x":[1],"y":[1]},"o":{"x":[0],"y":[0]}},{"s":[-0.012],"t":139.000004276738,"i":{"x":[1],"y":[1]},"o":{"x":[0],"y":[0]}},{"s":[-0.006],"t":140.000004276738,"i":{"x":[1],"y":[1]},"o":{"x":[0],"y":[0]}},{"s":[0.006],"t":141.000004276738,"i":{"x":[1],"y":[1]},"o":{"x":[0],"y":[0]}},{"s":[0.004],"t":142.000004276738,"i":{"x":[1],"y":[1]},"o":{"x":[0],"y":[0]}},{"s":[-0.003],"t":143.000004276738,"i":{"x":[1],"y":[1]},"o":{"x":[0],"y":[0]}},{"s":[-0.003],"t":144.000004276738,"i":{"x":[1],"y":[1]},"o":{"x":[0],"y":[0]}},{"s":[0.001],"t":145.000004276738,"i":{"x":[1],"y":[1]},"o":{"x":[0],"y":[0]}},{"s":[0.002],"t":146.000004276738,"i":{"x":[1],"y":[1]},"o":{"x":[0],"y":[0]}},{"s":[0],"t":147.000004276738,"i":{"x":[1],"y":[1]},"o":{"x":[0],"y":[0]}},{"s":[-0.001],"t":148.000004276738,"i":{"x":[1],"y":[1]},"o":{"x":[0],"y":[0]}},{"s":[0],"t":149.000004276738,"i":{"x":[1],"y":[1]},"o":{"x":[0],"y":[0]}}]},"p":{"a":0,"k":[1314,272,0],"ix":2,"l":2},"a":{"a":0,"k":[64,-0.5,0],"ix":1,"l":2},"s":{"a":1,"k":[{"i":{"x":[0.833,0.833,0.833],"y":[0.833,0.833,0.833]},"o":{"x":[0.167,0.167,0.167],"y":[0.167,0.167,0.167]},"t":105,"s":[0,0,100]},{"t":115.000004684046,"s":[100,100,100]}],"ix":6,"l":2}},"ao":0,"ip":105.000004276738,"op":1005.00004093449,"st":105.000004276738,"bm":0},{"ddd":0,"ind":13,"ty":2,"nm":"Artboard 7_1.png","cl":"png","refId":"image_11","sr":1,"ks":{"o":{"a":0,"k":100,"ix":11},"r":{"a":0,"k":0,"ix":10},"p":{"a":1,"k":[{"i":{"x":0.667,"y":1},"o":{"x":0.167,"y":0.167},"t":29,"s":[2195,644,0],"to":[-111.333,0,0],"ti":[111.333,0,0]},{"t":39.0000015885026,"s":[1527,644,0]}],"ix":2,"l":2},"a":{"a":0,"k":[257,136.5,0],"ix":1,"l":2},"s":{"a":0,"k":[100,100,100],"ix":6,"l":2}},"ao":0,"ip":29.0000011811942,"op":929.000037838946,"st":29.0000011811942,"bm":0},{"ddd":0,"ind":14,"ty":2,"nm":"Artboard 11.png","cl":"png","refId":"image_12","sr":1,"ks":{"o":{"a":0,"k":100,"ix":11},"r":{"a":0,"k":0,"ix":10},"p":{"a":0,"k":[1436,738,0],"ix":2,"l":2},"a":{"a":0,"k":[474.5,0,0],"ix":1,"l":2},"s":{"k":[{"s":[0,0,100],"t":47.0000019143492,"i":{"x":[1,1,1],"y":[1,1,1]},"o":{"x":[0,0,0],"y":[0,0,0]}},{"s":[100,100,100],"t":53.0000019143492,"i":{"x":[1,1,1],"y":[1,1,1]},"o":{"x":[0,0,0],"y":[0,0,0]}},{"s":[114.223,114.223,100],"t":54.0000019143492,"i":{"x":[1,1,1],"y":[1,1,1]},"o":{"x":[0,0,0],"y":[0,0,0]}},{"s":[114.561,114.561,100],"t":55.0000019143492,"i":{"x":[1,1,1],"y":[1,1,1]},"o":{"x":[0,0,0],"y":[0,0,0]}},{"s":[106.568,106.568,100],"t":56.0000019143492,"i":{"x":[1,1,1],"y":[1,1,1]},"o":{"x":[0,0,0],"y":[0,0,0]}},{"s":[98.187,98.187,100],"t":57.0000019143492,"i":{"x":[1,1,1],"y":[1,1,1]},"o":{"x":[0,0,0],"y":[0,0,0]}},{"s":[94.293,94.293,100],"t":58.0000019143492,"i":{"x":[1,1,1],"y":[1,1,1]},"o":{"x":[0,0,0],"y":[0,0,0]}},{"s":[95.22,95.22,100],"t":59.0000019143492,"i":{"x":[1,1,1],"y":[1,1,1]},"o":{"x":[0,0,0],"y":[0,0,0]}},{"s":[98.453,98.453,100],"t":60.0000019143492,"i":{"x":[1,1,1],"y":[1,1,1]},"o":{"x":[0,0,0],"y":[0,0,0]}},{"s":[101.219,101.219,100],"t":61.0000019143492,"i":{"x":[1,1,1],"y":[1,1,1]},"o":{"x":[0,0,0],"y":[0,0,0]}},{"s":[102.155,102.155,100],"t":62.0000019143492,"i":{"x":[1,1,1],"y":[1,1,1]},"o":{"x":[0,0,0],"y":[0,0,0]}},{"s":[101.492,101.492,100],"t":63.0000019143492,"i":{"x":[1,1,1],"y":[1,1,1]},"o":{"x":[0,0,0],"y":[0,0,0]}},{"s":[100.264,100.264,100],"t":64.0000019143492,"i":{"x":[1,1,1],"y":[1,1,1]},"o":{"x":[0,0,0],"y":[0,0,0]}},{"s":[99.395,99.395,100],"t":65.0000019143492,"i":{"x":[1,1,1],"y":[1,1,1]},"o":{"x":[0,0,0],"y":[0,0,0]}},{"s":[99.226,99.226,100],"t":66.0000019143492,"i":{"x":[1,1,1],"y":[1,1,1]},"o":{"x":[0,0,0],"y":[0,0,0]}},{"s":[99.563,99.563,100],"t":67.0000019143492,"i":{"x":[1,1,1],"y":[1,1,1]},"o":{"x":[0,0,0],"y":[0,0,0]}},{"s":[100.006,100.006,100],"t":68.0000019143492,"i":{"x":[1,1,1],"y":[1,1,1]},"o":{"x":[0,0,0],"y":[0,0,0]}},{"s":[100.262,100.262,100],"t":69.0000019143492,"i":{"x":[1,1,1],"y":[1,1,1]},"o":{"x":[0,0,0],"y":[0,0,0]}},{"s":[100.265,100.265,100],"t":70.0000019143492,"i":{"x":[1,1,1],"y":[1,1,1]},"o":{"x":[0,0,0],"y":[0,0,0]}},{"s":[100.118,100.118,100],"t":71.0000019143492,"i":{"x":[1,1,1],"y":[1,1,1]},"o":{"x":[0,0,0],"y":[0,0,0]}},{"s":[99.965,99.965,100],"t":72.0000019143492,"i":{"x":[1,1,1],"y":[1,1,1]},"o":{"x":[0,0,0],"y":[0,0,0]}}],"l":2}},"ao":0,"ip":47.0000019143492,"op":947.000038572101,"st":47.0000019143492,"bm":0},{"ddd":0,"ind":15,"ty":2,"nm":"Artboard 13.png","cl":"png","refId":"image_13","sr":1,"ks":{"o":{"a":0,"k":100,"ix":11},"r":{"a":0,"k":0,"ix":10},"p":{"a":0,"k":[1161.75,649.25,0],"ix":2,"l":2},"a":{"a":0,"k":[107,0.5,0],"ix":1,"l":2},"s":{"a":1,"k":[{"i":{"x":[0.667,0.667,0.667],"y":[1,1,1]},"o":{"x":[0.167,0.167,0.167],"y":[0,0.167,0]},"t":55,"s":[100,0,100]},{"t":65.0000026475043,"s":[100,100,100]}],"ix":6,"l":2}},"ao":0,"ip":55.0000022401959,"op":955.000038897947,"st":55.0000022401959,"bm":0},{"ddd":0,"ind":16,"ty":2,"nm":"Artboard 12_1.png","cl":"png","refId":"image_14","sr":1,"ks":{"o":{"a":0,"k":100,"ix":11},"r":{"a":0,"k":0,"ix":10},"p":{"a":0,"k":[1109.5,651.5,0],"ix":2,"l":2},"a":{"a":0,"k":[50.5,-0.5,0],"ix":1,"l":2},"s":{"a":1,"k":[{"i":{"x":[0.667,0.667,0.667],"y":[1,1,1]},"o":{"x":[0.167,0.167,0.167],"y":[0,0.167,0]},"t":57,"s":[100,0,100]},{"t":67.0000027289659,"s":[100,100,100]}],"ix":6,"l":2}},"ao":0,"ip":57.0000023216576,"op":957.000038979409,"st":57.0000023216576,"bm":0},{"ddd":0,"ind":17,"ty":2,"nm":"Artboard 14_1.png","cl":"png","refId":"image_15","sr":1,"ks":{"o":{"a":0,"k":100,"ix":11},"r":{"a":0,"k":0,"ix":10},"p":{"a":0,"k":[1152,784,0],"ix":2,"l":2},"a":{"a":0,"k":[153,133.5,0],"ix":1,"l":2},"s":{"k":[{"s":[0,0,100],"t":34.0000013848484,"i":{"x":[1,1,1],"y":[1,1,1]},"o":{"x":[0,0,0],"y":[0,0,0]}},{"s":[100,100,100],"t":41.0000013848484,"i":{"x":[1,1,1],"y":[1,1,1]},"o":{"x":[0,0,0],"y":[0,0,0]}},{"s":[91.968,91.968,100],"t":42.0000013848484,"i":{"x":[1,1,1],"y":[1,1,1]},"o":{"x":[0,0,0],"y":[0,0,0]}},{"s":[87.872,87.872,100],"t":43.0000013848484,"i":{"x":[1,1,1],"y":[1,1,1]},"o":{"x":[0,0,0],"y":[0,0,0]}},{"s":[87.713,87.713,100],"t":44.0000013848484,"i":{"x":[1,1,1],"y":[1,1,1]},"o":{"x":[0,0,0],"y":[0,0,0]}},{"s":[91.49,91.49,100],"t":45.0000013848484,"i":{"x":[1,1,1],"y":[1,1,1]},"o":{"x":[0,0,0],"y":[0,0,0]}},{"s":[99.203,99.203,100],"t":46.0000013848484,"i":{"x":[1,1,1],"y":[1,1,1]},"o":{"x":[0,0,0],"y":[0,0,0]}},{"s":[95.229,95.229,100],"t":47.0000013848484,"i":{"x":[1,1,1],"y":[1,1,1]},"o":{"x":[0,0,0],"y":[0,0,0]}},{"s":[93.815,93.815,100],"t":48.0000013848484,"i":{"x":[1,1,1],"y":[1,1,1]},"o":{"x":[0,0,0],"y":[0,0,0]}},{"s":[96.337,96.337,100],"t":49.0000013848484,"i":{"x":[1,1,1],"y":[1,1,1]},"o":{"x":[0,0,0],"y":[0,0,0]}},{"s":[98.483,98.483,100],"t":50.0000013848484,"i":{"x":[1,1,1],"y":[1,1,1]},"o":{"x":[0,0,0],"y":[0,0,0]}},{"s":[96.977,96.977,100],"t":51.0000013848484,"i":{"x":[1,1,1],"y":[1,1,1]},"o":{"x":[0,0,0],"y":[0,0,0]}},{"s":[99.408,99.408,100],"t":52.0000013848484,"i":{"x":[1,1,1],"y":[1,1,1]},"o":{"x":[0,0,0],"y":[0,0,0]}},{"s":[98.506,98.506,100],"t":53.0000013848484,"i":{"x":[1,1,1],"y":[1,1,1]},"o":{"x":[0,0,0],"y":[0,0,0]}},{"s":[99.721,99.721,100],"t":54.0000013848484,"i":{"x":[1,1,1],"y":[1,1,1]},"o":{"x":[0,0,0],"y":[0,0,0]}},{"s":[99.8,99.8,100],"t":55.0000013848484,"i":{"x":[1,1,1],"y":[1,1,1]},"o":{"x":[0,0,0],"y":[0,0,0]}},{"s":[99.94,99.94,100],"t":56.0000013848484,"i":{"x":[1,1,1],"y":[1,1,1]},"o":{"x":[0,0,0],"y":[0,0,0]}}],"l":2}},"ao":0,"ip":34.0000013848484,"op":934.0000380426,"st":34.0000013848484,"bm":0},{"ddd":0,"ind":18,"ty":2,"nm":"Artboard 15_1.png","cl":"png","refId":"image_16","sr":1,"ks":{"o":{"a":0,"k":100,"ix":11},"r":{"a":0,"k":0,"ix":10},"p":{"a":0,"k":[1160,652.5,0],"ix":2,"l":2},"a":{"a":0,"k":[39.5,41,0],"ix":1,"l":2},"s":{"k":[{"s":[0,0,100],"t":63.0000025660426,"i":{"x":[1,1,1],"y":[1,1,1]},"o":{"x":[0,0,0],"y":[0,0,0]}},{"s":[100,100,100],"t":70.0000025660426,"i":{"x":[1,1,1],"y":[1,1,1]},"o":{"x":[0,0,0],"y":[0,0,0]}},{"s":[112.191,112.191,100],"t":71.0000025660426,"i":{"x":[1,1,1],"y":[1,1,1]},"o":{"x":[0,0,0],"y":[0,0,0]}},{"s":[112.481,112.481,100],"t":72.0000025660426,"i":{"x":[1,1,1],"y":[1,1,1]},"o":{"x":[0,0,0],"y":[0,0,0]}},{"s":[105.63,105.63,100],"t":73.0000025660426,"i":{"x":[1,1,1],"y":[1,1,1]},"o":{"x":[0,0,0],"y":[0,0,0]}},{"s":[98.446,98.446,100],"t":74.0000025660426,"i":{"x":[1,1,1],"y":[1,1,1]},"o":{"x":[0,0,0],"y":[0,0,0]}},{"s":[95.108,95.108,100],"t":75.0000025660426,"i":{"x":[1,1,1],"y":[1,1,1]},"o":{"x":[0,0,0],"y":[0,0,0]}},{"s":[95.903,95.903,100],"t":76.0000025660426,"i":{"x":[1,1,1],"y":[1,1,1]},"o":{"x":[0,0,0],"y":[0,0,0]}},{"s":[98.674,98.674,100],"t":77.0000025660426,"i":{"x":[1,1,1],"y":[1,1,1]},"o":{"x":[0,0,0],"y":[0,0,0]}},{"s":[101.045,101.045,100],"t":78.0000025660426,"i":{"x":[1,1,1],"y":[1,1,1]},"o":{"x":[0,0,0],"y":[0,0,0]}},{"s":[101.847,101.847,100],"t":79.0000025660426,"i":{"x":[1,1,1],"y":[1,1,1]},"o":{"x":[0,0,0],"y":[0,0,0]}},{"s":[101.278,101.278,100],"t":80.0000025660426,"i":{"x":[1,1,1],"y":[1,1,1]},"o":{"x":[0,0,0],"y":[0,0,0]}},{"s":[100.226,100.226,100],"t":81.0000025660426,"i":{"x":[1,1,1],"y":[1,1,1]},"o":{"x":[0,0,0],"y":[0,0,0]}},{"s":[99.482,99.482,100],"t":82.0000025660426,"i":{"x":[1,1,1],"y":[1,1,1]},"o":{"x":[0,0,0],"y":[0,0,0]}},{"s":[99.337,99.337,100],"t":83.0000025660426,"i":{"x":[1,1,1],"y":[1,1,1]},"o":{"x":[0,0,0],"y":[0,0,0]}},{"s":[99.625,99.625,100],"t":84.0000025660426,"i":{"x":[1,1,1],"y":[1,1,1]},"o":{"x":[0,0,0],"y":[0,0,0]}},{"s":[100.005,100.005,100],"t":85.0000025660426,"i":{"x":[1,1,1],"y":[1,1,1]},"o":{"x":[0,0,0],"y":[0,0,0]}},{"s":[100.225,100.225,100],"t":86.0000025660426,"i":{"x":[1,1,1],"y":[1,1,1]},"o":{"x":[0,0,0],"y":[0,0,0]}},{"s":[100.227,100.227,100],"t":87.0000025660426,"i":{"x":[1,1,1],"y":[1,1,1]},"o":{"x":[0,0,0],"y":[0,0,0]}},{"s":[100.101,100.101,100],"t":88.0000025660426,"i":{"x":[1,1,1],"y":[1,1,1]},"o":{"x":[0,0,0],"y":[0,0,0]}},{"s":[99.97,99.97,100],"t":89.0000025660426,"i":{"x":[1,1,1],"y":[1,1,1]},"o":{"x":[0,0,0],"y":[0,0,0]}}],"l":2}},"ao":0,"ip":63.0000025660426,"op":963.000039223794,"st":63.0000025660426,"bm":0},{"ddd":0,"ind":19,"ty":4,"nm":"Shape Layer 2","td":1,"sr":1,"ks":{"o":{"a":0,"k":100,"ix":11},"r":{"a":0,"k":0,"ix":10},"p":{"a":0,"k":[960,540,0],"ix":2,"l":2},"a":{"a":0,"k":[0,0,0],"ix":1,"l":2},"s":{"a":0,"k":[100,100,100],"ix":6,"l":2}},"ao":0,"shapes":[{"ty":"gr","it":[{"ind":0,"ty":"sh","ix":1,"ks":{"a":0,"k":{"i":[[0,0],[0,0],[0,0],[0,0],[0,0],[0,0],[0,0]],"o":[[0,0],[0,0],[0,0],[0,0],[0,0],[0,0],[0,0]],"v":[[313,-540.5],[-21,-539.5],[-96,-3.5],[97,-22.5],[148,-117.5],[43,-99.5],[298,-514.5]],"c":true},"ix":2},"nm":"Path 1","mn":"ADBE Vector Shape - Group","hd":false},{"ty":"st","c":{"a":0,"k":[1,1,1,1],"ix":3},"o":{"a":0,"k":100,"ix":4},"w":{"a":0,"k":0,"ix":5},"lc":1,"lj":1,"ml":4,"bm":0,"nm":"Stroke 1","mn":"ADBE Vector Graphic - Stroke","hd":false},{"ty":"fl","c":{"a":0,"k":[1,0,0,1],"ix":4},"o":{"a":0,"k":100,"ix":5},"r":1,"bm":0,"nm":"Fill 1","mn":"ADBE Vector Graphic - Fill","hd":false},{"ty":"tr","p":{"a":0,"k":[0,0],"ix":2},"a":{"a":0,"k":[0,0],"ix":1},"s":{"a":0,"k":[100,100],"ix":3},"r":{"a":0,"k":0,"ix":6},"o":{"a":0,"k":100,"ix":7},"sk":{"a":0,"k":0,"ix":4},"sa":{"a":0,"k":0,"ix":5},"nm":"Transform"}],"nm":"Shape 1","np":3,"cix":2,"bm":0,"ix":1,"mn":"ADBE Vector Group","hd":false}],"ip":0,"op":900.000036657751,"st":0,"bm":0},{"ddd":0,"ind":20,"ty":2,"nm":"Artboard 16_1.png","cl":"png","tt":2,"refId":"image_17","sr":1,"ks":{"o":{"a":0,"k":100,"ix":11},"r":{"a":0,"k":0,"ix":10},"p":{"k":[{"s":[1167,-24.75,0],"t":79.000003217736,"i":{"x":1,"y":1},"o":{"x":0,"y":0}},{"s":[1166,617.25,0],"t":89.000003217736,"i":{"x":1,"y":1},"o":{"x":0,"y":0}},{"s":[1166.016,607.098,0],"t":90.000003217736,"i":{"x":1,"y":1},"o":{"x":0,"y":0}},{"s":[1166.023,602.513,0],"t":91.000003217736,"i":{"x":1,"y":1},"o":{"x":0,"y":0}},{"s":[1166.021,603.495,0],"t":92.000003217736,"i":{"x":1,"y":1},"o":{"x":0,"y":0}},{"s":[1166.011,610.044,0],"t":93.000003217736,"i":{"x":1,"y":1},"o":{"x":0,"y":0}},{"s":[1166.001,616.684,0],"t":94.000003217736,"i":{"x":1,"y":1},"o":{"x":0,"y":0}}],"l":2},"a":{"a":0,"k":[23,14,0],"ix":1,"l":2},"s":{"a":0,"k":[100,100,100],"ix":6,"l":2}},"ao":0,"ip":79.000003217736,"op":979.000039875487,"st":79.000003217736,"bm":0},{"ddd":0,"ind":21,"ty":4,"nm":"Shape Layer 3","td":1,"sr":1,"ks":{"o":{"a":0,"k":100,"ix":11},"r":{"a":0,"k":0,"ix":10},"p":{"a":0,"k":[960,540,0],"ix":2,"l":2},"a":{"a":0,"k":[0,0,0],"ix":1,"l":2},"s":{"a":0,"k":[100,100,100],"ix":6,"l":2}},"ao":0,"shapes":[{"ty":"gr","it":[{"ind":0,"ty":"sh","ix":1,"ks":{"a":0,"k":{"i":[[0,0],[0,0],[0,0],[0,0],[0,0],[0,0],[0,0]],"o":[[0,0],[0,0],[0,0],[0,0],[0,0],[0,0],[0,0]],"v":[[313,-540.5],[-71,-543.5],[-96,-3.5],[97,-22.5],[148,-117.5],[43,-99.5],[298,-514.5]],"c":true},"ix":2},"nm":"Path 1","mn":"ADBE Vector Shape - Group","hd":false},{"ty":"st","c":{"a":0,"k":[1,1,1,1],"ix":3},"o":{"a":0,"k":100,"ix":4},"w":{"a":0,"k":0,"ix":5},"lc":1,"lj":1,"ml":4,"bm":0,"nm":"Stroke 1","mn":"ADBE Vector Graphic - Stroke","hd":false},{"ty":"fl","c":{"a":0,"k":[1,0,0,1],"ix":4},"o":{"a":0,"k":100,"ix":5},"r":1,"bm":0,"nm":"Fill 1","mn":"ADBE Vector Graphic - Fill","hd":false},{"ty":"tr","p":{"a":0,"k":[0,0],"ix":2},"a":{"a":0,"k":[0,0],"ix":1},"s":{"a":0,"k":[100,100],"ix":3},"r":{"a":0,"k":0,"ix":6},"o":{"a":0,"k":100,"ix":7},"sk":{"a":0,"k":0,"ix":4},"sa":{"a":0,"k":0,"ix":5},"nm":"Transform"}],"nm":"Shape 1","np":3,"cix":2,"bm":0,"ix":1,"mn":"ADBE Vector Group","hd":false}],"ip":0,"op":900.000036657751,"st":0,"bm":0},{"ddd":0,"ind":22,"ty":2,"nm":"Artboard 16_1.png","cl":"png","tt":2,"refId":"image_17","sr":1,"ks":{"o":{"a":0,"k":100,"ix":11},"r":{"a":0,"k":0,"ix":10},"p":{"k":[{"s":[1144.5,-24.75,0],"t":74.0000030140818,"i":{"x":1,"y":1},"o":{"x":0,"y":0}},{"s":[1144.5,612.25,0],"t":84.0000030140818,"i":{"x":1,"y":1},"o":{"x":0,"y":0}},{"s":[1144.5,602.199,0],"t":85.0000030140818,"i":{"x":1,"y":1},"o":{"x":0,"y":0}},{"s":[1144.5,597.715,0],"t":86.0000030140818,"i":{"x":1,"y":1},"o":{"x":0,"y":0}},{"s":[1144.5,598.797,0],"t":87.0000030140818,"i":{"x":1,"y":1},"o":{"x":0,"y":0}},{"s":[1144.5,605.447,0],"t":88.0000030140818,"i":{"x":1,"y":1},"o":{"x":0,"y":0}},{"s":[1144.5,611.673,0],"t":89.0000030140818,"i":{"x":1,"y":1},"o":{"x":0,"y":0}}],"l":2},"a":{"a":0,"k":[23,14,0],"ix":1,"l":2},"s":{"a":0,"k":[100,100,100],"ix":6,"l":2}},"ao":0,"ip":74.0000030140818,"op":974.000039671833,"st":74.0000030140818,"bm":0},{"ddd":0,"ind":23,"ty":4,"nm":"Divider","sr":1,"ks":{"o":{"a":0,"k":100,"ix":11},"r":{"a":0,"k":0,"ix":10},"p":{"a":0,"k":[960,540,0],"ix":2,"l":2},"a":{"a":0,"k":[0,0,0],"ix":1,"l":2},"s":{"a":0,"k":[100,100,100],"ix":6,"l":2}},"ao":0,"shapes":[{"ty":"gr","it":[{"ind":0,"ty":"sh","ix":1,"ks":{"a":0,"k":{"i":[[0,0],[0,0],[0,0],[0,0]],"o":[[0,0],[0,0],[0,0],[0,0]],"v":[[284,-560],[-28,-52],[84,-72],[-256,562]],"c":false},"ix":2},"nm":"Path 1","mn":"ADBE Vector Shape - Group","hd":false},{"ty":"tm","s":{"a":0,"k":0,"ix":1},"e":{"a":1,"k":[{"i":{"x":[0.667],"y":[1]},"o":{"x":[0.167],"y":[0.167]},"t":0,"s":[0]},{"t":20.0000008146167,"s":[100]}],"ix":2},"o":{"a":0,"k":0,"ix":3},"m":1,"ix":2,"nm":"Trim Paths 1","mn":"ADBE Vector Filter - Trim","hd":false},{"ty":"st","c":{"a":0,"k":[1,1,1,1],"ix":3},"o":{"a":0,"k":100,"ix":4},"w":{"a":0,"k":26,"ix":5},"lc":1,"lj":1,"ml":4,"bm":0,"nm":"Stroke 1","mn":"ADBE Vector Graphic - Stroke","hd":false},{"ty":"st","c":{"a":0,"k":[0.050980392843,0.498039215803,0.368627458811,1],"ix":3},"o":{"a":0,"k":100,"ix":4},"w":{"a":0,"k":69,"ix":5},"lc":1,"lj":1,"ml":4,"bm":0,"nm":"Stroke 2","mn":"ADBE Vector Graphic - Stroke","hd":false},{"ty":"tr","p":{"a":0,"k":[0,0],"ix":2},"a":{"a":0,"k":[0,0],"ix":1},"s":{"a":0,"k":[100,100],"ix":3},"r":{"a":0,"k":0,"ix":6},"o":{"a":0,"k":100,"ix":7},"sk":{"a":0,"k":0,"ix":4},"sa":{"a":0,"k":0,"ix":5},"nm":"Transform"}],"nm":"Shape 1","np":4,"cix":2,"bm":0,"ix":1,"mn":"ADBE Vector Group","hd":false}],"ip":0,"op":900.000036657751,"st":0,"bm":0},{"ddd":0,"ind":24,"ty":4,"nm":"Shape Layer 1","td":1,"sr":1,"ks":{"o":{"a":0,"k":100,"ix":11},"r":{"a":0,"k":0,"ix":10},"p":{"a":0,"k":[960,540,0],"ix":2,"l":2},"a":{"a":0,"k":[0,0,0],"ix":1,"l":2},"s":{"a":0,"k":[100,100,100],"ix":6,"l":2}},"ao":0,"shapes":[{"ty":"gr","it":[{"ind":0,"ty":"sh","ix":1,"ks":{"a":0,"k":{"i":[[0,0],[0,0],[0,0],[0,0]],"o":[[0,0],[0,0],[0,0],[0,0]],"v":[[1048,100],[-16,128],[-256,572],[1048,588]],"c":true},"ix":2},"nm":"Path 1","mn":"ADBE Vector Shape - Group","hd":false},{"ty":"st","c":{"a":0,"k":[1,1,1,1],"ix":3},"o":{"a":0,"k":100,"ix":4},"w":{"a":0,"k":0,"ix":5},"lc":1,"lj":1,"ml":4,"bm":0,"nm":"Stroke 1","mn":"ADBE Vector Graphic - Stroke","hd":false},{"ty":"tr","p":{"a":0,"k":[0,0],"ix":2},"a":{"a":0,"k":[0,0],"ix":1},"s":{"a":0,"k":[100,100],"ix":3},"r":{"a":0,"k":0,"ix":6},"o":{"a":0,"k":100,"ix":7},"sk":{"a":0,"k":0,"ix":4},"sa":{"a":0,"k":0,"ix":5},"nm":"Transform"}],"nm":"Shape 1","np":2,"cix":2,"bm":0,"ix":1,"mn":"ADBE Vector Group","hd":false},{"ty":"fl","c":{"a":0,"k":[1,0,0,1],"ix":4},"o":{"a":0,"k":100,"ix":5},"r":1,"bm":0,"nm":"Fill 1","mn":"ADBE Vector Graphic - Fill","hd":false}],"ip":0,"op":900.000036657751,"st":0,"bm":0},{"ddd":0,"ind":25,"ty":2,"nm":"Artboard 10.png","cl":"png","tt":1,"refId":"image_18","sr":1,"ks":{"o":{"a":0,"k":100,"ix":11},"r":{"a":0,"k":0,"ix":10},"p":{"a":1,"k":[{"i":{"x":0.667,"y":1},"o":{"x":0.167,"y":0.167},"t":19,"s":[960,1258,0],"to":[0,-58,0],"ti":[0,58,0]},{"t":26.0000010590017,"s":[960,910,0]}],"ix":2,"l":2},"a":{"a":0,"k":[960,170,0],"ix":1,"l":2},"s":{"a":0,"k":[100,100,100],"ix":6,"l":2}},"ao":0,"ip":19.0000007738859,"op":919.000037431637,"st":19.0000007738859,"bm":0}],"markers":[]}