{"v":"5.9.1","fr":29.9700012207031,"ip":0,"op":40.0000016292334,"w":350,"h":760,"nm":"amna 2","ddd":0,"assets":[{"id":"image_0","w":62,"h":10,"u":"images/","p":"img_0.png","e":0},{"id":"image_1","w":141,"h":90,"u":"images/","p":"img_1.png","e":0},{"id":"image_2","w":19,"h":6,"u":"images/","p":"img_2.png","e":0},{"id":"image_3","w":19,"h":6,"u":"images/","p":"img_3.png","e":0},{"id":"image_4","w":11,"h":11,"u":"images/","p":"img_4.png","e":0},{"id":"image_5","w":11,"h":11,"u":"images/","p":"img_5.png","e":0},{"id":"image_6","w":98,"h":117,"u":"images/","p":"img_6.png","e":0},{"id":"image_7","w":132,"h":81,"u":"images/","p":"img_7.png","e":0},{"id":"image_8","w":51,"h":123,"u":"images/","p":"img_8.png","e":0},{"id":"image_9","w":32,"h":104,"u":"images/","p":"img_9.png","e":0},{"id":"image_10","w":37,"h":47,"u":"images/","p":"img_10.png","e":0},{"id":"image_11","w":138,"h":376,"u":"images/","p":"img_11.png","e":0},{"id":"image_12","w":33,"h":44,"u":"images/","p":"img_12.png","e":0},{"id":"image_13","w":137,"h":243,"u":"images/","p":"img_13.png","e":0},{"id":"image_14","w":112,"h":55,"u":"images/","p":"img_14.png","e":0},{"id":"image_15","w":55,"h":191,"u":"images/","p":"img_15.png","e":0},{"id":"image_16","w":47,"h":175,"u":"images/","p":"img_16.png","e":0},{"id":"image_17","w":66,"h":61,"u":"images/","p":"img_17.png","e":0},{"id":"image_18","w":55,"h":191,"u":"images/","p":"img_18.png","e":0},{"id":"image_19","w":47,"h":175,"u":"images/","p":"img_19.png","e":0},{"id":"image_20","w":78,"h":119,"u":"images/","p":"img_20.png","e":0},{"id":"image_21","w":56,"h":102,"u":"images/","p":"img_21.png","e":0},{"id":"image_22","w":38,"h":50,"u":"images/","p":"img_22.png","e":0},{"id":"comp_0","nm":"usman","fr":29.9700012207031,"layers":[{"ddd":0,"ind":5,"ty":0,"nm":"Pre-comp 1","refId":"comp_1","sr":1,"ks":{"o":{"a":0,"k":100,"ix":11},"r":{"a":1,"k":[{"i":{"x":[0.833],"y":[0.833]},"o":{"x":[0.167],"y":[0.167]},"t":0,"s":[0]},{"i":{"x":[0.833],"y":[0.833]},"o":{"x":[0.167],"y":[0.167]},"t":10,"s":[5.503]},{"i":{"x":[0.833],"y":[0.833]},"o":{"x":[0.167],"y":[0.167]},"t":20,"s":[2.604]},{"i":{"x":[0.833],"y":[0.833]},"o":{"x":[0.167],"y":[0.167]},"t":30,"s":[4.152]},{"t":40.0000016292334,"s":[0]}],"ix":10},"p":{"a":0,"k":[940,330,0],"ix":2,"l":2},"a":{"a":0,"k":[88,118,0],"ix":1,"l":2},"s":{"a":0,"k":[100,100,100],"ix":6,"l":2}},"ao":0,"w":144,"h":138,"ip":0,"op":150.000006109625,"st":0,"cp":false,"bm":0},{"ddd":0,"ind":6,"ty":2,"nm":"L hand 1","parent":11,"refId":"image_8","sr":1,"ks":{"o":{"a":0,"k":100,"ix":11},"r":{"k":[{"s":[2.385],"t":0,"i":{"x":[1],"y":[1]},"o":{"x":[0],"y":[0]}},{"s":[3.022],"t":1,"i":{"x":[1],"y":[1]},"o":{"x":[0],"y":[0]}},{"s":[3.637],"t":2,"i":{"x":[1],"y":[1]},"o":{"x":[0],"y":[0]}},{"s":[4.228],"t":3,"i":{"x":[1],"y":[1]},"o":{"x":[0],"y":[0]}},{"s":[4.794],"t":4,"i":{"x":[1],"y":[1]},"o":{"x":[0],"y":[0]}},{"s":[5.337],"t":5,"i":{"x":[1],"y":[1]},"o":{"x":[0],"y":[0]}},{"s":[5.857],"t":6,"i":{"x":[1],"y":[1]},"o":{"x":[0],"y":[0]}},{"s":[6.355],"t":7,"i":{"x":[1],"y":[1]},"o":{"x":[0],"y":[0]}},{"s":[6.828],"t":8,"i":{"x":[1],"y":[1]},"o":{"x":[0],"y":[0]}},{"s":[7.278],"t":9,"i":{"x":[1],"y":[1]},"o":{"x":[0],"y":[0]}},{"s":[7.704],"t":10,"i":{"x":[1],"y":[1]},"o":{"x":[0],"y":[0]}},{"s":[8.106],"t":11,"i":{"x":[1],"y":[1]},"o":{"x":[0],"y":[0]}},{"s":[8.484],"t":12,"i":{"x":[1],"y":[1]},"o":{"x":[0],"y":[0]}},{"s":[8.836],"t":13,"i":{"x":[1],"y":[1]},"o":{"x":[0],"y":[0]}},{"s":[9.161],"t":14,"i":{"x":[1],"y":[1]},"o":{"x":[0],"y":[0]}},{"s":[9.455],"t":15,"i":{"x":[1],"y":[1]},"o":{"x":[0],"y":[0]}},{"s":[9.718],"t":16,"i":{"x":[1],"y":[1]},"o":{"x":[0],"y":[0]}},{"s":[9.947],"t":17,"i":{"x":[1],"y":[1]},"o":{"x":[0],"y":[0]}},{"s":[10.138],"t":18,"i":{"x":[1],"y":[1]},"o":{"x":[0],"y":[0]}},{"s":[10.287],"t":19,"i":{"x":[1],"y":[1]},"o":{"x":[0],"y":[0]}},{"s":[10.388],"t":20,"i":{"x":[1],"y":[1]},"o":{"x":[0],"y":[0]}},{"s":[10.287],"t":21,"i":{"x":[1],"y":[1]},"o":{"x":[0],"y":[0]}},{"s":[10.138],"t":22,"i":{"x":[1],"y":[1]},"o":{"x":[0],"y":[0]}},{"s":[9.947],"t":23,"i":{"x":[1],"y":[1]},"o":{"x":[0],"y":[0]}},{"s":[9.718],"t":24,"i":{"x":[1],"y":[1]},"o":{"x":[0],"y":[0]}},{"s":[9.455],"t":25,"i":{"x":[1],"y":[1]},"o":{"x":[0],"y":[0]}},{"s":[9.161],"t":26,"i":{"x":[1],"y":[1]},"o":{"x":[0],"y":[0]}},{"s":[8.836],"t":27,"i":{"x":[1],"y":[1]},"o":{"x":[0],"y":[0]}},{"s":[8.484],"t":28,"i":{"x":[1],"y":[1]},"o":{"x":[0],"y":[0]}},{"s":[8.106],"t":29,"i":{"x":[1],"y":[1]},"o":{"x":[0],"y":[0]}},{"s":[7.704],"t":30,"i":{"x":[1],"y":[1]},"o":{"x":[0],"y":[0]}},{"s":[7.278],"t":31,"i":{"x":[1],"y":[1]},"o":{"x":[0],"y":[0]}},{"s":[6.828],"t":32,"i":{"x":[1],"y":[1]},"o":{"x":[0],"y":[0]}},{"s":[6.355],"t":33,"i":{"x":[1],"y":[1]},"o":{"x":[0],"y":[0]}},{"s":[5.857],"t":34,"i":{"x":[1],"y":[1]},"o":{"x":[0],"y":[0]}},{"s":[5.337],"t":35,"i":{"x":[1],"y":[1]},"o":{"x":[0],"y":[0]}},{"s":[4.794],"t":36,"i":{"x":[1],"y":[1]},"o":{"x":[0],"y":[0]}},{"s":[4.228],"t":37,"i":{"x":[1],"y":[1]},"o":{"x":[0],"y":[0]}},{"s":[3.637],"t":38,"i":{"x":[1],"y":[1]},"o":{"x":[0],"y":[0]}},{"s":[3.022],"t":39,"i":{"x":[1],"y":[1]},"o":{"x":[0],"y":[0]}},{"s":[2.385],"t":40,"i":{"x":[1],"y":[1]},"o":{"x":[0],"y":[0]}}]},"p":{"a":0,"k":[25.1,44.117,0],"ix":2,"l":2},"a":{"a":0,"k":[30.099,17.914,0],"ix":1,"l":2},"s":{"a":0,"k":[100,100,100],"ix":6,"l":2}},"ao":0,"ef":[{"ty":5,"nm":"IK","np":3,"mn":"Pseudo/DUIK ik","ix":1,"en":1,"ef":[{"ty":10,"nm":"Controller","mn":"Pseudo/DUIK ik-0001","ix":1,"v":{"a":0,"k":1,"ix":1}}]}],"ip":0,"op":150.000006109625,"st":0,"cp":false,"bm":0},{"ddd":0,"ind":7,"ty":2,"nm":"L hand 11","parent":6,"refId":"image_9","sr":1,"ks":{"o":{"a":0,"k":100,"ix":11},"r":{"k":[{"s":[-15.376],"t":0,"i":{"x":[1],"y":[1]},"o":{"x":[0],"y":[0]}},{"s":[-15.669],"t":1,"i":{"x":[1],"y":[1]},"o":{"x":[0],"y":[0]}},{"s":[-15.91],"t":2,"i":{"x":[1],"y":[1]},"o":{"x":[0],"y":[0]}},{"s":[-16.098],"t":3,"i":{"x":[1],"y":[1]},"o":{"x":[0],"y":[0]}},{"s":[-16.234],"t":4,"i":{"x":[1],"y":[1]},"o":{"x":[0],"y":[0]}},{"s":[-16.321],"t":5,"i":{"x":[1],"y":[1]},"o":{"x":[0],"y":[0]}},{"s":[-16.358],"t":6,"i":{"x":[1],"y":[1]},"o":{"x":[0],"y":[0]}},{"s":[-16.346],"t":7,"i":{"x":[1],"y":[1]},"o":{"x":[0],"y":[0]}},{"s":[-16.285],"t":8,"i":{"x":[1],"y":[1]},"o":{"x":[0],"y":[0]}},{"s":[-16.174],"t":9,"i":{"x":[1],"y":[1]},"o":{"x":[0],"y":[0]}},{"s":[-16.013],"t":10,"i":{"x":[1],"y":[1]},"o":{"x":[0],"y":[0]}},{"s":[-15.801],"t":11,"i":{"x":[1],"y":[1]},"o":{"x":[0],"y":[0]}},{"s":[-15.535],"t":12,"i":{"x":[1],"y":[1]},"o":{"x":[0],"y":[0]}},{"s":[-15.213],"t":13,"i":{"x":[1],"y":[1]},"o":{"x":[0],"y":[0]}},{"s":[-14.833],"t":14,"i":{"x":[1],"y":[1]},"o":{"x":[0],"y":[0]}},{"s":[-14.391],"t":15,"i":{"x":[1],"y":[1]},"o":{"x":[0],"y":[0]}},{"s":[-13.884],"t":16,"i":{"x":[1],"y":[1]},"o":{"x":[0],"y":[0]}},{"s":[-13.305],"t":17,"i":{"x":[1],"y":[1]},"o":{"x":[0],"y":[0]}},{"s":[-12.648],"t":18,"i":{"x":[1],"y":[1]},"o":{"x":[0],"y":[0]}},{"s":[-11.902],"t":19,"i":{"x":[1],"y":[1]},"o":{"x":[0],"y":[0]}},{"s":[-11.055],"t":20,"i":{"x":[1],"y":[1]},"o":{"x":[0],"y":[0]}},{"s":[-11.902],"t":21,"i":{"x":[1],"y":[1]},"o":{"x":[0],"y":[0]}},{"s":[-12.648],"t":22,"i":{"x":[1],"y":[1]},"o":{"x":[0],"y":[0]}},{"s":[-13.305],"t":23,"i":{"x":[1],"y":[1]},"o":{"x":[0],"y":[0]}},{"s":[-13.884],"t":24,"i":{"x":[1],"y":[1]},"o":{"x":[0],"y":[0]}},{"s":[-14.391],"t":25,"i":{"x":[1],"y":[1]},"o":{"x":[0],"y":[0]}},{"s":[-14.833],"t":26,"i":{"x":[1],"y":[1]},"o":{"x":[0],"y":[0]}},{"s":[-15.213],"t":27,"i":{"x":[1],"y":[1]},"o":{"x":[0],"y":[0]}},{"s":[-15.535],"t":28,"i":{"x":[1],"y":[1]},"o":{"x":[0],"y":[0]}},{"s":[-15.801],"t":29,"i":{"x":[1],"y":[1]},"o":{"x":[0],"y":[0]}},{"s":[-16.013],"t":30,"i":{"x":[1],"y":[1]},"o":{"x":[0],"y":[0]}},{"s":[-16.174],"t":31,"i":{"x":[1],"y":[1]},"o":{"x":[0],"y":[0]}},{"s":[-16.285],"t":32,"i":{"x":[1],"y":[1]},"o":{"x":[0],"y":[0]}},{"s":[-16.346],"t":33,"i":{"x":[1],"y":[1]},"o":{"x":[0],"y":[0]}},{"s":[-16.358],"t":34,"i":{"x":[1],"y":[1]},"o":{"x":[0],"y":[0]}},{"s":[-16.321],"t":35,"i":{"x":[1],"y":[1]},"o":{"x":[0],"y":[0]}},{"s":[-16.234],"t":36,"i":{"x":[1],"y":[1]},"o":{"x":[0],"y":[0]}},{"s":[-16.098],"t":37,"i":{"x":[1],"y":[1]},"o":{"x":[0],"y":[0]}},{"s":[-15.91],"t":38,"i":{"x":[1],"y":[1]},"o":{"x":[0],"y":[0]}},{"s":[-15.669],"t":39,"i":{"x":[1],"y":[1]},"o":{"x":[0],"y":[0]}},{"s":[-15.376],"t":40,"i":{"x":[1],"y":[1]},"o":{"x":[0],"y":[0]}}]},"p":{"k":[{"s":[21.456,106.957,0],"t":0,"i":{"x":1,"y":1},"o":{"x":0,"y":0}},{"s":[21.456,106.957,0],"t":40,"i":{"x":1,"y":1},"o":{"x":0,"y":0}}],"l":2},"a":{"a":0,"k":[15.925,15.978,0],"ix":1,"l":2},"s":{"a":0,"k":[100,100,100],"ix":6,"l":2}},"ao":0,"ef":[{"ty":5,"nm":"IK","np":3,"mn":"Pseudo/DUIK ik","ix":1,"en":1,"ef":[{"ty":10,"nm":"Controller","mn":"Pseudo/DUIK ik-0001","ix":1,"v":{"a":0,"k":1,"ix":1}}]}],"ip":0,"op":150.000006109625,"st":0,"cp":false,"bm":0},{"ddd":0,"ind":8,"ty":2,"nm":"L hand 111","parent":7,"refId":"image_10","sr":1,"ks":{"o":{"a":0,"k":100,"ix":11},"r":{"k":[{"s":[12.991],"t":0,"i":{"x":[1],"y":[1]},"o":{"x":[0],"y":[0]}},{"s":[12.647],"t":1,"i":{"x":[1],"y":[1]},"o":{"x":[0],"y":[0]}},{"s":[12.273],"t":2,"i":{"x":[1],"y":[1]},"o":{"x":[0],"y":[0]}},{"s":[11.87],"t":3,"i":{"x":[1],"y":[1]},"o":{"x":[0],"y":[0]}},{"s":[11.44],"t":4,"i":{"x":[1],"y":[1]},"o":{"x":[0],"y":[0]}},{"s":[10.984],"t":5,"i":{"x":[1],"y":[1]},"o":{"x":[0],"y":[0]}},{"s":[10.501],"t":6,"i":{"x":[1],"y":[1]},"o":{"x":[0],"y":[0]}},{"s":[9.991],"t":7,"i":{"x":[1],"y":[1]},"o":{"x":[0],"y":[0]}},{"s":[9.456],"t":8,"i":{"x":[1],"y":[1]},"o":{"x":[0],"y":[0]}},{"s":[8.896],"t":9,"i":{"x":[1],"y":[1]},"o":{"x":[0],"y":[0]}},{"s":[8.309],"t":10,"i":{"x":[1],"y":[1]},"o":{"x":[0],"y":[0]}},{"s":[7.695],"t":11,"i":{"x":[1],"y":[1]},"o":{"x":[0],"y":[0]}},{"s":[7.052],"t":12,"i":{"x":[1],"y":[1]},"o":{"x":[0],"y":[0]}},{"s":[6.378],"t":13,"i":{"x":[1],"y":[1]},"o":{"x":[0],"y":[0]}},{"s":[5.672],"t":14,"i":{"x":[1],"y":[1]},"o":{"x":[0],"y":[0]}},{"s":[4.935],"t":15,"i":{"x":[1],"y":[1]},"o":{"x":[0],"y":[0]}},{"s":[4.166],"t":16,"i":{"x":[1],"y":[1]},"o":{"x":[0],"y":[0]}},{"s":[3.358],"t":17,"i":{"x":[1],"y":[1]},"o":{"x":[0],"y":[0]}},{"s":[2.51],"t":18,"i":{"x":[1],"y":[1]},"o":{"x":[0],"y":[0]}},{"s":[1.615],"t":19,"i":{"x":[1],"y":[1]},"o":{"x":[0],"y":[0]}},{"s":[0.667],"t":20,"i":{"x":[1],"y":[1]},"o":{"x":[0],"y":[0]}},{"s":[1.615],"t":21,"i":{"x":[1],"y":[1]},"o":{"x":[0],"y":[0]}},{"s":[2.51],"t":22,"i":{"x":[1],"y":[1]},"o":{"x":[0],"y":[0]}},{"s":[3.358],"t":23,"i":{"x":[1],"y":[1]},"o":{"x":[0],"y":[0]}},{"s":[4.166],"t":24,"i":{"x":[1],"y":[1]},"o":{"x":[0],"y":[0]}},{"s":[4.935],"t":25,"i":{"x":[1],"y":[1]},"o":{"x":[0],"y":[0]}},{"s":[5.672],"t":26,"i":{"x":[1],"y":[1]},"o":{"x":[0],"y":[0]}},{"s":[6.378],"t":27,"i":{"x":[1],"y":[1]},"o":{"x":[0],"y":[0]}},{"s":[7.052],"t":28,"i":{"x":[1],"y":[1]},"o":{"x":[0],"y":[0]}},{"s":[7.695],"t":29,"i":{"x":[1],"y":[1]},"o":{"x":[0],"y":[0]}},{"s":[8.309],"t":30,"i":{"x":[1],"y":[1]},"o":{"x":[0],"y":[0]}},{"s":[8.896],"t":31,"i":{"x":[1],"y":[1]},"o":{"x":[0],"y":[0]}},{"s":[9.456],"t":32,"i":{"x":[1],"y":[1]},"o":{"x":[0],"y":[0]}},{"s":[9.991],"t":33,"i":{"x":[1],"y":[1]},"o":{"x":[0],"y":[0]}},{"s":[10.501],"t":34,"i":{"x":[1],"y":[1]},"o":{"x":[0],"y":[0]}},{"s":[10.984],"t":35,"i":{"x":[1],"y":[1]},"o":{"x":[0],"y":[0]}},{"s":[11.44],"t":36,"i":{"x":[1],"y":[1]},"o":{"x":[0],"y":[0]}},{"s":[11.87],"t":37,"i":{"x":[1],"y":[1]},"o":{"x":[0],"y":[0]}},{"s":[12.273],"t":38,"i":{"x":[1],"y":[1]},"o":{"x":[0],"y":[0]}},{"s":[12.647],"t":39,"i":{"x":[1],"y":[1]},"o":{"x":[0],"y":[0]}},{"s":[12.991],"t":40,"i":{"x":[1],"y":[1]},"o":{"x":[0],"y":[0]}}]},"p":{"k":[{"s":[13.941,94.48,0],"t":0,"i":{"x":1,"y":1},"o":{"x":0,"y":0}},{"s":[13.941,94.48,0],"t":40,"i":{"x":1,"y":1},"o":{"x":0,"y":0}}],"l":2},"a":{"a":0,"k":[8.071,7.781,0],"ix":1,"l":2},"s":{"a":0,"k":[100,100,100],"ix":6,"l":2}},"ao":0,"ef":[{"ty":5,"nm":"IK","np":3,"mn":"Pseudo/DUIK ik","ix":1,"en":1,"ef":[{"ty":10,"nm":"Controller","mn":"Pseudo/DUIK ik-0001","ix":1,"v":{"a":0,"k":1,"ix":1}}]}],"ip":0,"op":150.000006109625,"st":0,"cp":false,"bm":0},{"ddd":0,"ind":9,"ty":2,"nm":"Layer 9","refId":"image_11","sr":1,"ks":{"o":{"a":0,"k":100,"ix":11},"r":{"a":0,"k":0,"ix":10},"p":{"a":0,"k":[949.449,542.785,0],"ix":2,"l":2},"a":{"a":0,"k":[68.738,187.972,0],"ix":1,"l":2},"s":{"a":0,"k":[100,100,100],"ix":6,"l":2}},"ao":0,"hasMask":true,"masksProperties":[{"inv":true,"mode":"a","pt":{"a":0,"k":{"i":[[0,0],[0,0],[0,0],[0,0]],"o":[[0,0],[0,0],[0,0],[0,0]],"v":[[95.79,-6.813],[87.79,0.437],[110.79,10.437],[111.29,-1.313]],"c":true},"ix":1},"o":{"a":0,"k":100,"ix":3},"x":{"a":0,"k":0,"ix":4},"f":{"a":0,"k":[0,0],"ix":2},"nm":"Mask 1"}],"ef":[{"ty":31,"nm":"Mesh Warp","np":6,"mn":"ADBE MESH WARP","ix":1,"en":1,"ef":[{"ty":0,"nm":"Rows","mn":"ADBE MESH WARP-0001","ix":1,"v":{"a":0,"k":7,"ix":1}},{"ty":0,"nm":"Columns","mn":"ADBE MESH WARP-0002","ix":2,"v":{"a":0,"k":7,"ix":2}},{"ty":0,"nm":"Quality","mn":"ADBE MESH WARP-0005","ix":3,"v":{"a":0,"k":8,"ix":3}},{}]}],"ip":0,"op":150.000006109625,"st":0,"cp":false,"bm":0},{"ddd":0,"ind":10,"ty":0,"nm":"neck","parent":11,"refId":"comp_2","sr":1,"ks":{"o":{"a":0,"k":100,"ix":11},"r":{"a":0,"k":0,"ix":10},"p":{"a":0,"k":[78.242,10.447,0],"ix":2,"l":2},"a":{"a":0,"k":[17.445,48.355,0],"ix":1,"l":2},"s":{"a":0,"k":[100,100,100],"ix":6,"l":2}},"ao":0,"w":35,"h":57,"ip":0,"op":150.000006109625,"st":0,"cp":false,"bm":0},{"ddd":0,"ind":11,"ty":0,"nm":"body","refId":"comp_3","sr":1,"ks":{"o":{"a":0,"k":100,"ix":11},"r":{"a":0,"k":0,"ix":10},"p":{"a":0,"k":[941.11,521.543,0],"ix":2,"l":2},"a":{"a":0,"k":[83.594,177.58,0],"ix":1,"l":2},"s":{"a":0,"k":[100,100,100],"ix":6,"l":2}},"ao":0,"w":160,"h":216,"ip":0,"op":150.000006109625,"st":0,"cp":false,"bm":0},{"ddd":0,"ind":12,"ty":2,"nm":"body down","refId":"image_14","sr":1,"ks":{"o":{"a":0,"k":100,"ix":11},"r":{"k":[{"s":[0],"t":0,"i":{"x":[1],"y":[1]},"o":{"x":[0],"y":[0]}},{"s":[0],"t":40,"i":{"x":[1],"y":[1]},"o":{"x":[0],"y":[0]}}]},"p":{"a":0,"k":[941.346,548.71,0],"ix":2,"l":2},"a":{"a":0,"k":[55.512,27.228,0],"ix":1,"l":2},"s":{"a":0,"k":[100,100,100],"ix":6,"l":2}},"ao":0,"ef":[{"ty":5,"nm":"FK Overlap","np":3,"mn":"Pseudo/DUIK ik","ix":1,"en":1,"ef":[{"ty":10,"nm":"Controller","mn":"Pseudo/DUIK ik-0001","ix":1,"v":{"a":0,"k":0,"ix":1}}]}],"ip":0,"op":150.000006109625,"st":0,"cp":false,"bm":0},{"ddd":0,"ind":13,"ty":2,"nm":"L leg 1","parent":12,"refId":"image_15","sr":1,"ks":{"o":{"a":0,"k":100,"ix":11},"r":{"k":[{"s":[-9.196],"t":0,"i":{"x":[1],"y":[1]},"o":{"x":[0],"y":[0]}},{"s":[-9.464],"t":1,"i":{"x":[1],"y":[1]},"o":{"x":[0],"y":[0]}},{"s":[-9.334],"t":2,"i":{"x":[1],"y":[1]},"o":{"x":[0],"y":[0]}},{"s":[-8.968],"t":3,"i":{"x":[1],"y":[1]},"o":{"x":[0],"y":[0]}},{"s":[-8.418],"t":4,"i":{"x":[1],"y":[1]},"o":{"x":[0],"y":[0]}},{"s":[-7.719],"t":5,"i":{"x":[1],"y":[1]},"o":{"x":[0],"y":[0]}},{"s":[-6.897],"t":6,"i":{"x":[1],"y":[1]},"o":{"x":[0],"y":[0]}},{"s":[-5.986],"t":7,"i":{"x":[1],"y":[1]},"o":{"x":[0],"y":[0]}},{"s":[-5.039],"t":8,"i":{"x":[1],"y":[1]},"o":{"x":[0],"y":[0]}},{"s":[-4.296],"t":9,"i":{"x":[1],"y":[1]},"o":{"x":[0],"y":[0]}},{"s":[-6.575],"t":10,"i":{"x":[1],"y":[1]},"o":{"x":[0],"y":[0]}},{"s":[-12.308],"t":11,"i":{"x":[1],"y":[1]},"o":{"x":[0],"y":[0]}},{"s":[-16.956],"t":12,"i":{"x":[1],"y":[1]},"o":{"x":[0],"y":[0]}},{"s":[-20.57],"t":13,"i":{"x":[1],"y":[1]},"o":{"x":[0],"y":[0]}},{"s":[-23.006],"t":14,"i":{"x":[1],"y":[1]},"o":{"x":[0],"y":[0]}},{"s":[-23.98],"t":15,"i":{"x":[1],"y":[1]},"o":{"x":[0],"y":[0]}},{"s":[-22.8],"t":16,"i":{"x":[1],"y":[1]},"o":{"x":[0],"y":[0]}},{"s":[-15.468],"t":17,"i":{"x":[1],"y":[1]},"o":{"x":[0],"y":[0]}},{"s":[-13.959],"t":18,"i":{"x":[1],"y":[1]},"o":{"x":[0],"y":[0]}},{"s":[-17.336],"t":19,"i":{"x":[1],"y":[1]},"o":{"x":[0],"y":[0]}},{"s":[-20.34],"t":20,"i":{"x":[1],"y":[1]},"o":{"x":[0],"y":[0]}},{"s":[-21.08],"t":21,"i":{"x":[1],"y":[1]},"o":{"x":[0],"y":[0]}},{"s":[-20.751],"t":22,"i":{"x":[1],"y":[1]},"o":{"x":[0],"y":[0]}},{"s":[-19.603],"t":23,"i":{"x":[1],"y":[1]},"o":{"x":[0],"y":[0]}},{"s":[-18.481],"t":24,"i":{"x":[1],"y":[1]},"o":{"x":[0],"y":[0]}},{"s":[-17.367],"t":25,"i":{"x":[1],"y":[1]},"o":{"x":[0],"y":[0]}},{"s":[-16.254],"t":26,"i":{"x":[1],"y":[1]},"o":{"x":[0],"y":[0]}},{"s":[-15.139],"t":27,"i":{"x":[1],"y":[1]},"o":{"x":[0],"y":[0]}},{"s":[-14.021],"t":28,"i":{"x":[1],"y":[1]},"o":{"x":[0],"y":[0]}},{"s":[-12.9],"t":29,"i":{"x":[1],"y":[1]},"o":{"x":[0],"y":[0]}},{"s":[-11.783],"t":30,"i":{"x":[1],"y":[1]},"o":{"x":[0],"y":[0]}},{"s":[-9.909],"t":31,"i":{"x":[1],"y":[1]},"o":{"x":[0],"y":[0]}},{"s":[-8.024],"t":32,"i":{"x":[1],"y":[1]},"o":{"x":[0],"y":[0]}},{"s":[-6.1],"t":33,"i":{"x":[1],"y":[1]},"o":{"x":[0],"y":[0]}},{"s":[-4.124],"t":34,"i":{"x":[1],"y":[1]},"o":{"x":[0],"y":[0]}},{"s":[-2.094],"t":35,"i":{"x":[1],"y":[1]},"o":{"x":[0],"y":[0]}},{"s":[-0.004],"t":36,"i":{"x":[1],"y":[1]},"o":{"x":[0],"y":[0]}},{"s":[-7.199],"t":37,"i":{"x":[1],"y":[1]},"o":{"x":[0],"y":[0]}},{"s":[-9.028],"t":38,"i":{"x":[1],"y":[1]},"o":{"x":[0],"y":[0]}},{"s":[-9.529],"t":39,"i":{"x":[1],"y":[1]},"o":{"x":[0],"y":[0]}},{"s":[-9.196],"t":40,"i":{"x":[1],"y":[1]},"o":{"x":[0],"y":[0]}}]},"p":{"a":0,"k":[26.728,27.348,0],"ix":2,"l":2},"a":{"a":0,"k":[26.228,26.349,0],"ix":1,"l":2},"s":{"a":0,"k":[100,100,100],"ix":6,"l":2}},"ao":0,"ef":[{"ty":5,"nm":"FK Overlap","np":3,"mn":"Pseudo/DUIK ik","ix":1,"en":1,"ef":[{"ty":10,"nm":"Controller","mn":"Pseudo/DUIK ik-0001","ix":1,"v":{"a":0,"k":0,"ix":1}}]},{"ty":5,"nm":"IK","np":3,"mn":"Pseudo/DUIK ik","ix":2,"en":1,"ef":[{"ty":10,"nm":"Controller","mn":"Pseudo/DUIK ik-0001","ix":1,"v":{"a":0,"k":3,"ix":1}}]}],"ip":0,"op":150.000006109625,"st":0,"cp":false,"bm":0},{"ddd":0,"ind":14,"ty":2,"nm":"L leg 11","parent":13,"refId":"image_16","sr":1,"ks":{"o":{"a":0,"k":100,"ix":11},"r":{"k":[{"s":[35.492],"t":0,"i":{"x":[1],"y":[1]},"o":{"x":[0],"y":[0]}},{"s":[38.972],"t":1,"i":{"x":[1],"y":[1]},"o":{"x":[0],"y":[0]}},{"s":[41.76],"t":2,"i":{"x":[1],"y":[1]},"o":{"x":[0],"y":[0]}},{"s":[44.139],"t":3,"i":{"x":[1],"y":[1]},"o":{"x":[0],"y":[0]}},{"s":[46.206],"t":4,"i":{"x":[1],"y":[1]},"o":{"x":[0],"y":[0]}},{"s":[48.016],"t":5,"i":{"x":[1],"y":[1]},"o":{"x":[0],"y":[0]}},{"s":[49.623],"t":6,"i":{"x":[1],"y":[1]},"o":{"x":[0],"y":[0]}},{"s":[51.083],"t":7,"i":{"x":[1],"y":[1]},"o":{"x":[0],"y":[0]}},{"s":[52.501],"t":8,"i":{"x":[1],"y":[1]},"o":{"x":[0],"y":[0]}},{"s":[54.284],"t":9,"i":{"x":[1],"y":[1]},"o":{"x":[0],"y":[0]}},{"s":[57.022],"t":10,"i":{"x":[1],"y":[1]},"o":{"x":[0],"y":[0]}},{"s":[58.349],"t":11,"i":{"x":[1],"y":[1]},"o":{"x":[0],"y":[0]}},{"s":[57.529],"t":12,"i":{"x":[1],"y":[1]},"o":{"x":[0],"y":[0]}},{"s":[54.856],"t":13,"i":{"x":[1],"y":[1]},"o":{"x":[0],"y":[0]}},{"s":[50.206],"t":14,"i":{"x":[1],"y":[1]},"o":{"x":[0],"y":[0]}},{"s":[43.135],"t":15,"i":{"x":[1],"y":[1]},"o":{"x":[0],"y":[0]}},{"s":[32.363],"t":16,"i":{"x":[1],"y":[1]},"o":{"x":[0],"y":[0]}},{"s":[10.091],"t":17,"i":{"x":[1],"y":[1]},"o":{"x":[0],"y":[0]}},{"s":[-0.144],"t":18,"i":{"x":[1],"y":[1]},"o":{"x":[0],"y":[0]}},{"s":[-0.144],"t":36,"i":{"x":[1],"y":[1]},"o":{"x":[0],"y":[0]}},{"s":[18.214],"t":37,"i":{"x":[1],"y":[1]},"o":{"x":[0],"y":[0]}},{"s":[26.139],"t":38,"i":{"x":[1],"y":[1]},"o":{"x":[0],"y":[0]}},{"s":[31.577],"t":39,"i":{"x":[1],"y":[1]},"o":{"x":[0],"y":[0]}},{"s":[35.492],"t":40,"i":{"x":[1],"y":[1]},"o":{"x":[0],"y":[0]}}]},"p":{"k":[{"s":[26.294,166.635,0],"t":0,"i":{"x":1,"y":1},"o":{"x":0,"y":0}},{"s":[26.294,166.635,0],"t":40,"i":{"x":1,"y":1},"o":{"x":0,"y":0}}],"l":2},"a":{"a":0,"k":[22.61,21.864,0],"ix":1,"l":2},"s":{"a":0,"k":[100,100,100],"ix":6,"l":2}},"ao":0,"ef":[{"ty":5,"nm":"FK Overlap","np":3,"mn":"Pseudo/DUIK ik","ix":1,"en":1,"ef":[{"ty":10,"nm":"Controller","mn":"Pseudo/DUIK ik-0001","ix":1,"v":{"a":0,"k":0,"ix":1}}]},{"ty":5,"nm":"IK","np":3,"mn":"Pseudo/DUIK ik","ix":2,"en":1,"ef":[{"ty":10,"nm":"Controller","mn":"Pseudo/DUIK ik-0001","ix":1,"v":{"a":0,"k":3,"ix":1}}]}],"ip":0,"op":150.000006109625,"st":0,"cp":false,"bm":0},{"ddd":0,"ind":15,"ty":0,"nm":"L shoes 111","parent":14,"refId":"comp_4","sr":1,"ks":{"o":{"a":0,"k":100,"ix":11},"r":{"k":[{"s":[5.162],"t":0,"i":{"x":[1],"y":[1]},"o":{"x":[0],"y":[0]}},{"s":[2.461],"t":1,"i":{"x":[1],"y":[1]},"o":{"x":[0],"y":[0]}},{"s":[0.929],"t":2,"i":{"x":[1],"y":[1]},"o":{"x":[0],"y":[0]}},{"s":[0.229],"t":3,"i":{"x":[1],"y":[1]},"o":{"x":[0],"y":[0]}},{"s":[0.092],"t":4,"i":{"x":[1],"y":[1]},"o":{"x":[0],"y":[0]}},{"s":[0.284],"t":5,"i":{"x":[1],"y":[1]},"o":{"x":[0],"y":[0]}},{"s":[0.556],"t":6,"i":{"x":[1],"y":[1]},"o":{"x":[0],"y":[0]}},{"s":[0.666],"t":7,"i":{"x":[1],"y":[1]},"o":{"x":[0],"y":[0]}},{"s":[0.345],"t":8,"i":{"x":[1],"y":[1]},"o":{"x":[0],"y":[0]}},{"s":[-0.795],"t":9,"i":{"x":[1],"y":[1]},"o":{"x":[0],"y":[0]}},{"s":[-0.742],"t":10,"i":{"x":[1],"y":[1]},"o":{"x":[0],"y":[0]}},{"s":[1.688],"t":11,"i":{"x":[1],"y":[1]},"o":{"x":[0],"y":[0]}},{"s":[1.797],"t":12,"i":{"x":[1],"y":[1]},"o":{"x":[0],"y":[0]}},{"s":[0.183],"t":13,"i":{"x":[1],"y":[1]},"o":{"x":[0],"y":[0]}},{"s":[-2.323],"t":14,"i":{"x":[1],"y":[1]},"o":{"x":[0],"y":[0]}},{"s":[-4.716],"t":15,"i":{"x":[1],"y":[1]},"o":{"x":[0],"y":[0]}},{"s":[-5.563],"t":16,"i":{"x":[1],"y":[1]},"o":{"x":[0],"y":[0]}},{"s":[-0.215],"t":17,"i":{"x":[1],"y":[1]},"o":{"x":[0],"y":[0]}},{"s":[0.612],"t":18,"i":{"x":[1],"y":[1]},"o":{"x":[0],"y":[0]}},{"s":[-1.372],"t":19,"i":{"x":[1],"y":[1]},"o":{"x":[0],"y":[0]}},{"s":[-0.343],"t":20,"i":{"x":[1],"y":[1]},"o":{"x":[0],"y":[0]}},{"s":[0.909],"t":21,"i":{"x":[1],"y":[1]},"o":{"x":[0],"y":[0]}},{"s":[1.968],"t":22,"i":{"x":[1],"y":[1]},"o":{"x":[0],"y":[0]}},{"s":[2.867],"t":23,"i":{"x":[1],"y":[1]},"o":{"x":[0],"y":[0]}},{"s":[4.23],"t":24,"i":{"x":[1],"y":[1]},"o":{"x":[0],"y":[0]}},{"s":[7.411],"t":26,"i":{"x":[1],"y":[1]},"o":{"x":[0],"y":[0]}},{"s":[8.781],"t":27,"i":{"x":[1],"y":[1]},"o":{"x":[0],"y":[0]}},{"s":[9.71],"t":28,"i":{"x":[1],"y":[1]},"o":{"x":[0],"y":[0]}},{"s":[9.977],"t":29,"i":{"x":[1],"y":[1]},"o":{"x":[0],"y":[0]}},{"s":[9.371],"t":30,"i":{"x":[1],"y":[1]},"o":{"x":[0],"y":[0]}},{"s":[8.297],"t":31,"i":{"x":[1],"y":[1]},"o":{"x":[0],"y":[0]}},{"s":[8.583],"t":32,"i":{"x":[1],"y":[1]},"o":{"x":[0],"y":[0]}},{"s":[9.858],"t":33,"i":{"x":[1],"y":[1]},"o":{"x":[0],"y":[0]}},{"s":[11.767],"t":34,"i":{"x":[1],"y":[1]},"o":{"x":[0],"y":[0]}},{"s":[13.965],"t":35,"i":{"x":[1],"y":[1]},"o":{"x":[0],"y":[0]}},{"s":[16.102],"t":36,"i":{"x":[1],"y":[1]},"o":{"x":[0],"y":[0]}},{"s":[8.824],"t":37,"i":{"x":[1],"y":[1]},"o":{"x":[0],"y":[0]}},{"s":[5.926],"t":38,"i":{"x":[1],"y":[1]},"o":{"x":[0],"y":[0]}},{"s":[3.161],"t":39,"i":{"x":[1],"y":[1]},"o":{"x":[0],"y":[0]}},{"s":[-0.287],"t":40,"i":{"x":[1],"y":[1]},"o":{"x":[0],"y":[0]}}]},"p":{"k":[{"s":[22.312,167.346,0],"t":0,"i":{"x":1,"y":1},"o":{"x":0,"y":0}},{"s":[22.312,167.346,0],"t":40,"i":{"x":1,"y":1},"o":{"x":0,"y":0}}],"l":2},"a":{"a":0,"k":[11.552,9.309,0],"ix":1,"l":2},"s":{"a":0,"k":[100,100,100],"ix":6,"l":2}},"ao":0,"ef":[{"ty":5,"nm":"FK Overlap","np":3,"mn":"Pseudo/DUIK ik","ix":1,"en":1,"ef":[{"ty":10,"nm":"Controller","mn":"Pseudo/DUIK ik-0001","ix":1,"v":{"a":0,"k":0,"ix":1}}]},{"ty":5,"nm":"IK","np":3,"mn":"Pseudo/DUIK ik","ix":2,"en":1,"ef":[{"ty":10,"nm":"Controller","mn":"Pseudo/DUIK ik-0001","ix":1,"v":{"a":0,"k":3,"ix":1}}]}],"w":70,"h":47,"ip":0,"op":150.000006109625,"st":0,"cp":false,"bm":0},{"ddd":0,"ind":16,"ty":2,"nm":"R leg 1","parent":12,"refId":"image_18","sr":1,"ks":{"o":{"a":0,"k":100,"ix":11},"r":{"k":[{"s":[-11.574],"t":0,"i":{"x":[1],"y":[1]},"o":{"x":[0],"y":[0]}},{"s":[-10.326],"t":1,"i":{"x":[1],"y":[1]},"o":{"x":[0],"y":[0]}},{"s":[-9.076],"t":2,"i":{"x":[1],"y":[1]},"o":{"x":[0],"y":[0]}},{"s":[-7.828],"t":3,"i":{"x":[1],"y":[1]},"o":{"x":[0],"y":[0]}},{"s":[-5.339],"t":5,"i":{"x":[1],"y":[1]},"o":{"x":[0],"y":[0]}},{"s":[-0.365],"t":9,"i":{"x":[1],"y":[1]},"o":{"x":[0],"y":[0]}},{"s":[0.874],"t":10,"i":{"x":[1],"y":[1]},"o":{"x":[0],"y":[0]}},{"s":[2.676],"t":11,"i":{"x":[1],"y":[1]},"o":{"x":[0],"y":[0]}},{"s":[4.486],"t":12,"i":{"x":[1],"y":[1]},"o":{"x":[0],"y":[0]}},{"s":[6.303],"t":13,"i":{"x":[1],"y":[1]},"o":{"x":[0],"y":[0]}},{"s":[8.131],"t":14,"i":{"x":[1],"y":[1]},"o":{"x":[0],"y":[0]}},{"s":[9.968],"t":15,"i":{"x":[1],"y":[1]},"o":{"x":[0],"y":[0]}},{"s":[11.815],"t":16,"i":{"x":[1],"y":[1]},"o":{"x":[0],"y":[0]}},{"s":[13.671],"t":17,"i":{"x":[1],"y":[1]},"o":{"x":[0],"y":[0]}},{"s":[15.192],"t":18,"i":{"x":[1],"y":[1]},"o":{"x":[0],"y":[0]}},{"s":[11.97],"t":19,"i":{"x":[1],"y":[1]},"o":{"x":[0],"y":[0]}},{"s":[11.087],"t":20,"i":{"x":[1],"y":[1]},"o":{"x":[0],"y":[0]}},{"s":[10.426],"t":21,"i":{"x":[1],"y":[1]},"o":{"x":[0],"y":[0]}},{"s":[9.887],"t":22,"i":{"x":[1],"y":[1]},"o":{"x":[0],"y":[0]}},{"s":[9.505],"t":23,"i":{"x":[1],"y":[1]},"o":{"x":[0],"y":[0]}},{"s":[9.25],"t":24,"i":{"x":[1],"y":[1]},"o":{"x":[0],"y":[0]}},{"s":[9.075],"t":25,"i":{"x":[1],"y":[1]},"o":{"x":[0],"y":[0]}},{"s":[8.922],"t":26,"i":{"x":[1],"y":[1]},"o":{"x":[0],"y":[0]}},{"s":[8.687],"t":27,"i":{"x":[1],"y":[1]},"o":{"x":[0],"y":[0]}},{"s":[8.081],"t":28,"i":{"x":[1],"y":[1]},"o":{"x":[0],"y":[0]}},{"s":[5.609],"t":29,"i":{"x":[1],"y":[1]},"o":{"x":[0],"y":[0]}},{"s":[2.592],"t":30,"i":{"x":[1],"y":[1]},"o":{"x":[0],"y":[0]}},{"s":[-3.61],"t":31,"i":{"x":[1],"y":[1]},"o":{"x":[0],"y":[0]}},{"s":[-8.721],"t":32,"i":{"x":[1],"y":[1]},"o":{"x":[0],"y":[0]}},{"s":[-13.033],"t":33,"i":{"x":[1],"y":[1]},"o":{"x":[0],"y":[0]}},{"s":[-16.543],"t":34,"i":{"x":[1],"y":[1]},"o":{"x":[0],"y":[0]}},{"s":[-19.175],"t":35,"i":{"x":[1],"y":[1]},"o":{"x":[0],"y":[0]}},{"s":[-20.79],"t":36,"i":{"x":[1],"y":[1]},"o":{"x":[0],"y":[0]}},{"s":[-21.113],"t":37,"i":{"x":[1],"y":[1]},"o":{"x":[0],"y":[0]}},{"s":[-19.448],"t":38,"i":{"x":[1],"y":[1]},"o":{"x":[0],"y":[0]}},{"s":[-10.037],"t":39,"i":{"x":[1],"y":[1]},"o":{"x":[0],"y":[0]}},{"s":[-11.574],"t":40,"i":{"x":[1],"y":[1]},"o":{"x":[0],"y":[0]}}]},"p":{"a":0,"k":[83.796,26.848,0],"ix":2,"l":2},"a":{"a":0,"k":[27.228,26.849,0],"ix":1,"l":2},"s":{"a":0,"k":[100,100,100],"ix":6,"l":2}},"ao":0,"ef":[{"ty":5,"nm":"IK","np":3,"mn":"Pseudo/DUIK ik","ix":1,"en":1,"ef":[{"ty":10,"nm":"Controller","mn":"Pseudo/DUIK ik-0001","ix":1,"v":{"a":0,"k":4,"ix":1}}]}],"ip":0,"op":150.000006109625,"st":0,"cp":false,"bm":0},{"ddd":0,"ind":17,"ty":2,"nm":"R leg 11","parent":16,"refId":"image_19","sr":1,"ks":{"o":{"a":0,"k":100,"ix":11},"r":{"k":[{"s":[0.965],"t":17,"i":{"x":[1],"y":[1]},"o":{"x":[0],"y":[0]}},{"s":[1.633],"t":18,"i":{"x":[1],"y":[1]},"o":{"x":[0],"y":[0]}},{"s":[11.678],"t":19,"i":{"x":[1],"y":[1]},"o":{"x":[0],"y":[0]}},{"s":[17.102],"t":20,"i":{"x":[1],"y":[1]},"o":{"x":[0],"y":[0]}},{"s":[21.091],"t":21,"i":{"x":[1],"y":[1]},"o":{"x":[0],"y":[0]}},{"s":[24.835],"t":22,"i":{"x":[1],"y":[1]},"o":{"x":[0],"y":[0]}},{"s":[28.272],"t":23,"i":{"x":[1],"y":[1]},"o":{"x":[0],"y":[0]}},{"s":[31.468],"t":24,"i":{"x":[1],"y":[1]},"o":{"x":[0],"y":[0]}},{"s":[34.511],"t":25,"i":{"x":[1],"y":[1]},"o":{"x":[0],"y":[0]}},{"s":[37.509],"t":26,"i":{"x":[1],"y":[1]},"o":{"x":[0],"y":[0]}},{"s":[40.647],"t":27,"i":{"x":[1],"y":[1]},"o":{"x":[0],"y":[0]}},{"s":[44.387],"t":28,"i":{"x":[1],"y":[1]},"o":{"x":[0],"y":[0]}},{"s":[50.203],"t":29,"i":{"x":[1],"y":[1]},"o":{"x":[0],"y":[0]}},{"s":[53.636],"t":30,"i":{"x":[1],"y":[1]},"o":{"x":[0],"y":[0]}},{"s":[57.328],"t":31,"i":{"x":[1],"y":[1]},"o":{"x":[0],"y":[0]}},{"s":[58.593],"t":32,"i":{"x":[1],"y":[1]},"o":{"x":[0],"y":[0]}},{"s":[58.244],"t":33,"i":{"x":[1],"y":[1]},"o":{"x":[0],"y":[0]}},{"s":[56.415],"t":34,"i":{"x":[1],"y":[1]},"o":{"x":[0],"y":[0]}},{"s":[53.072],"t":35,"i":{"x":[1],"y":[1]},"o":{"x":[0],"y":[0]}},{"s":[48.027],"t":36,"i":{"x":[1],"y":[1]},"o":{"x":[0],"y":[0]}},{"s":[40.81],"t":37,"i":{"x":[1],"y":[1]},"o":{"x":[0],"y":[0]}},{"s":[30.093],"t":38,"i":{"x":[1],"y":[1]},"o":{"x":[0],"y":[0]}},{"s":[4.522],"t":39,"i":{"x":[1],"y":[1]},"o":{"x":[0],"y":[0]}},{"s":[0.965],"t":40,"i":{"x":[1],"y":[1]},"o":{"x":[0],"y":[0]}}]},"p":{"k":[{"s":[26.794,168.135,0],"t":0,"i":{"x":1,"y":1},"o":{"x":0,"y":0}},{"s":[26.794,168.135,0],"t":40,"i":{"x":1,"y":1},"o":{"x":0,"y":0}}],"l":2},"a":{"a":0,"k":[23.11,23.364,0],"ix":1,"l":2},"s":{"a":0,"k":[100,100,100],"ix":6,"l":2}},"ao":0,"ef":[{"ty":5,"nm":"IK","np":3,"mn":"Pseudo/DUIK ik","ix":1,"en":1,"ef":[{"ty":10,"nm":"Controller","mn":"Pseudo/DUIK ik-0001","ix":1,"v":{"a":0,"k":4,"ix":1}}]}],"ip":0,"op":150.000006109625,"st":0,"cp":false,"bm":0},{"ddd":0,"ind":18,"ty":0,"nm":"R shoes 111","parent":17,"refId":"comp_5","sr":1,"ks":{"o":{"a":0,"k":100,"ix":11},"r":{"k":[{"s":[10.46],"t":0,"i":{"x":[1],"y":[1]},"o":{"x":[0],"y":[0]}},{"s":[9.114],"t":1,"i":{"x":[1],"y":[1]},"o":{"x":[0],"y":[0]}},{"s":[7.598],"t":2,"i":{"x":[1],"y":[1]},"o":{"x":[0],"y":[0]}},{"s":[5.958],"t":3,"i":{"x":[1],"y":[1]},"o":{"x":[0],"y":[0]}},{"s":[4.237],"t":4,"i":{"x":[1],"y":[1]},"o":{"x":[0],"y":[0]}},{"s":[2.473],"t":5,"i":{"x":[1],"y":[1]},"o":{"x":[0],"y":[0]}},{"s":[0.712],"t":6,"i":{"x":[1],"y":[1]},"o":{"x":[0],"y":[0]}},{"s":[-1.008],"t":7,"i":{"x":[1],"y":[1]},"o":{"x":[0],"y":[0]}},{"s":[-2.645],"t":8,"i":{"x":[1],"y":[1]},"o":{"x":[0],"y":[0]}},{"s":[-4.154],"t":9,"i":{"x":[1],"y":[1]},"o":{"x":[0],"y":[0]}},{"s":[-5.491],"t":10,"i":{"x":[1],"y":[1]},"o":{"x":[0],"y":[0]}},{"s":[-6.725],"t":11,"i":{"x":[1],"y":[1]},"o":{"x":[0],"y":[0]}},{"s":[-6.994],"t":12,"i":{"x":[1],"y":[1]},"o":{"x":[0],"y":[0]}},{"s":[-6.538],"t":13,"i":{"x":[1],"y":[1]},"o":{"x":[0],"y":[0]}},{"s":[-5.607],"t":14,"i":{"x":[1],"y":[1]},"o":{"x":[0],"y":[0]}},{"s":[-4.443],"t":15,"i":{"x":[1],"y":[1]},"o":{"x":[0],"y":[0]}},{"s":[-3.287],"t":16,"i":{"x":[1],"y":[1]},"o":{"x":[0],"y":[0]}},{"s":[-2.384],"t":17,"i":{"x":[1],"y":[1]},"o":{"x":[0],"y":[0]}},{"s":[-2.302],"t":18,"i":{"x":[1],"y":[1]},"o":{"x":[0],"y":[0]}},{"s":[-7.583],"t":19,"i":{"x":[1],"y":[1]},"o":{"x":[0],"y":[0]}},{"s":[-11.555],"t":20,"i":{"x":[1],"y":[1]},"o":{"x":[0],"y":[0]}},{"s":[-13.849],"t":21,"i":{"x":[1],"y":[1]},"o":{"x":[0],"y":[0]}},{"s":[-14.248],"t":22,"i":{"x":[1],"y":[1]},"o":{"x":[0],"y":[0]}},{"s":[-13.167],"t":23,"i":{"x":[1],"y":[1]},"o":{"x":[0],"y":[0]}},{"s":[-11.085],"t":24,"i":{"x":[1],"y":[1]},"o":{"x":[0],"y":[0]}},{"s":[-8.487],"t":25,"i":{"x":[1],"y":[1]},"o":{"x":[0],"y":[0]}},{"s":[-5.867],"t":26,"i":{"x":[1],"y":[1]},"o":{"x":[0],"y":[0]}},{"s":[-3.746],"t":27,"i":{"x":[1],"y":[1]},"o":{"x":[0],"y":[0]}},{"s":[-2.745],"t":28,"i":{"x":[1],"y":[1]},"o":{"x":[0],"y":[0]}},{"s":[-3.282],"t":29,"i":{"x":[1],"y":[1]},"o":{"x":[0],"y":[0]}},{"s":[-2.664],"t":30,"i":{"x":[1],"y":[1]},"o":{"x":[0],"y":[0]}},{"s":[-1.784],"t":31,"i":{"x":[1],"y":[1]},"o":{"x":[0],"y":[0]}},{"s":[-2.049],"t":32,"i":{"x":[1],"y":[1]},"o":{"x":[0],"y":[0]}},{"s":[-3.198],"t":33,"i":{"x":[1],"y":[1]},"o":{"x":[0],"y":[0]}},{"s":[-4.87],"t":34,"i":{"x":[1],"y":[1]},"o":{"x":[0],"y":[0]}},{"s":[-6.739],"t":35,"i":{"x":[1],"y":[1]},"o":{"x":[0],"y":[0]}},{"s":[-8.449],"t":36,"i":{"x":[1],"y":[1]},"o":{"x":[0],"y":[0]}},{"s":[-9.48],"t":37,"i":{"x":[1],"y":[1]},"o":{"x":[0],"y":[0]}},{"s":[-8.783],"t":38,"i":{"x":[1],"y":[1]},"o":{"x":[0],"y":[0]}},{"s":[-0.006],"t":39,"i":{"x":[1],"y":[1]},"o":{"x":[0],"y":[0]}},{"s":[0.982],"t":40,"i":{"x":[1],"y":[1]},"o":{"x":[0],"y":[0]}}]},"p":{"k":[{"s":[25.109,168.596,0],"t":0,"i":{"x":1,"y":1},"o":{"x":0,"y":0}},{"s":[25.109,168.596,0],"t":40,"i":{"x":1,"y":1},"o":{"x":0,"y":0}}],"l":2},"a":{"a":0,"k":[12.802,10.559,0],"ix":1,"l":2},"s":{"a":0,"k":[100,100,100],"ix":6,"l":2}},"ao":0,"ef":[{"ty":5,"nm":"IK","np":3,"mn":"Pseudo/DUIK ik","ix":1,"en":1,"ef":[{"ty":10,"nm":"Controller","mn":"Pseudo/DUIK ik-0001","ix":1,"v":{"a":0,"k":4,"ix":1}}]}],"w":70,"h":47,"ip":0,"op":150.000006109625,"st":0,"cp":false,"bm":0},{"ddd":0,"ind":19,"ty":2,"nm":"R hand 1","parent":11,"refId":"image_20","sr":1,"ks":{"o":{"a":0,"k":100,"ix":11},"r":{"k":[{"s":[30.666],"t":0,"i":{"x":[1],"y":[1]},"o":{"x":[0],"y":[0]}},{"s":[30.339],"t":1,"i":{"x":[1],"y":[1]},"o":{"x":[0],"y":[0]}},{"s":[29.999],"t":2,"i":{"x":[1],"y":[1]},"o":{"x":[0],"y":[0]}},{"s":[29.649],"t":3,"i":{"x":[1],"y":[1]},"o":{"x":[0],"y":[0]}},{"s":[29.289],"t":4,"i":{"x":[1],"y":[1]},"o":{"x":[0],"y":[0]}},{"s":[28.918],"t":5,"i":{"x":[1],"y":[1]},"o":{"x":[0],"y":[0]}},{"s":[28.537],"t":6,"i":{"x":[1],"y":[1]},"o":{"x":[0],"y":[0]}},{"s":[28.145],"t":7,"i":{"x":[1],"y":[1]},"o":{"x":[0],"y":[0]}},{"s":[27.743],"t":8,"i":{"x":[1],"y":[1]},"o":{"x":[0],"y":[0]}},{"s":[27.332],"t":9,"i":{"x":[1],"y":[1]},"o":{"x":[0],"y":[0]}},{"s":[26.91],"t":10,"i":{"x":[1],"y":[1]},"o":{"x":[0],"y":[0]}},{"s":[26.477],"t":11,"i":{"x":[1],"y":[1]},"o":{"x":[0],"y":[0]}},{"s":[26.032],"t":12,"i":{"x":[1],"y":[1]},"o":{"x":[0],"y":[0]}},{"s":[25.575],"t":13,"i":{"x":[1],"y":[1]},"o":{"x":[0],"y":[0]}},{"s":[25.107],"t":14,"i":{"x":[1],"y":[1]},"o":{"x":[0],"y":[0]}},{"s":[24.627],"t":15,"i":{"x":[1],"y":[1]},"o":{"x":[0],"y":[0]}},{"s":[24.14],"t":16,"i":{"x":[1],"y":[1]},"o":{"x":[0],"y":[0]}},{"s":[23.64],"t":17,"i":{"x":[1],"y":[1]},"o":{"x":[0],"y":[0]}},{"s":[23.121],"t":18,"i":{"x":[1],"y":[1]},"o":{"x":[0],"y":[0]}},{"s":[22.589],"t":19,"i":{"x":[1],"y":[1]},"o":{"x":[0],"y":[0]}},{"s":[22.047],"t":20,"i":{"x":[1],"y":[1]},"o":{"x":[0],"y":[0]}},{"s":[22.589],"t":21,"i":{"x":[1],"y":[1]},"o":{"x":[0],"y":[0]}},{"s":[23.121],"t":22,"i":{"x":[1],"y":[1]},"o":{"x":[0],"y":[0]}},{"s":[23.64],"t":23,"i":{"x":[1],"y":[1]},"o":{"x":[0],"y":[0]}},{"s":[24.14],"t":24,"i":{"x":[1],"y":[1]},"o":{"x":[0],"y":[0]}},{"s":[24.627],"t":25,"i":{"x":[1],"y":[1]},"o":{"x":[0],"y":[0]}},{"s":[25.107],"t":26,"i":{"x":[1],"y":[1]},"o":{"x":[0],"y":[0]}},{"s":[25.575],"t":27,"i":{"x":[1],"y":[1]},"o":{"x":[0],"y":[0]}},{"s":[26.032],"t":28,"i":{"x":[1],"y":[1]},"o":{"x":[0],"y":[0]}},{"s":[26.477],"t":29,"i":{"x":[1],"y":[1]},"o":{"x":[0],"y":[0]}},{"s":[26.91],"t":30,"i":{"x":[1],"y":[1]},"o":{"x":[0],"y":[0]}},{"s":[27.332],"t":31,"i":{"x":[1],"y":[1]},"o":{"x":[0],"y":[0]}},{"s":[27.743],"t":32,"i":{"x":[1],"y":[1]},"o":{"x":[0],"y":[0]}},{"s":[28.145],"t":33,"i":{"x":[1],"y":[1]},"o":{"x":[0],"y":[0]}},{"s":[28.537],"t":34,"i":{"x":[1],"y":[1]},"o":{"x":[0],"y":[0]}},{"s":[28.918],"t":35,"i":{"x":[1],"y":[1]},"o":{"x":[0],"y":[0]}},{"s":[29.289],"t":36,"i":{"x":[1],"y":[1]},"o":{"x":[0],"y":[0]}},{"s":[29.649],"t":37,"i":{"x":[1],"y":[1]},"o":{"x":[0],"y":[0]}},{"s":[29.999],"t":38,"i":{"x":[1],"y":[1]},"o":{"x":[0],"y":[0]}},{"s":[30.339],"t":39,"i":{"x":[1],"y":[1]},"o":{"x":[0],"y":[0]}},{"s":[30.666],"t":40,"i":{"x":[1],"y":[1]},"o":{"x":[0],"y":[0]}}]},"p":{"a":0,"k":[133.841,42.363,0],"ix":2,"l":2},"a":{"a":0,"k":[20.926,20.387,0],"ix":1,"l":2},"s":{"a":0,"k":[100,100,100],"ix":6,"l":2}},"ao":0,"ef":[{"ty":5,"nm":"IK","np":3,"mn":"Pseudo/DUIK ik","ix":1,"en":1,"ef":[{"ty":10,"nm":"Controller","mn":"Pseudo/DUIK ik-0001","ix":1,"v":{"a":0,"k":2,"ix":1}}]}],"ip":0,"op":150.000006109625,"st":0,"cp":false,"bm":0},{"ddd":0,"ind":20,"ty":2,"nm":"R hand 11","parent":19,"refId":"image_21","sr":1,"ks":{"o":{"a":0,"k":100,"ix":11},"r":{"k":[{"s":[-29.662],"t":0,"i":{"x":[1],"y":[1]},"o":{"x":[0],"y":[0]}},{"s":[-29.753],"t":1,"i":{"x":[1],"y":[1]},"o":{"x":[0],"y":[0]}},{"s":[-29.821],"t":2,"i":{"x":[1],"y":[1]},"o":{"x":[0],"y":[0]}},{"s":[-29.867],"t":3,"i":{"x":[1],"y":[1]},"o":{"x":[0],"y":[0]}},{"s":[-29.87],"t":6,"i":{"x":[1],"y":[1]},"o":{"x":[0],"y":[0]}},{"s":[-29.826],"t":7,"i":{"x":[1],"y":[1]},"o":{"x":[0],"y":[0]}},{"s":[-29.76],"t":8,"i":{"x":[1],"y":[1]},"o":{"x":[0],"y":[0]}},{"s":[-29.671],"t":9,"i":{"x":[1],"y":[1]},"o":{"x":[0],"y":[0]}},{"s":[-29.559],"t":10,"i":{"x":[1],"y":[1]},"o":{"x":[0],"y":[0]}},{"s":[-29.424],"t":11,"i":{"x":[1],"y":[1]},"o":{"x":[0],"y":[0]}},{"s":[-29.266],"t":12,"i":{"x":[1],"y":[1]},"o":{"x":[0],"y":[0]}},{"s":[-29.082],"t":13,"i":{"x":[1],"y":[1]},"o":{"x":[0],"y":[0]}},{"s":[-28.874],"t":14,"i":{"x":[1],"y":[1]},"o":{"x":[0],"y":[0]}},{"s":[-28.64],"t":15,"i":{"x":[1],"y":[1]},"o":{"x":[0],"y":[0]}},{"s":[-28.383],"t":16,"i":{"x":[1],"y":[1]},"o":{"x":[0],"y":[0]}},{"s":[-28.099],"t":17,"i":{"x":[1],"y":[1]},"o":{"x":[0],"y":[0]}},{"s":[-27.784],"t":18,"i":{"x":[1],"y":[1]},"o":{"x":[0],"y":[0]}},{"s":[-27.439],"t":19,"i":{"x":[1],"y":[1]},"o":{"x":[0],"y":[0]}},{"s":[-27.066],"t":20,"i":{"x":[1],"y":[1]},"o":{"x":[0],"y":[0]}},{"s":[-27.439],"t":21,"i":{"x":[1],"y":[1]},"o":{"x":[0],"y":[0]}},{"s":[-27.784],"t":22,"i":{"x":[1],"y":[1]},"o":{"x":[0],"y":[0]}},{"s":[-28.099],"t":23,"i":{"x":[1],"y":[1]},"o":{"x":[0],"y":[0]}},{"s":[-28.383],"t":24,"i":{"x":[1],"y":[1]},"o":{"x":[0],"y":[0]}},{"s":[-28.64],"t":25,"i":{"x":[1],"y":[1]},"o":{"x":[0],"y":[0]}},{"s":[-28.874],"t":26,"i":{"x":[1],"y":[1]},"o":{"x":[0],"y":[0]}},{"s":[-29.082],"t":27,"i":{"x":[1],"y":[1]},"o":{"x":[0],"y":[0]}},{"s":[-29.266],"t":28,"i":{"x":[1],"y":[1]},"o":{"x":[0],"y":[0]}},{"s":[-29.424],"t":29,"i":{"x":[1],"y":[1]},"o":{"x":[0],"y":[0]}},{"s":[-29.559],"t":30,"i":{"x":[1],"y":[1]},"o":{"x":[0],"y":[0]}},{"s":[-29.671],"t":31,"i":{"x":[1],"y":[1]},"o":{"x":[0],"y":[0]}},{"s":[-29.76],"t":32,"i":{"x":[1],"y":[1]},"o":{"x":[0],"y":[0]}},{"s":[-29.826],"t":33,"i":{"x":[1],"y":[1]},"o":{"x":[0],"y":[0]}},{"s":[-29.87],"t":34,"i":{"x":[1],"y":[1]},"o":{"x":[0],"y":[0]}},{"s":[-29.867],"t":37,"i":{"x":[1],"y":[1]},"o":{"x":[0],"y":[0]}},{"s":[-29.821],"t":38,"i":{"x":[1],"y":[1]},"o":{"x":[0],"y":[0]}},{"s":[-29.753],"t":39,"i":{"x":[1],"y":[1]},"o":{"x":[0],"y":[0]}},{"s":[-29.662],"t":40,"i":{"x":[1],"y":[1]},"o":{"x":[0],"y":[0]}}]},"p":{"k":[{"s":[59.59,100.372,0],"t":0,"i":{"x":1,"y":1},"o":{"x":0,"y":0}},{"s":[59.59,100.372,0],"t":40,"i":{"x":1,"y":1},"o":{"x":0,"y":0}}],"l":2},"a":{"a":0,"k":[17.66,17.691,0],"ix":1,"l":2},"s":{"a":0,"k":[100,100,100],"ix":6,"l":2}},"ao":0,"ef":[{"ty":5,"nm":"IK","np":3,"mn":"Pseudo/DUIK ik","ix":1,"en":1,"ef":[{"ty":10,"nm":"Controller","mn":"Pseudo/DUIK ik-0001","ix":1,"v":{"a":0,"k":2,"ix":1}}]}],"ip":0,"op":150.000006109625,"st":0,"cp":false,"bm":0},{"ddd":0,"ind":21,"ty":2,"nm":"R hand 111","parent":20,"refId":"image_22","sr":1,"ks":{"o":{"a":0,"k":100,"ix":11},"r":{"k":[{"s":[-19.005],"t":0,"i":{"x":[1],"y":[1]},"o":{"x":[0],"y":[0]}},{"s":[-18.586],"t":1,"i":{"x":[1],"y":[1]},"o":{"x":[0],"y":[0]}},{"s":[-18.178],"t":2,"i":{"x":[1],"y":[1]},"o":{"x":[0],"y":[0]}},{"s":[-17.782],"t":3,"i":{"x":[1],"y":[1]},"o":{"x":[0],"y":[0]}},{"s":[-17.398],"t":4,"i":{"x":[1],"y":[1]},"o":{"x":[0],"y":[0]}},{"s":[-17.027],"t":5,"i":{"x":[1],"y":[1]},"o":{"x":[0],"y":[0]}},{"s":[-16.667],"t":6,"i":{"x":[1],"y":[1]},"o":{"x":[0],"y":[0]}},{"s":[-16.319],"t":7,"i":{"x":[1],"y":[1]},"o":{"x":[0],"y":[0]}},{"s":[-15.983],"t":8,"i":{"x":[1],"y":[1]},"o":{"x":[0],"y":[0]}},{"s":[-15.661],"t":9,"i":{"x":[1],"y":[1]},"o":{"x":[0],"y":[0]}},{"s":[-15.35],"t":10,"i":{"x":[1],"y":[1]},"o":{"x":[0],"y":[0]}},{"s":[-15.052],"t":11,"i":{"x":[1],"y":[1]},"o":{"x":[0],"y":[0]}},{"s":[-14.767],"t":12,"i":{"x":[1],"y":[1]},"o":{"x":[0],"y":[0]}},{"s":[-14.493],"t":13,"i":{"x":[1],"y":[1]},"o":{"x":[0],"y":[0]}},{"s":[-14.233],"t":14,"i":{"x":[1],"y":[1]},"o":{"x":[0],"y":[0]}},{"s":[-13.987],"t":15,"i":{"x":[1],"y":[1]},"o":{"x":[0],"y":[0]}},{"s":[-13.757],"t":16,"i":{"x":[1],"y":[1]},"o":{"x":[0],"y":[0]}},{"s":[-13.541],"t":17,"i":{"x":[1],"y":[1]},"o":{"x":[0],"y":[0]}},{"s":[-13.338],"t":18,"i":{"x":[1],"y":[1]},"o":{"x":[0],"y":[0]}},{"s":[-13.15],"t":19,"i":{"x":[1],"y":[1]},"o":{"x":[0],"y":[0]}},{"s":[-12.981],"t":20,"i":{"x":[1],"y":[1]},"o":{"x":[0],"y":[0]}},{"s":[-13.15],"t":21,"i":{"x":[1],"y":[1]},"o":{"x":[0],"y":[0]}},{"s":[-13.338],"t":22,"i":{"x":[1],"y":[1]},"o":{"x":[0],"y":[0]}},{"s":[-13.541],"t":23,"i":{"x":[1],"y":[1]},"o":{"x":[0],"y":[0]}},{"s":[-13.757],"t":24,"i":{"x":[1],"y":[1]},"o":{"x":[0],"y":[0]}},{"s":[-13.987],"t":25,"i":{"x":[1],"y":[1]},"o":{"x":[0],"y":[0]}},{"s":[-14.233],"t":26,"i":{"x":[1],"y":[1]},"o":{"x":[0],"y":[0]}},{"s":[-14.493],"t":27,"i":{"x":[1],"y":[1]},"o":{"x":[0],"y":[0]}},{"s":[-14.767],"t":28,"i":{"x":[1],"y":[1]},"o":{"x":[0],"y":[0]}},{"s":[-15.052],"t":29,"i":{"x":[1],"y":[1]},"o":{"x":[0],"y":[0]}},{"s":[-15.35],"t":30,"i":{"x":[1],"y":[1]},"o":{"x":[0],"y":[0]}},{"s":[-15.661],"t":31,"i":{"x":[1],"y":[1]},"o":{"x":[0],"y":[0]}},{"s":[-15.983],"t":32,"i":{"x":[1],"y":[1]},"o":{"x":[0],"y":[0]}},{"s":[-16.319],"t":33,"i":{"x":[1],"y":[1]},"o":{"x":[0],"y":[0]}},{"s":[-16.667],"t":34,"i":{"x":[1],"y":[1]},"o":{"x":[0],"y":[0]}},{"s":[-17.027],"t":35,"i":{"x":[1],"y":[1]},"o":{"x":[0],"y":[0]}},{"s":[-17.398],"t":36,"i":{"x":[1],"y":[1]},"o":{"x":[0],"y":[0]}},{"s":[-17.782],"t":37,"i":{"x":[1],"y":[1]},"o":{"x":[0],"y":[0]}},{"s":[-18.178],"t":38,"i":{"x":[1],"y":[1]},"o":{"x":[0],"y":[0]}},{"s":[-18.586],"t":39,"i":{"x":[1],"y":[1]},"o":{"x":[0],"y":[0]}},{"s":[-19.005],"t":40,"i":{"x":[1],"y":[1]},"o":{"x":[0],"y":[0]}}]},"p":{"k":[{"s":[44.879,91.475,0],"t":0,"i":{"x":1,"y":1},"o":{"x":0,"y":0}},{"s":[44.879,91.475,0],"t":40,"i":{"x":1,"y":1},"o":{"x":0,"y":0}}],"l":2},"a":{"a":0,"k":[22.029,8.711,0],"ix":1,"l":2},"s":{"a":0,"k":[-100,100,100],"ix":6,"l":2}},"ao":0,"ef":[{"ty":5,"nm":"IK","np":3,"mn":"Pseudo/DUIK ik","ix":1,"en":1,"ef":[{"ty":10,"nm":"Controller","mn":"Pseudo/DUIK ik-0001","ix":1,"v":{"a":0,"k":2,"ix":1}}]}],"ip":0,"op":150.000006109625,"st":0,"cp":false,"bm":0}]},{"id":"comp_1","nm":"Pre-comp 1","fr":29.9700012207031,"layers":[{"ddd":0,"ind":1,"ty":2,"nm":"Asset 6.png 2","cl":"png","refId":"image_0","sr":1,"ks":{"o":{"a":0,"k":100,"ix":11},"r":{"a":0,"k":14,"ix":10},"p":{"a":0,"k":[94.625,114.125,0],"ix":2,"l":2},"a":{"a":0,"k":[31,5,0],"ix":1,"l":2},"s":{"a":0,"k":[23.559,-50.484,100],"ix":6,"l":2}},"ao":0,"ef":[{"ty":21,"nm":"Fill","np":9,"mn":"ADBE Fill","ix":1,"en":1,"ef":[{"ty":10,"nm":"Fill Mask","mn":"ADBE Fill-0001","ix":1,"v":{"a":0,"k":0,"ix":1}},{"ty":7,"nm":"All Masks","mn":"ADBE Fill-0007","ix":2,"v":{"a":0,"k":0,"ix":2}},{"ty":2,"nm":"Color","mn":"ADBE Fill-0002","ix":3,"v":{"a":0,"k":[0.86274510622,0.601922333241,0.504113793373,1],"ix":3}},{"ty":7,"nm":"Invert","mn":"ADBE Fill-0006","ix":4,"v":{"a":0,"k":0,"ix":4}},{"ty":0,"nm":"Horizontal Feather","mn":"ADBE Fill-0003","ix":5,"v":{"a":0,"k":0,"ix":5}},{"ty":0,"nm":"Vertical Feather","mn":"ADBE Fill-0004","ix":6,"v":{"a":0,"k":0,"ix":6}},{"ty":0,"nm":"Opacity","mn":"ADBE Fill-0005","ix":7,"v":{"a":0,"k":1,"ix":7}}]}],"ip":0,"op":150.000006109625,"st":0,"cp":false,"bm":0},{"ddd":0,"ind":2,"ty":2,"nm":"Asset 6.png 3","cl":"png","refId":"image_0","sr":1,"ks":{"o":{"a":0,"k":100,"ix":11},"r":{"a":0,"k":-6,"ix":10},"p":{"a":0,"k":[94.625,114.375,0],"ix":2,"l":2},"a":{"a":0,"k":[31,5,0],"ix":1,"l":2},"s":{"a":0,"k":[28.226,60.484,100],"ix":6,"l":2}},"ao":0,"ef":[{"ty":21,"nm":"Fill","np":9,"mn":"ADBE Fill","ix":1,"en":1,"ef":[{"ty":10,"nm":"Fill Mask","mn":"ADBE Fill-0001","ix":1,"v":{"a":0,"k":0,"ix":1}},{"ty":7,"nm":"All Masks","mn":"ADBE Fill-0007","ix":2,"v":{"a":0,"k":0,"ix":2}},{"ty":2,"nm":"Color","mn":"ADBE Fill-0002","ix":3,"v":{"a":0,"k":[0.964705944061,0.690196096897,0.57647061348,1],"ix":3}},{"ty":7,"nm":"Invert","mn":"ADBE Fill-0006","ix":4,"v":{"a":0,"k":0,"ix":4}},{"ty":0,"nm":"Horizontal Feather","mn":"ADBE Fill-0003","ix":5,"v":{"a":0,"k":0,"ix":5}},{"ty":0,"nm":"Vertical Feather","mn":"ADBE Fill-0004","ix":6,"v":{"a":0,"k":0,"ix":6}},{"ty":0,"nm":"Opacity","mn":"ADBE Fill-0005","ix":7,"v":{"a":0,"k":1,"ix":7}}]}],"ip":0,"op":150.000006109625,"st":0,"cp":false,"bm":0},{"ddd":0,"ind":3,"ty":2,"nm":"Layer 8","refId":"image_1","sr":1,"ks":{"o":{"a":0,"k":100,"ix":11},"r":{"a":0,"k":0,"ix":10},"p":{"a":0,"k":[72.097,52.556,0],"ix":2,"l":2},"a":{"a":0,"k":[70.09,44.831,0],"ix":1,"l":2},"s":{"a":0,"k":[100,100,100],"ix":6,"l":2}},"ao":0,"ip":0,"op":150.000006109625,"st":0,"cp":false,"bm":0},{"ddd":0,"ind":4,"ty":2,"nm":"Layer 12","refId":"image_2","sr":1,"ks":{"o":{"a":0,"k":100,"ix":11},"r":{"a":0,"k":0,"ix":10},"p":{"a":0,"k":[79.201,69.144,0],"ix":2,"l":2},"a":{"a":0,"k":[9.386,2.692,0],"ix":1,"l":2},"s":{"a":0,"k":[100,100,100],"ix":6,"l":2}},"ao":0,"ip":0,"op":150.000006109625,"st":0,"cp":false,"bm":0},{"ddd":0,"ind":5,"ty":2,"nm":"Layer 11","refId":"image_3","sr":1,"ks":{"o":{"a":0,"k":100,"ix":11},"r":{"a":0,"k":0,"ix":10},"p":{"a":0,"k":[111.061,69.24,0],"ix":2,"l":2},"a":{"a":0,"k":[9.389,2.759,0],"ix":1,"l":2},"s":{"a":0,"k":[100,100,100],"ix":6,"l":2}},"ao":0,"ip":0,"op":150.000006109625,"st":0,"cp":false,"bm":0},{"ddd":0,"ind":6,"ty":2,"nm":"Layer 9","refId":"image_4","sr":1,"ks":{"o":{"a":0,"k":100,"ix":11},"r":{"a":0,"k":0,"ix":10},"p":{"a":0,"k":[105.226,83.956,0],"ix":2,"l":2},"a":{"a":0,"k":[5.191,5.192,0],"ix":1,"l":2},"s":{"a":1,"k":[{"i":{"x":[0.833,0.833,0.833],"y":[0.833,0.833,0.833]},"o":{"x":[0.167,0.167,0.167],"y":[0.167,0.167,0.167]},"t":0,"s":[100,100,100]},{"i":{"x":[0.833,0.833,0.833],"y":[0.833,0.833,0.833]},"o":{"x":[0.167,0.167,0.167],"y":[0.167,0.167,0.167]},"t":2,"s":[100,0,100]},{"i":{"x":[0.833,0.833,0.833],"y":[0.833,0.833,0.833]},"o":{"x":[0.167,0.167,0.167],"y":[0.167,0.167,0.167]},"t":4,"s":[100,100,100]},{"i":{"x":[0.833,0.833,0.833],"y":[0.833,0.833,0.833]},"o":{"x":[0.167,0.167,0.167],"y":[0.167,0.167,0.167]},"t":20,"s":[100,100,100]},{"i":{"x":[0.833,0.833,0.833],"y":[0.833,0.833,0.833]},"o":{"x":[0.167,0.167,0.167],"y":[0.167,0.167,0.167]},"t":22,"s":[100,0,100]},{"t":24.00000097754,"s":[100,100,100]}],"ix":6,"l":2}},"ao":0,"ip":0,"op":150.000006109625,"st":0,"cp":false,"bm":0},{"ddd":0,"ind":7,"ty":2,"nm":"Layer 10","refId":"image_5","sr":1,"ks":{"o":{"a":0,"k":100,"ix":11},"r":{"a":0,"k":0,"ix":10},"p":{"a":0,"k":[80.466,82.128,0],"ix":2,"l":2},"a":{"a":0,"k":[5.192,5.192,0],"ix":1,"l":2},"s":{"a":1,"k":[{"i":{"x":[0.833,0.833,0.833],"y":[0.833,0.833,0.833]},"o":{"x":[0.167,0.167,0.167],"y":[0.167,0.167,0.167]},"t":0,"s":[100,100,100]},{"i":{"x":[0.833,0.833,0.833],"y":[0.833,0.833,0.833]},"o":{"x":[0.167,0.167,0.167],"y":[0.167,0.167,0.167]},"t":2,"s":[100,0,100]},{"i":{"x":[0.833,0.833,0.833],"y":[0.833,0.833,0.833]},"o":{"x":[0.167,0.167,0.167],"y":[0.167,0.167,0.167]},"t":4,"s":[100,100,100]},{"i":{"x":[0.833,0.833,0.833],"y":[0.833,0.833,0.833]},"o":{"x":[0.167,0.167,0.167],"y":[0.167,0.167,0.167]},"t":20,"s":[100,100,100]},{"i":{"x":[0.833,0.833,0.833],"y":[0.833,0.833,0.833]},"o":{"x":[0.167,0.167,0.167],"y":[0.167,0.167,0.167]},"t":22,"s":[100,0,100]},{"t":24.00000097754,"s":[100,100,100]}],"ix":6,"l":2}},"ao":0,"ip":0,"op":150.000006109625,"st":0,"cp":false,"bm":0},{"ddd":0,"ind":8,"ty":2,"nm":"Layer 22","refId":"image_6","sr":1,"ks":{"o":{"a":0,"k":100,"ix":11},"r":{"a":0,"k":0,"ix":10},"p":{"a":0,"k":[80.776,83.489,0],"ix":2,"l":2},"a":{"a":0,"k":[48.553,58.451,0],"ix":1,"l":2},"s":{"a":0,"k":[100,100,100],"ix":6,"l":2}},"ao":0,"ip":0,"op":150.000006109625,"st":0,"cp":false,"bm":0},{"ddd":0,"ind":9,"ty":2,"nm":"Layer 21","refId":"image_7","sr":1,"ks":{"o":{"a":0,"k":100,"ix":11},"r":{"a":0,"k":0,"ix":10},"p":{"a":0,"k":[86.588,89.334,0],"ix":2,"l":2},"a":{"a":0,"k":[65.506,40.398,0],"ix":1,"l":2},"s":{"a":0,"k":[100,100,100],"ix":6,"l":2}},"ao":0,"ip":0,"op":150.000006109625,"st":0,"cp":false,"bm":0},{"ddd":0,"ind":10,"ty":2,"nm":"Layer 13","refId":"image_6","sr":1,"ks":{"o":{"a":0,"k":100,"ix":11},"r":{"a":0,"k":0,"ix":10},"p":{"a":0,"k":[80.776,83.489,0],"ix":2,"l":2},"a":{"a":0,"k":[48.553,58.451,0],"ix":1,"l":2},"s":{"a":0,"k":[100,100,100],"ix":6,"l":2}},"ao":0,"ip":0,"op":150.000006109625,"st":0,"cp":false,"bm":0}]},{"id":"comp_2","nm":"neck Comp 1","fr":29.9700012207031,"layers":[{"ddd":0,"ind":1,"ty":2,"nm":"Layer 14","refId":"image_12","sr":1,"ks":{"o":{"a":0,"k":100,"ix":11},"r":{"a":0,"k":7.176,"ix":10},"p":{"a":0,"k":[18.36,52.145,0],"ix":2,"l":2},"a":{"a":0,"k":[19.73,38.22,0],"ix":1,"l":2},"s":{"a":0,"k":[100,100,100],"ix":6,"l":2}},"ao":0,"ip":0,"op":150.000006109625,"st":0,"cp":false,"bm":0}]},{"id":"comp_3","nm":"body Comp 1","fr":29.9700012207031,"layers":[{"ddd":0,"ind":1,"ty":2,"nm":"Layer 15","refId":"image_13","sr":1,"ks":{"o":{"a":0,"k":100,"ix":11},"r":{"a":0,"k":0,"ix":10},"p":{"a":0,"k":[78.411,115.588,0],"ix":2,"l":2},"a":{"a":0,"k":[68.427,121.032,0],"ix":1,"l":2},"s":{"a":0,"k":[100,100,100],"ix":6,"l":2}},"ao":0,"ip":0,"op":150.000006109625,"st":0,"cp":false,"bm":0}]},{"id":"comp_4","nm":"L shoes 111 Comp 1","fr":29.9700012207031,"layers":[{"ddd":0,"ind":1,"ty":2,"nm":"Layer 20","refId":"image_17","sr":1,"ks":{"o":{"a":0,"k":100,"ix":11},"r":{"a":0,"k":0,"ix":10},"p":{"a":0,"k":[13.31,0.408,0],"ix":2,"l":2},"a":{"a":0,"k":[14.875,13.083,0],"ix":1,"l":2},"s":{"a":0,"k":[100,100,100],"ix":6,"l":2}},"ao":0,"ip":0,"op":150.000006109625,"st":0,"cp":false,"bm":0}]},{"id":"comp_5","nm":"R shoes 111 Comp 1","fr":29.9700012207031,"layers":[{"ddd":0,"ind":1,"ty":2,"nm":"Layer 20","refId":"image_17","sr":1,"ks":{"o":{"a":0,"k":100,"ix":11},"r":{"a":0,"k":0,"ix":10},"p":{"a":0,"k":[14.56,1.283,0],"ix":2,"l":2},"a":{"a":0,"k":[15.375,14.208,0],"ix":1,"l":2},"s":{"a":0,"k":[100,100,100],"ix":6,"l":2}},"ao":0,"ip":0,"op":150.000006109625,"st":0,"cp":false,"bm":0}]}],"layers":[{"ddd":0,"ind":1,"ty":0,"nm":"usman","refId":"comp_0","sr":1,"ks":{"o":{"a":0,"k":100,"ix":11},"r":{"a":0,"k":0,"ix":10},"p":{"a":0,"k":[175,380,0],"ix":2,"l":2},"a":{"a":0,"k":[960,540,0],"ix":1,"l":2},"s":{"a":0,"k":[100,100,100],"ix":6,"l":2}},"ao":0,"w":1920,"h":1080,"ip":0,"op":150.000006109625,"st":0,"cp":false,"bm":0}],"markers":[]}