{"v":"5.9.1","fr":29.9700012207031,"ip":0,"op":130.000005295009,"w":450,"h":799,"nm":"usman 2","ddd":0,"assets":[{"id":"image_0","w":20,"h":10,"u":"images/","p":"img_0.png","e":0},{"id":"image_1","w":22,"h":10,"u":"images/","p":"img_1.png","e":0},{"id":"image_2","w":21,"h":27,"u":"images/","p":"img_2.png","e":0},{"id":"image_3","w":12,"h":12,"u":"images/","p":"img_3.png","e":0},{"id":"image_4","w":12,"h":12,"u":"images/","p":"img_4.png","e":0},{"id":"image_5","w":62,"h":10,"u":"images/","p":"img_5.png","e":0},{"id":"image_6","w":118,"h":138,"u":"images/","p":"img_6.png","e":0},{"id":"image_7","w":178,"h":131,"u":"images/","p":"img_7.png","e":0},{"id":"image_8","w":37,"h":61,"u":"images/","p":"img_8.png","e":0},{"id":"image_9","w":160,"h":216,"u":"images/","p":"img_9.png","e":0},{"id":"image_10","w":112,"h":55,"u":"images/","p":"img_10.png","e":0},{"id":"image_11","w":55,"h":191,"u":"images/","p":"img_11.png","e":0},{"id":"image_12","w":47,"h":175,"u":"images/","p":"img_12.png","e":0},{"id":"image_13","w":70,"h":47,"u":"images/","p":"img_13.png","e":0},{"id":"image_14","w":55,"h":191,"u":"images/","p":"img_14.png","e":0},{"id":"image_15","w":47,"h":175,"u":"images/","p":"img_15.png","e":0},{"id":"image_16","w":70,"h":47,"u":"images/","p":"img_16.png","e":0},{"id":"comp_0","nm":"usman","fr":29.9700012207031,"layers":[{"ddd":0,"ind":3,"ty":3,"nm":"C | body down","sr":1,"ks":{"o":{"a":0,"k":100,"ix":11},"r":{"a":0,"k":-0.136,"ix":10},"p":{"a":1,"k":[{"i":{"x":0.833,"y":0.833},"o":{"x":0.167,"y":0.167},"t":0,"s":[950.869,554.289,0],"to":[0,-0.333,0],"ti":[0,-0.167,0]},{"i":{"x":0.833,"y":0.833},"o":{"x":0.167,"y":0.167},"t":20,"s":[950.869,552.289,0],"to":[0,0.167,0],"ti":[0,-0.167,0]},{"i":{"x":0.833,"y":0.833},"o":{"x":0.167,"y":0.167},"t":50,"s":[950.869,555.289,0],"to":[0,0.167,0],"ti":[0,0,0]},{"i":{"x":0.833,"y":0.833},"o":{"x":0.167,"y":0.167},"t":70,"s":[950.869,553.289,0],"to":[0,0,0],"ti":[0,0,0]},{"i":{"x":0.833,"y":0.833},"o":{"x":0.167,"y":0.167},"t":80,"s":[950.869,555.289,0],"to":[0,0,0],"ti":[0,0,0]},{"i":{"x":0.833,"y":0.833},"o":{"x":0.167,"y":0.167},"t":100,"s":[950.869,553.289,0],"to":[0,0,0],"ti":[0,-0.167,0]},{"i":{"x":0.833,"y":0.833},"o":{"x":0.167,"y":0.167},"t":120,"s":[950.869,555.289,0],"to":[0,0.167,0],"ti":[0,0.167,0]},{"t":140.000005702317,"s":[950.869,554.289,0]}],"ix":2,"l":2},"a":{"a":0,"k":[0,0,0],"ix":1,"l":2},"s":{"k":[{"s":[100,100,100],"t":0,"i":{"x":[1,1,1],"y":[1,1,1]},"o":{"x":[0,0,0],"y":[0,0,0]}},{"s":[100,100,100],"t":130,"i":{"x":[1,1,1],"y":[1,1,1]},"o":{"x":[0,0,0],"y":[0,0,0]}}],"l":2}},"ao":0,"ef":[{"ty":5,"nm":"Controller","np":14,"mn":"Pseudo/DUIK Ctrl v02","ix":1,"en":1,"ef":[{"ty":6,"nm":"Icon","mn":"Pseudo/DUIK Ctrl v02-0001","ix":1,"v":0},{"ty":2,"nm":"Color","mn":"Pseudo/DUIK Ctrl v02-0002","ix":2,"v":{"a":0,"k":[0.92549020052,0.0941176489,0.0941176489,1],"ix":2}},{"ty":3,"nm":"Position","mn":"Pseudo/DUIK Ctrl v02-0003","ix":3,"v":{"a":0,"k":[0,0],"ix":3}},{"ty":0,"nm":"Size","mn":"Pseudo/DUIK Ctrl v02-0004","ix":4,"v":{"a":0,"k":100,"ix":4}},{"ty":7,"nm":"Flip","mn":"Pseudo/DUIK Ctrl v02-0005","ix":5,"v":{"a":0,"k":0,"ix":5}},{"ty":0,"nm":"Orientation","mn":"Pseudo/DUIK Ctrl v02-0006","ix":6,"v":{"a":0,"k":0,"ix":6}},{"ty":0,"nm":"Opacity","mn":"Pseudo/DUIK Ctrl v02-0007","ix":7,"v":{"a":0,"k":100,"ix":7}},{"ty":6,"nm":"","mn":"Pseudo/DUIK Ctrl v02-0008","ix":8,"v":0},{"ty":6,"nm":"Anchor","mn":"Pseudo/DUIK Ctrl v02-0009","ix":9,"v":0},{"ty":2,"nm":"Color","mn":"Pseudo/DUIK Ctrl v02-0010","ix":10,"v":{"a":0,"k":[0,0,0,1],"ix":10}},{"ty":0,"nm":"Size","mn":"Pseudo/DUIK Ctrl v02-0011","ix":11,"v":{"a":0,"k":100,"ix":11}},{"ty":6,"nm":"","mn":"Pseudo/DUIK Ctrl v02-0012","ix":12,"v":0}]}],"ip":0,"op":150.000006109625,"st":0,"bm":0},{"ddd":0,"ind":6,"ty":0,"nm":"Pre-comp 2","refId":"comp_1","sr":1,"ks":{"o":{"a":0,"k":100,"ix":11},"r":{"a":1,"k":[{"i":{"x":[0.833],"y":[0.833]},"o":{"x":[0.167],"y":[0.167]},"t":0,"s":[4.92]},{"i":{"x":[0.833],"y":[0.833]},"o":{"x":[0.167],"y":[0.167]},"t":10,"s":[7.92]},{"i":{"x":[0.833],"y":[0.833]},"o":{"x":[0.167],"y":[0.167]},"t":20,"s":[5.92]},{"i":{"x":[0.833],"y":[0.833]},"o":{"x":[0.167],"y":[0.167]},"t":30,"s":[9.919]},{"i":{"x":[0.833],"y":[0.833]},"o":{"x":[0.167],"y":[0.167]},"t":44,"s":[6.92]},{"i":{"x":[0.833],"y":[0.833]},"o":{"x":[0.167],"y":[0.167]},"t":57,"s":[8.919]},{"i":{"x":[0.833],"y":[0.833]},"o":{"x":[0.167],"y":[0.167]},"t":70,"s":[5.92]},{"i":{"x":[0.833],"y":[0.833]},"o":{"x":[0.167],"y":[0.167]},"t":81,"s":[8.919]},{"i":{"x":[0.833],"y":[0.833]},"o":{"x":[0.167],"y":[0.167]},"t":95,"s":[6.92]},{"i":{"x":[0.833],"y":[0.833]},"o":{"x":[0.167],"y":[0.167]},"t":110,"s":[9.919]},{"i":{"x":[0.833],"y":[0.833]},"o":{"x":[0.167],"y":[0.167]},"t":130,"s":[4.92]},{"t":140.000005702317,"s":[4.92]}],"ix":10},"p":{"a":0,"k":[951.5,336.25,0],"ix":2,"l":2},"a":{"a":0,"k":[64.032,126.96,0],"ix":1,"l":2},"s":{"a":0,"k":[100,100,100],"ix":6,"l":2}},"ao":0,"w":116,"h":135,"ip":0,"op":150.000006109625,"st":0,"bm":0},{"ddd":0,"ind":7,"ty":0,"nm":"Layer 2","refId":"comp_2","sr":1,"ks":{"o":{"a":0,"k":100,"ix":11},"r":{"a":0,"k":0,"ix":10},"p":{"a":0,"k":[945.277,431.383,0],"ix":2,"l":2},"a":{"a":0,"k":[88.636,65.336,0],"ix":1,"l":2},"s":{"a":0,"k":[100,100,100],"ix":6,"l":2}},"ao":0,"hasMask":true,"masksProperties":[{"inv":false,"mode":"n","pt":{"a":0,"k":{"i":[[0,0]],"o":[[0,0]],"v":[[-162.641,405.954]],"c":false},"ix":1},"o":{"a":0,"k":100,"ix":3},"x":{"a":0,"k":0,"ix":4},"nm":"Mask 1"}],"w":178,"h":131,"ip":0,"op":157.000006394741,"st":-81.0000032991976,"bm":0},{"ddd":0,"ind":11,"ty":0,"nm":"neck","parent":13,"refId":"comp_3","sr":1,"ks":{"o":{"a":0,"k":100,"ix":11},"r":{"a":0,"k":0,"ix":10},"p":{"a":0,"k":[84.242,8.447,0],"ix":2,"l":2},"a":{"a":0,"k":[17.445,46.355,0],"ix":1,"l":2},"s":{"a":0,"k":[100,100,100],"ix":6,"l":2}},"ao":0,"w":35,"h":57,"ip":0,"op":150.000006109625,"st":0,"bm":0},{"ddd":0,"ind":13,"ty":0,"nm":"body","parent":14,"refId":"comp_4","sr":1,"ks":{"o":{"a":0,"k":100,"ix":11},"r":{"a":0,"k":0,"ix":10},"p":{"a":0,"k":[57.276,11.561,0],"ix":2,"l":2},"a":{"a":0,"k":[87.594,196.08,0],"ix":1,"l":2},"s":{"a":0,"k":[100,100,100],"ix":6,"l":2}},"ao":0,"w":160,"h":216,"ip":0,"op":150.000006109625,"st":0,"bm":0},{"ddd":0,"ind":14,"ty":2,"nm":"body down","parent":3,"refId":"image_10","sr":1,"ks":{"o":{"a":0,"k":100,"ix":11},"r":{"a":0,"k":0,"ix":10},"p":{"a":0,"k":[0,0,0],"ix":2,"l":2},"a":{"a":0,"k":[55.512,27.228,0],"ix":1,"l":2},"s":{"a":0,"k":[100,100,100],"ix":6,"l":2}},"ao":0,"ip":0,"op":150.000006109625,"st":0,"bm":0},{"ddd":0,"ind":15,"ty":2,"nm":"L leg 1","parent":14,"refId":"image_11","sr":1,"ks":{"o":{"a":0,"k":100,"ix":11},"r":{"k":[{"s":[0.044],"t":0,"i":{"x":[1],"y":[1]},"o":{"x":[0],"y":[0]}},{"s":[0.041],"t":19,"i":{"x":[1],"y":[1]},"o":{"x":[0],"y":[0]}},{"s":[0.041],"t":20,"i":{"x":[1],"y":[1]},"o":{"x":[0],"y":[0]}},{"s":[0.046],"t":50,"i":{"x":[1],"y":[1]},"o":{"x":[0],"y":[0]}},{"s":[0.046],"t":51,"i":{"x":[1],"y":[1]},"o":{"x":[0],"y":[0]}},{"s":[0.043],"t":70,"i":{"x":[1],"y":[1]},"o":{"x":[0],"y":[0]}},{"s":[0.046],"t":80,"i":{"x":[1],"y":[1]},"o":{"x":[0],"y":[0]}},{"s":[0.043],"t":100,"i":{"x":[1],"y":[1]},"o":{"x":[0],"y":[0]}},{"s":[0.046],"t":120,"i":{"x":[1],"y":[1]},"o":{"x":[0],"y":[0]}},{"s":[0.046],"t":121,"i":{"x":[1],"y":[1]},"o":{"x":[0],"y":[0]}},{"s":[0.045],"t":130,"i":{"x":[1],"y":[1]},"o":{"x":[0],"y":[0]}}]},"p":{"a":0,"k":[28.228,29.348,0],"ix":2,"l":2},"a":{"a":0,"k":[28.131,27.282,0],"ix":1,"l":2},"s":{"a":0,"k":[100,100,100],"ix":6,"l":2}},"ao":0,"ef":[{"ty":5,"nm":"IK","np":3,"mn":"Pseudo/DUIK ik","ix":1,"en":1,"ef":[{"ty":10,"nm":"Controller","mn":"Pseudo/DUIK ik-0001","ix":1,"v":{"a":0,"k":2,"ix":1}}]}],"ip":0,"op":150.000006109625,"st":0,"bm":0},{"ddd":0,"ind":16,"ty":2,"nm":"L leg 11","parent":15,"refId":"image_12","sr":1,"ks":{"o":{"a":0,"k":100,"ix":11},"r":{"k":[{"s":[0.531],"t":0,"i":{"x":[1],"y":[1]},"o":{"x":[0],"y":[0]}},{"s":[0.531],"t":130,"i":{"x":[1],"y":[1]},"o":{"x":[0],"y":[0]}}]},"p":{"k":[{"s":[26.794,167.135,0],"t":0,"i":{"x":1,"y":1},"o":{"x":0,"y":0}},{"s":[26.794,167.135,0],"t":130,"i":{"x":1,"y":1},"o":{"x":0,"y":0}}],"l":2},"a":{"a":0,"k":[23.11,13.364,0],"ix":1,"l":2},"s":{"a":0,"k":[100,100,100],"ix":6,"l":2}},"ao":0,"ef":[{"ty":5,"nm":"IK","np":3,"mn":"Pseudo/DUIK ik","ix":1,"en":1,"ef":[{"ty":10,"nm":"Controller","mn":"Pseudo/DUIK ik-0001","ix":1,"v":{"a":0,"k":2,"ix":1}}]}],"ip":0,"op":150.000006109625,"st":0,"bm":0},{"ddd":0,"ind":17,"ty":2,"nm":"L shoes 111","parent":16,"refId":"image_13","sr":1,"ks":{"o":{"a":0,"k":100,"ix":11},"r":{"k":[{"s":[-2.921],"t":0,"i":{"x":[1],"y":[1]},"o":{"x":[0],"y":[0]}},{"s":[-2.922],"t":130,"i":{"x":[1],"y":[1]},"o":{"x":[0],"y":[0]}}]},"p":{"k":[{"s":[23.062,175.846,0],"t":0,"i":{"x":1,"y":1},"o":{"x":0,"y":0}},{"s":[23.062,175.846,0],"t":130,"i":{"x":1,"y":1},"o":{"x":0,"y":0}}],"l":2},"a":{"a":0,"k":[12.302,17.809,0],"ix":1,"l":2},"s":{"a":0,"k":[100,100,100],"ix":6,"l":2}},"ao":0,"ef":[{"ty":5,"nm":"IK","np":3,"mn":"Pseudo/DUIK ik","ix":1,"en":1,"ef":[{"ty":10,"nm":"Controller","mn":"Pseudo/DUIK ik-0001","ix":1,"v":{"a":0,"k":2,"ix":1}}]}],"ip":0,"op":150.000006109625,"st":0,"bm":0},{"ddd":0,"ind":18,"ty":2,"nm":"R leg 1","parent":14,"refId":"image_14","sr":1,"ks":{"o":{"a":0,"k":100,"ix":11},"r":{"k":[{"s":[713.265],"t":2,"i":{"x":[1],"y":[1]},"o":{"x":[0],"y":[0]}},{"s":[713.629],"t":3,"i":{"x":[1],"y":[1]},"o":{"x":[0],"y":[0]}},{"s":[714.036],"t":4,"i":{"x":[1],"y":[1]},"o":{"x":[0],"y":[0]}},{"s":[714.518],"t":5,"i":{"x":[1],"y":[1]},"o":{"x":[0],"y":[0]}},{"s":[715.142],"t":6,"i":{"x":[1],"y":[1]},"o":{"x":[0],"y":[0]}},{"s":[716.27],"t":7,"i":{"x":[1],"y":[1]},"o":{"x":[0],"y":[0]}},{"s":[716.087],"t":33,"i":{"x":[1],"y":[1]},"o":{"x":[0],"y":[0]}},{"s":[715.087],"t":34,"i":{"x":[1],"y":[1]},"o":{"x":[0],"y":[0]}},{"s":[714.487],"t":35,"i":{"x":[1],"y":[1]},"o":{"x":[0],"y":[0]}},{"s":[714.014],"t":36,"i":{"x":[1],"y":[1]},"o":{"x":[0],"y":[0]}},{"s":[713.61],"t":37,"i":{"x":[1],"y":[1]},"o":{"x":[0],"y":[0]}},{"s":[712.924],"t":39,"i":{"x":[1],"y":[1]},"o":{"x":[0],"y":[0]}},{"s":[712.339],"t":41,"i":{"x":[1],"y":[1]},"o":{"x":[0],"y":[0]}},{"s":[711.822],"t":43,"i":{"x":[1],"y":[1]},"o":{"x":[0],"y":[0]}},{"s":[711.145],"t":46,"i":{"x":[1],"y":[1]},"o":{"x":[0],"y":[0]}},{"s":[710.528],"t":49,"i":{"x":[1],"y":[1]},"o":{"x":[0],"y":[0]}},{"s":[711.106],"t":54,"i":{"x":[1],"y":[1]},"o":{"x":[0],"y":[0]}},{"s":[711.795],"t":57,"i":{"x":[1],"y":[1]},"o":{"x":[0],"y":[0]}},{"s":[712.313],"t":59,"i":{"x":[1],"y":[1]},"o":{"x":[0],"y":[0]}},{"s":[712.895],"t":61,"i":{"x":[1],"y":[1]},"o":{"x":[0],"y":[0]}},{"s":[713.583],"t":63,"i":{"x":[1],"y":[1]},"o":{"x":[0],"y":[0]}},{"s":[713.989],"t":64,"i":{"x":[1],"y":[1]},"o":{"x":[0],"y":[0]}},{"s":[714.462],"t":65,"i":{"x":[1],"y":[1]},"o":{"x":[0],"y":[0]}},{"s":[715.056],"t":66,"i":{"x":[1],"y":[1]},"o":{"x":[0],"y":[0]}},{"s":[716.033],"t":67,"i":{"x":[1],"y":[1]},"o":{"x":[0],"y":[0]}},{"s":[716.79],"t":68,"i":{"x":[1],"y":[1]},"o":{"x":[0],"y":[0]}},{"s":[716.79],"t":71,"i":{"x":[1],"y":[1]},"o":{"x":[0],"y":[0]}},{"s":[715.094],"t":72,"i":{"x":[1],"y":[1]},"o":{"x":[0],"y":[0]}},{"s":[714.005],"t":73,"i":{"x":[1],"y":[1]},"o":{"x":[0],"y":[0]}},{"s":[713.238],"t":74,"i":{"x":[1],"y":[1]},"o":{"x":[0],"y":[0]}},{"s":[712.615],"t":75,"i":{"x":[1],"y":[1]},"o":{"x":[0],"y":[0]}},{"s":[712.074],"t":76,"i":{"x":[1],"y":[1]},"o":{"x":[0],"y":[0]}},{"s":[711.585],"t":77,"i":{"x":[1],"y":[1]},"o":{"x":[0],"y":[0]}},{"s":[711.135],"t":78,"i":{"x":[1],"y":[1]},"o":{"x":[0],"y":[0]}},{"s":[710.729],"t":79,"i":{"x":[1],"y":[1]},"o":{"x":[0],"y":[0]}},{"s":[711.355],"t":85,"i":{"x":[1],"y":[1]},"o":{"x":[0],"y":[0]}},{"s":[711.824],"t":87,"i":{"x":[1],"y":[1]},"o":{"x":[0],"y":[0]}},{"s":[712.337],"t":89,"i":{"x":[1],"y":[1]},"o":{"x":[0],"y":[0]}},{"s":[712.914],"t":91,"i":{"x":[1],"y":[1]},"o":{"x":[0],"y":[0]}},{"s":[713.598],"t":93,"i":{"x":[1],"y":[1]},"o":{"x":[0],"y":[0]}},{"s":[714.005],"t":94,"i":{"x":[1],"y":[1]},"o":{"x":[0],"y":[0]}},{"s":[714.485],"t":95,"i":{"x":[1],"y":[1]},"o":{"x":[0],"y":[0]}},{"s":[715.094],"t":96,"i":{"x":[1],"y":[1]},"o":{"x":[0],"y":[0]}},{"s":[716.098],"t":97,"i":{"x":[1],"y":[1]},"o":{"x":[0],"y":[0]}},{"s":[716.79],"t":102,"i":{"x":[1],"y":[1]},"o":{"x":[0],"y":[0]}},{"s":[716.032],"t":103,"i":{"x":[1],"y":[1]},"o":{"x":[0],"y":[0]}},{"s":[715.082],"t":104,"i":{"x":[1],"y":[1]},"o":{"x":[0],"y":[0]}},{"s":[714.49],"t":105,"i":{"x":[1],"y":[1]},"o":{"x":[0],"y":[0]}},{"s":[714.012],"t":106,"i":{"x":[1],"y":[1]},"o":{"x":[0],"y":[0]}},{"s":[713.605],"t":107,"i":{"x":[1],"y":[1]},"o":{"x":[0],"y":[0]}},{"s":[712.92],"t":109,"i":{"x":[1],"y":[1]},"o":{"x":[0],"y":[0]}},{"s":[712.34],"t":111,"i":{"x":[1],"y":[1]},"o":{"x":[0],"y":[0]}},{"s":[711.825],"t":113,"i":{"x":[1],"y":[1]},"o":{"x":[0],"y":[0]}},{"s":[711.135],"t":116,"i":{"x":[1],"y":[1]},"o":{"x":[0],"y":[0]}},{"s":[710.527],"t":119,"i":{"x":[1],"y":[1]},"o":{"x":[0],"y":[0]}},{"s":[711.209],"t":129,"i":{"x":[1],"y":[1]},"o":{"x":[0],"y":[0]}}]},"p":{"a":0,"k":[85.046,30.598,0],"ix":2,"l":2},"a":{"a":0,"k":[29.867,25.014,0],"ix":1,"l":2},"s":{"a":0,"k":[100,100,100],"ix":6,"l":2}},"ao":0,"ef":[{"ty":5,"nm":"IK","np":3,"mn":"Pseudo/DUIK ik","ix":1,"en":1,"ef":[{"ty":10,"nm":"Controller","mn":"Pseudo/DUIK ik-0001","ix":1,"v":{"a":0,"k":0,"ix":1}}]},{"ty":5,"nm":"IK 2","np":3,"mn":"Pseudo/DUIK ik","ix":2,"en":1,"ef":[{"ty":10,"nm":"Controller","mn":"Pseudo/DUIK ik-0001","ix":1,"v":{"a":0,"k":0,"ix":1}}]},{"ty":5,"nm":"IK 3","np":3,"mn":"Pseudo/DUIK ik","ix":3,"en":1,"ef":[{"ty":10,"nm":"Controller","mn":"Pseudo/DUIK ik-0001","ix":1,"v":{"a":0,"k":1,"ix":1}}]}],"ip":0,"op":150.000006109625,"st":0,"bm":0},{"ddd":0,"ind":19,"ty":2,"nm":"R leg 11","parent":18,"refId":"image_15","sr":1,"ks":{"o":{"a":0,"k":100,"ix":11},"r":{"k":[{"s":[8.699],"t":0,"i":{"x":[1],"y":[1]},"o":{"x":[0],"y":[0]}},{"s":[8.112],"t":1,"i":{"x":[1],"y":[1]},"o":{"x":[0],"y":[0]}},{"s":[7.471],"t":2,"i":{"x":[1],"y":[1]},"o":{"x":[0],"y":[0]}},{"s":[6.778],"t":3,"i":{"x":[1],"y":[1]},"o":{"x":[0],"y":[0]}},{"s":[6.005],"t":4,"i":{"x":[1],"y":[1]},"o":{"x":[0],"y":[0]}},{"s":[5.09],"t":5,"i":{"x":[1],"y":[1]},"o":{"x":[0],"y":[0]}},{"s":[3.902],"t":6,"i":{"x":[1],"y":[1]},"o":{"x":[0],"y":[0]}},{"s":[1.756],"t":7,"i":{"x":[1],"y":[1]},"o":{"x":[0],"y":[0]}},{"s":[0.766],"t":8,"i":{"x":[1],"y":[1]},"o":{"x":[0],"y":[0]}},{"s":[0.766],"t":32,"i":{"x":[1],"y":[1]},"o":{"x":[0],"y":[0]}},{"s":[2.105],"t":33,"i":{"x":[1],"y":[1]},"o":{"x":[0],"y":[0]}},{"s":[4.006],"t":34,"i":{"x":[1],"y":[1]},"o":{"x":[0],"y":[0]}},{"s":[5.147],"t":35,"i":{"x":[1],"y":[1]},"o":{"x":[0],"y":[0]}},{"s":[6.048],"t":36,"i":{"x":[1],"y":[1]},"o":{"x":[0],"y":[0]}},{"s":[6.816],"t":37,"i":{"x":[1],"y":[1]},"o":{"x":[0],"y":[0]}},{"s":[7.498],"t":38,"i":{"x":[1],"y":[1]},"o":{"x":[0],"y":[0]}},{"s":[8.119],"t":39,"i":{"x":[1],"y":[1]},"o":{"x":[0],"y":[0]}},{"s":[8.693],"t":40,"i":{"x":[1],"y":[1]},"o":{"x":[0],"y":[0]}},{"s":[9.229],"t":41,"i":{"x":[1],"y":[1]},"o":{"x":[0],"y":[0]}},{"s":[9.733],"t":42,"i":{"x":[1],"y":[1]},"o":{"x":[0],"y":[0]}},{"s":[10.211],"t":43,"i":{"x":[1],"y":[1]},"o":{"x":[0],"y":[0]}},{"s":[10.662],"t":44,"i":{"x":[1],"y":[1]},"o":{"x":[0],"y":[0]}},{"s":[11.087],"t":45,"i":{"x":[1],"y":[1]},"o":{"x":[0],"y":[0]}},{"s":[11.494],"t":46,"i":{"x":[1],"y":[1]},"o":{"x":[0],"y":[0]}},{"s":[11.889],"t":47,"i":{"x":[1],"y":[1]},"o":{"x":[0],"y":[0]}},{"s":[12.278],"t":48,"i":{"x":[1],"y":[1]},"o":{"x":[0],"y":[0]}},{"s":[12.664],"t":49,"i":{"x":[1],"y":[1]},"o":{"x":[0],"y":[0]}},{"s":[13.036],"t":50,"i":{"x":[1],"y":[1]},"o":{"x":[0],"y":[0]}},{"s":[12.732],"t":51,"i":{"x":[1],"y":[1]},"o":{"x":[0],"y":[0]}},{"s":[12.347],"t":52,"i":{"x":[1],"y":[1]},"o":{"x":[0],"y":[0]}},{"s":[11.961],"t":53,"i":{"x":[1],"y":[1]},"o":{"x":[0],"y":[0]}},{"s":[11.568],"t":54,"i":{"x":[1],"y":[1]},"o":{"x":[0],"y":[0]}},{"s":[11.155],"t":55,"i":{"x":[1],"y":[1]},"o":{"x":[0],"y":[0]}},{"s":[10.718],"t":56,"i":{"x":[1],"y":[1]},"o":{"x":[0],"y":[0]}},{"s":[10.261],"t":57,"i":{"x":[1],"y":[1]},"o":{"x":[0],"y":[0]}},{"s":[9.783],"t":58,"i":{"x":[1],"y":[1]},"o":{"x":[0],"y":[0]}},{"s":[9.279],"t":59,"i":{"x":[1],"y":[1]},"o":{"x":[0],"y":[0]}},{"s":[8.745],"t":60,"i":{"x":[1],"y":[1]},"o":{"x":[0],"y":[0]}},{"s":[8.173],"t":61,"i":{"x":[1],"y":[1]},"o":{"x":[0],"y":[0]}},{"s":[7.552],"t":62,"i":{"x":[1],"y":[1]},"o":{"x":[0],"y":[0]}},{"s":[6.867],"t":63,"i":{"x":[1],"y":[1]},"o":{"x":[0],"y":[0]}},{"s":[6.094],"t":64,"i":{"x":[1],"y":[1]},"o":{"x":[0],"y":[0]}},{"s":[5.195],"t":65,"i":{"x":[1],"y":[1]},"o":{"x":[0],"y":[0]}},{"s":[4.066],"t":66,"i":{"x":[1],"y":[1]},"o":{"x":[0],"y":[0]}},{"s":[2.207],"t":67,"i":{"x":[1],"y":[1]},"o":{"x":[0],"y":[0]}},{"s":[0.766],"t":68,"i":{"x":[1],"y":[1]},"o":{"x":[0],"y":[0]}},{"s":[0.766],"t":71,"i":{"x":[1],"y":[1]},"o":{"x":[0],"y":[0]}},{"s":[3.993],"t":72,"i":{"x":[1],"y":[1]},"o":{"x":[0],"y":[0]}},{"s":[6.065],"t":73,"i":{"x":[1],"y":[1]},"o":{"x":[0],"y":[0]}},{"s":[7.521],"t":74,"i":{"x":[1],"y":[1]},"o":{"x":[0],"y":[0]}},{"s":[8.704],"t":75,"i":{"x":[1],"y":[1]},"o":{"x":[0],"y":[0]}},{"s":[9.732],"t":76,"i":{"x":[1],"y":[1]},"o":{"x":[0],"y":[0]}},{"s":[10.66],"t":77,"i":{"x":[1],"y":[1]},"o":{"x":[0],"y":[0]}},{"s":[11.513],"t":78,"i":{"x":[1],"y":[1]},"o":{"x":[0],"y":[0]}},{"s":[12.283],"t":79,"i":{"x":[1],"y":[1]},"o":{"x":[0],"y":[0]}},{"s":[13.036],"t":80,"i":{"x":[1],"y":[1]},"o":{"x":[0],"y":[0]}},{"s":[12.659],"t":81,"i":{"x":[1],"y":[1]},"o":{"x":[0],"y":[0]}},{"s":[12.283],"t":82,"i":{"x":[1],"y":[1]},"o":{"x":[0],"y":[0]}},{"s":[11.905],"t":83,"i":{"x":[1],"y":[1]},"o":{"x":[0],"y":[0]}},{"s":[11.513],"t":84,"i":{"x":[1],"y":[1]},"o":{"x":[0],"y":[0]}},{"s":[11.096],"t":85,"i":{"x":[1],"y":[1]},"o":{"x":[0],"y":[0]}},{"s":[10.66],"t":86,"i":{"x":[1],"y":[1]},"o":{"x":[0],"y":[0]}},{"s":[10.206],"t":87,"i":{"x":[1],"y":[1]},"o":{"x":[0],"y":[0]}},{"s":[9.732],"t":88,"i":{"x":[1],"y":[1]},"o":{"x":[0],"y":[0]}},{"s":[9.233],"t":89,"i":{"x":[1],"y":[1]},"o":{"x":[0],"y":[0]}},{"s":[8.704],"t":90,"i":{"x":[1],"y":[1]},"o":{"x":[0],"y":[0]}},{"s":[8.137],"t":91,"i":{"x":[1],"y":[1]},"o":{"x":[0],"y":[0]}},{"s":[7.521],"t":92,"i":{"x":[1],"y":[1]},"o":{"x":[0],"y":[0]}},{"s":[6.839],"t":93,"i":{"x":[1],"y":[1]},"o":{"x":[0],"y":[0]}},{"s":[6.065],"t":94,"i":{"x":[1],"y":[1]},"o":{"x":[0],"y":[0]}},{"s":[5.152],"t":95,"i":{"x":[1],"y":[1]},"o":{"x":[0],"y":[0]}},{"s":[3.993],"t":96,"i":{"x":[1],"y":[1]},"o":{"x":[0],"y":[0]}},{"s":[2.083],"t":97,"i":{"x":[1],"y":[1]},"o":{"x":[0],"y":[0]}},{"s":[0.766],"t":98,"i":{"x":[1],"y":[1]},"o":{"x":[0],"y":[0]}},{"s":[0.766],"t":102,"i":{"x":[1],"y":[1]},"o":{"x":[0],"y":[0]}},{"s":[2.208],"t":103,"i":{"x":[1],"y":[1]},"o":{"x":[0],"y":[0]}},{"s":[4.016],"t":104,"i":{"x":[1],"y":[1]},"o":{"x":[0],"y":[0]}},{"s":[5.143],"t":105,"i":{"x":[1],"y":[1]},"o":{"x":[0],"y":[0]}},{"s":[6.051],"t":106,"i":{"x":[1],"y":[1]},"o":{"x":[0],"y":[0]}},{"s":[6.824],"t":107,"i":{"x":[1],"y":[1]},"o":{"x":[0],"y":[0]}},{"s":[7.507],"t":108,"i":{"x":[1],"y":[1]},"o":{"x":[0],"y":[0]}},{"s":[8.126],"t":109,"i":{"x":[1],"y":[1]},"o":{"x":[0],"y":[0]}},{"s":[8.696],"t":110,"i":{"x":[1],"y":[1]},"o":{"x":[0],"y":[0]}},{"s":[9.227],"t":111,"i":{"x":[1],"y":[1]},"o":{"x":[0],"y":[0]}},{"s":[9.729],"t":112,"i":{"x":[1],"y":[1]},"o":{"x":[0],"y":[0]}},{"s":[10.205],"t":113,"i":{"x":[1],"y":[1]},"o":{"x":[0],"y":[0]}},{"s":[10.66],"t":114,"i":{"x":[1],"y":[1]},"o":{"x":[0],"y":[0]}},{"s":[11.096],"t":115,"i":{"x":[1],"y":[1]},"o":{"x":[0],"y":[0]}},{"s":[11.512],"t":116,"i":{"x":[1],"y":[1]},"o":{"x":[0],"y":[0]}},{"s":[11.906],"t":117,"i":{"x":[1],"y":[1]},"o":{"x":[0],"y":[0]}},{"s":[12.287],"t":118,"i":{"x":[1],"y":[1]},"o":{"x":[0],"y":[0]}},{"s":[12.665],"t":119,"i":{"x":[1],"y":[1]},"o":{"x":[0],"y":[0]}},{"s":[13.036],"t":120,"i":{"x":[1],"y":[1]},"o":{"x":[0],"y":[0]}},{"s":[12.983],"t":121,"i":{"x":[1],"y":[1]},"o":{"x":[0],"y":[0]}},{"s":[12.796],"t":122,"i":{"x":[1],"y":[1]},"o":{"x":[0],"y":[0]}},{"s":[12.605],"t":123,"i":{"x":[1],"y":[1]},"o":{"x":[0],"y":[0]}},{"s":[12.407],"t":124,"i":{"x":[1],"y":[1]},"o":{"x":[0],"y":[0]}},{"s":[12.203],"t":125,"i":{"x":[1],"y":[1]},"o":{"x":[0],"y":[0]}},{"s":[11.997],"t":126,"i":{"x":[1],"y":[1]},"o":{"x":[0],"y":[0]}},{"s":[11.79],"t":127,"i":{"x":[1],"y":[1]},"o":{"x":[0],"y":[0]}},{"s":[11.582],"t":128,"i":{"x":[1],"y":[1]},"o":{"x":[0],"y":[0]}},{"s":[11.372],"t":129,"i":{"x":[1],"y":[1]},"o":{"x":[0],"y":[0]}},{"s":[11.16],"t":130,"i":{"x":[1],"y":[1]},"o":{"x":[0],"y":[0]}}]},"p":{"k":[{"s":[28.176,167.782,0],"t":0,"i":{"x":1,"y":1},"o":{"x":0,"y":0}},{"s":[28.176,167.782,0],"t":130,"i":{"x":1,"y":1},"o":{"x":0,"y":0}}],"l":2},"a":{"a":0,"k":[24.095,15.001,0],"ix":1,"l":2},"s":{"a":0,"k":[100,100,100],"ix":6,"l":2}},"ao":0,"ef":[{"ty":5,"nm":"IK","np":3,"mn":"Pseudo/DUIK ik","ix":1,"en":1,"ef":[{"ty":10,"nm":"Controller","mn":"Pseudo/DUIK ik-0001","ix":1,"v":{"a":0,"k":0,"ix":1}}]},{"ty":5,"nm":"IK 2","np":3,"mn":"Pseudo/DUIK ik","ix":2,"en":1,"ef":[{"ty":10,"nm":"Controller","mn":"Pseudo/DUIK ik-0001","ix":1,"v":{"a":0,"k":0,"ix":1}}]},{"ty":5,"nm":"IK 3","np":3,"mn":"Pseudo/DUIK ik","ix":3,"en":1,"ef":[{"ty":10,"nm":"Controller","mn":"Pseudo/DUIK ik-0001","ix":1,"v":{"a":0,"k":1,"ix":1}}]}],"ip":0,"op":150.000006109625,"st":0,"bm":0},{"ddd":0,"ind":20,"ty":2,"nm":"R shoes 111","parent":19,"refId":"image_16","sr":1,"ks":{"o":{"a":0,"k":100,"ix":11},"r":{"k":[{"s":[715.079],"t":1,"i":{"x":[1],"y":[1]},"o":{"x":[0],"y":[0]}},{"s":[713.732],"t":2,"i":{"x":[1],"y":[1]},"o":{"x":[0],"y":[0]}},{"s":[712.091],"t":3,"i":{"x":[1],"y":[1]},"o":{"x":[0],"y":[0]}},{"s":[710.807],"t":4,"i":{"x":[1],"y":[1]},"o":{"x":[0],"y":[0]}},{"s":[710.548],"t":5,"i":{"x":[1],"y":[1]},"o":{"x":[0],"y":[0]}},{"s":[712.157],"t":6,"i":{"x":[1],"y":[1]},"o":{"x":[0],"y":[0]}},{"s":[715.67],"t":7,"i":{"x":[1],"y":[1]},"o":{"x":[0],"y":[0]}},{"s":[719.116],"t":8,"i":{"x":[1],"y":[1]},"o":{"x":[0],"y":[0]}},{"s":[721.61],"t":9,"i":{"x":[1],"y":[1]},"o":{"x":[0],"y":[0]}},{"s":[722.655],"t":10,"i":{"x":[1],"y":[1]},"o":{"x":[0],"y":[0]}},{"s":[722.647],"t":21,"i":{"x":[1],"y":[1]},"o":{"x":[0],"y":[0]}},{"s":[721.602],"t":22,"i":{"x":[1],"y":[1]},"o":{"x":[0],"y":[0]}},{"s":[719.108],"t":23,"i":{"x":[1],"y":[1]},"o":{"x":[0],"y":[0]}},{"s":[716.132],"t":24,"i":{"x":[1],"y":[1]},"o":{"x":[0],"y":[0]}},{"s":[713.639],"t":25,"i":{"x":[1],"y":[1]},"o":{"x":[0],"y":[0]}},{"s":[712.594],"t":26,"i":{"x":[1],"y":[1]},"o":{"x":[0],"y":[0]}},{"s":[713.641],"t":27,"i":{"x":[1],"y":[1]},"o":{"x":[0],"y":[0]}},{"s":[716.136],"t":28,"i":{"x":[1],"y":[1]},"o":{"x":[0],"y":[0]}},{"s":[719.114],"t":29,"i":{"x":[1],"y":[1]},"o":{"x":[0],"y":[0]}},{"s":[721.609],"t":30,"i":{"x":[1],"y":[1]},"o":{"x":[0],"y":[0]}},{"s":[722.656],"t":31,"i":{"x":[1],"y":[1]},"o":{"x":[0],"y":[0]}},{"s":[722.022],"t":33,"i":{"x":[1],"y":[1]},"o":{"x":[0],"y":[0]}},{"s":[721.119],"t":34,"i":{"x":[1],"y":[1]},"o":{"x":[0],"y":[0]}},{"s":[720.578],"t":35,"i":{"x":[1],"y":[1]},"o":{"x":[0],"y":[0]}},{"s":[720.152],"t":36,"i":{"x":[1],"y":[1]},"o":{"x":[0],"y":[0]}},{"s":[719.464],"t":38,"i":{"x":[1],"y":[1]},"o":{"x":[0],"y":[0]}},{"s":[718.899],"t":40,"i":{"x":[1],"y":[1]},"o":{"x":[0],"y":[0]}},{"s":[718.181],"t":43,"i":{"x":[1],"y":[1]},"o":{"x":[0],"y":[0]}},{"s":[717.574],"t":46,"i":{"x":[1],"y":[1]},"o":{"x":[0],"y":[0]}},{"s":[717.021],"t":49,"i":{"x":[1],"y":[1]},"o":{"x":[0],"y":[0]}},{"s":[716.845],"t":50,"i":{"x":[1],"y":[1]},"o":{"x":[0],"y":[0]}},{"s":[715.943],"t":51,"i":{"x":[1],"y":[1]},"o":{"x":[0],"y":[0]}},{"s":[713.631],"t":52,"i":{"x":[1],"y":[1]},"o":{"x":[0],"y":[0]}},{"s":[710.836],"t":53,"i":{"x":[1],"y":[1]},"o":{"x":[0],"y":[0]}},{"s":[708.528],"t":54,"i":{"x":[1],"y":[1]},"o":{"x":[0],"y":[0]}},{"s":[707.677],"t":55,"i":{"x":[1],"y":[1]},"o":{"x":[0],"y":[0]}},{"s":[708.929],"t":56,"i":{"x":[1],"y":[1]},"o":{"x":[0],"y":[0]}},{"s":[711.64],"t":57,"i":{"x":[1],"y":[1]},"o":{"x":[0],"y":[0]}},{"s":[714.843],"t":58,"i":{"x":[1],"y":[1]},"o":{"x":[0],"y":[0]}},{"s":[717.575],"t":59,"i":{"x":[1],"y":[1]},"o":{"x":[0],"y":[0]}},{"s":[718.874],"t":60,"i":{"x":[1],"y":[1]},"o":{"x":[0],"y":[0]}},{"s":[719.439],"t":62,"i":{"x":[1],"y":[1]},"o":{"x":[0],"y":[0]}},{"s":[720.129],"t":64,"i":{"x":[1],"y":[1]},"o":{"x":[0],"y":[0]}},{"s":[720.556],"t":65,"i":{"x":[1],"y":[1]},"o":{"x":[0],"y":[0]}},{"s":[721.091],"t":66,"i":{"x":[1],"y":[1]},"o":{"x":[0],"y":[0]}},{"s":[721.973],"t":67,"i":{"x":[1],"y":[1]},"o":{"x":[0],"y":[0]}},{"s":[722.656],"t":71,"i":{"x":[1],"y":[1]},"o":{"x":[0],"y":[0]}},{"s":[721.126],"t":72,"i":{"x":[1],"y":[1]},"o":{"x":[0],"y":[0]}},{"s":[720.143],"t":73,"i":{"x":[1],"y":[1]},"o":{"x":[0],"y":[0]}},{"s":[719.454],"t":74,"i":{"x":[1],"y":[1]},"o":{"x":[0],"y":[0]}},{"s":[718.893],"t":75,"i":{"x":[1],"y":[1]},"o":{"x":[0],"y":[0]}},{"s":[718.407],"t":76,"i":{"x":[1],"y":[1]},"o":{"x":[0],"y":[0]}},{"s":[717.968],"t":77,"i":{"x":[1],"y":[1]},"o":{"x":[0],"y":[0]}},{"s":[717.565],"t":78,"i":{"x":[1],"y":[1]},"o":{"x":[0],"y":[0]}},{"s":[717.201],"t":79,"i":{"x":[1],"y":[1]},"o":{"x":[0],"y":[0]}},{"s":[716.845],"t":80,"i":{"x":[1],"y":[1]},"o":{"x":[0],"y":[0]}},{"s":[715.977],"t":81,"i":{"x":[1],"y":[1]},"o":{"x":[0],"y":[0]}},{"s":[713.661],"t":82,"i":{"x":[1],"y":[1]},"o":{"x":[0],"y":[0]}},{"s":[710.863],"t":83,"i":{"x":[1],"y":[1]},"o":{"x":[0],"y":[0]}},{"s":[708.554],"t":84,"i":{"x":[1],"y":[1]},"o":{"x":[0],"y":[0]}},{"s":[707.705],"t":85,"i":{"x":[1],"y":[1]},"o":{"x":[0],"y":[0]}},{"s":[708.957],"t":86,"i":{"x":[1],"y":[1]},"o":{"x":[0],"y":[0]}},{"s":[711.666],"t":87,"i":{"x":[1],"y":[1]},"o":{"x":[0],"y":[0]}},{"s":[714.867],"t":88,"i":{"x":[1],"y":[1]},"o":{"x":[0],"y":[0]}},{"s":[717.597],"t":89,"i":{"x":[1],"y":[1]},"o":{"x":[0],"y":[0]}},{"s":[718.893],"t":90,"i":{"x":[1],"y":[1]},"o":{"x":[0],"y":[0]}},{"s":[719.454],"t":92,"i":{"x":[1],"y":[1]},"o":{"x":[0],"y":[0]}},{"s":[720.143],"t":94,"i":{"x":[1],"y":[1]},"o":{"x":[0],"y":[0]}},{"s":[720.576],"t":95,"i":{"x":[1],"y":[1]},"o":{"x":[0],"y":[0]}},{"s":[721.126],"t":96,"i":{"x":[1],"y":[1]},"o":{"x":[0],"y":[0]}},{"s":[722.032],"t":97,"i":{"x":[1],"y":[1]},"o":{"x":[0],"y":[0]}},{"s":[721.973],"t":103,"i":{"x":[1],"y":[1]},"o":{"x":[0],"y":[0]}},{"s":[721.115],"t":104,"i":{"x":[1],"y":[1]},"o":{"x":[0],"y":[0]}},{"s":[720.58],"t":105,"i":{"x":[1],"y":[1]},"o":{"x":[0],"y":[0]}},{"s":[720.15],"t":106,"i":{"x":[1],"y":[1]},"o":{"x":[0],"y":[0]}},{"s":[719.46],"t":108,"i":{"x":[1],"y":[1]},"o":{"x":[0],"y":[0]}},{"s":[718.897],"t":110,"i":{"x":[1],"y":[1]},"o":{"x":[0],"y":[0]}},{"s":[717.6],"t":111,"i":{"x":[1],"y":[1]},"o":{"x":[0],"y":[0]}},{"s":[714.869],"t":112,"i":{"x":[1],"y":[1]},"o":{"x":[0],"y":[0]}},{"s":[711.666],"t":113,"i":{"x":[1],"y":[1]},"o":{"x":[0],"y":[0]}},{"s":[708.957],"t":114,"i":{"x":[1],"y":[1]},"o":{"x":[0],"y":[0]}},{"s":[707.705],"t":115,"i":{"x":[1],"y":[1]},"o":{"x":[0],"y":[0]}},{"s":[708.554],"t":116,"i":{"x":[1],"y":[1]},"o":{"x":[0],"y":[0]}},{"s":[710.862],"t":117,"i":{"x":[1],"y":[1]},"o":{"x":[0],"y":[0]}},{"s":[713.659],"t":118,"i":{"x":[1],"y":[1]},"o":{"x":[0],"y":[0]}},{"s":[715.975],"t":119,"i":{"x":[1],"y":[1]},"o":{"x":[0],"y":[0]}},{"s":[716.845],"t":120,"i":{"x":[1],"y":[1]},"o":{"x":[0],"y":[0]}},{"s":[717.532],"t":128,"i":{"x":[1],"y":[1]},"o":{"x":[0],"y":[0]}}]},"p":{"k":[{"s":[24.336,172.8,0],"t":0,"i":{"x":1,"y":1},"o":{"x":0,"y":0}},{"s":[24.336,172.8,0],"t":130,"i":{"x":1,"y":1},"o":{"x":0,"y":0}}],"l":2},"a":{"a":0,"k":[12.03,14.763,0],"ix":1,"l":2},"s":{"a":0,"k":[100,100,100],"ix":6,"l":2}},"ao":0,"ef":[{"ty":5,"nm":"IK","np":3,"mn":"Pseudo/DUIK ik","ix":1,"en":1,"ef":[{"ty":10,"nm":"Controller","mn":"Pseudo/DUIK ik-0001","ix":1,"v":{"a":0,"k":0,"ix":1}}]},{"ty":5,"nm":"IK 2","np":3,"mn":"Pseudo/DUIK ik","ix":2,"en":1,"ef":[{"ty":10,"nm":"Controller","mn":"Pseudo/DUIK ik-0001","ix":1,"v":{"a":0,"k":0,"ix":1}}]},{"ty":5,"nm":"IK 3","np":3,"mn":"Pseudo/DUIK ik","ix":3,"en":1,"ef":[{"ty":10,"nm":"Controller","mn":"Pseudo/DUIK ik-0001","ix":1,"v":{"a":0,"k":1,"ix":1}}]}],"ip":0,"op":150.000006109625,"st":0,"bm":0}]},{"id":"comp_1","nm":"Pre-comp 2","fr":29.9700012207031,"layers":[{"ddd":0,"ind":1,"ty":2,"nm":"Layer 2","refId":"image_0","sr":1,"ks":{"o":{"a":0,"k":100,"ix":11},"r":{"a":0,"k":0,"ix":10},"p":{"a":1,"k":[{"i":{"x":0.833,"y":0.833},"o":{"x":0.167,"y":0.167},"t":9,"s":[82.469,69.93,0],"to":[0.342,-0.41,0],"ti":[-0.342,0.41,0]},{"i":{"x":0.833,"y":0.833},"o":{"x":0.167,"y":0.167},"t":10,"s":[84.518,67.47,0],"to":[0,0,0],"ti":[0,0,0]},{"i":{"x":0.833,"y":0.833},"o":{"x":0.167,"y":0.167},"t":30,"s":[84.518,67.47,0],"to":[-0.332,-0.09,0],"ti":[0.332,0.09,0]},{"i":{"x":0.833,"y":0.833},"o":{"x":0.167,"y":0.167},"t":31,"s":[82.529,66.93,0],"to":[0,0,0],"ti":[0,0,0]},{"i":{"x":0.833,"y":0.833},"o":{"x":0.167,"y":0.167},"t":50,"s":[82.529,66.93,0],"to":[0.157,0.503,0],"ti":[-0.157,-0.503,0]},{"t":51.0000020772726,"s":[83.469,69.95,0]}],"ix":2,"l":2},"a":{"a":0,"k":[9.992,4.729,0],"ix":1,"l":2},"s":{"a":0,"k":[100,100,100],"ix":6,"l":2}},"ao":0,"ip":0,"op":150.000006109625,"st":0,"bm":0},{"ddd":0,"ind":2,"ty":2,"nm":"Layer 8","refId":"image_1","sr":1,"ks":{"o":{"a":0,"k":100,"ix":11},"r":{"a":0,"k":0,"ix":10},"p":{"a":1,"k":[{"i":{"x":0.833,"y":0.833},"o":{"x":0.167,"y":0.167},"t":9,"s":[53.834,69.723,0],"to":[0.342,-0.41,0],"ti":[-0.342,0.41,0]},{"i":{"x":0.833,"y":0.833},"o":{"x":0.167,"y":0.167},"t":10,"s":[55.883,67.263,0],"to":[0,0,0],"ti":[0,0,0]},{"i":{"x":0.833,"y":0.833},"o":{"x":0.167,"y":0.167},"t":30,"s":[55.883,67.263,0],"to":[-0.332,-0.09,0],"ti":[0.332,0.09,0]},{"i":{"x":0.833,"y":0.833},"o":{"x":0.167,"y":0.167},"t":31,"s":[53.894,66.724,0],"to":[0,0,0],"ti":[0,0,0]},{"i":{"x":0.833,"y":0.833},"o":{"x":0.167,"y":0.167},"t":50,"s":[53.894,66.724,0],"to":[0.157,0.503,0],"ti":[-0.157,-0.503,0]},{"t":51.0000020772726,"s":[54.834,69.743,0]}],"ix":2,"l":2},"a":{"a":0,"k":[10.933,4.741,0],"ix":1,"l":2},"s":{"a":0,"k":[100,100,100],"ix":6,"l":2}},"ao":0,"ip":0,"op":150.000006109625,"st":0,"bm":0},{"ddd":0,"ind":3,"ty":2,"nm":"Layer 6","refId":"image_2","sr":1,"ks":{"o":{"a":0,"k":100,"ix":11},"r":{"a":0,"k":0,"ix":10},"p":{"a":0,"k":[80.116,96.066,0],"ix":2,"l":2},"a":{"a":0,"k":[10.429,13.098,0],"ix":1,"l":2},"s":{"a":0,"k":[100,100,100],"ix":6,"l":2}},"ao":0,"ip":0,"op":150.000006109625,"st":0,"bm":0},{"ddd":0,"ind":4,"ty":2,"nm":"Layer 5","refId":"image_3","sr":1,"ks":{"o":{"a":0,"k":100,"ix":11},"r":{"a":0,"k":0,"ix":10},"p":{"a":1,"k":[{"i":{"x":0.833,"y":0.833},"o":{"x":0.167,"y":0.167},"t":9,"s":[56.553,83.322,0],"to":[0.59,-0.322,0],"ti":[-0.59,0.322,0]},{"i":{"x":0.833,"y":0.833},"o":{"x":0.167,"y":0.167},"t":10,"s":[60.091,81.391,0],"to":[0,0,0],"ti":[0,0,0]},{"i":{"x":0.833,"y":0.833},"o":{"x":0.167,"y":0.167},"t":30,"s":[60.091,81.391,0],"to":[-0.5,-0.01,0],"ti":[0.5,0.01,0]},{"i":{"x":0.833,"y":0.833},"o":{"x":0.167,"y":0.167},"t":31,"s":[57.092,81.332,0],"to":[0,0,0],"ti":[0,0,0]},{"i":{"x":0.833,"y":0.833},"o":{"x":0.167,"y":0.167},"t":50,"s":[57.092,81.332,0],"to":[0.16,0.337,0],"ti":[-0.16,-0.337,0]},{"t":51.0000020772726,"s":[58.052,83.351,0]}],"ix":2,"l":2},"a":{"a":0,"k":[5.953,5.954,0],"ix":1,"l":2},"s":{"a":1,"k":[{"i":{"x":[0.833,0.833,0.833],"y":[0.833,0.833,0.833]},"o":{"x":[0.167,0.167,0.167],"y":[0.167,0.167,0.167]},"t":0,"s":[100,100,100]},{"i":{"x":[0.833,0.833,0.833],"y":[0.833,0.833,0.833]},"o":{"x":[0.167,0.167,0.167],"y":[0.167,0.167,0.167]},"t":2,"s":[100,0,100]},{"i":{"x":[0.833,0.833,0.833],"y":[0.833,0.833,0.833]},"o":{"x":[0.167,0.167,0.167],"y":[0.167,0.167,0.167]},"t":4,"s":[100,100,100]},{"i":{"x":[0.833,0.833,0.833],"y":[0.833,0.833,0.833]},"o":{"x":[0.167,0.167,0.167],"y":[0.167,0.167,0.167]},"t":20,"s":[100,100,100]},{"i":{"x":[0.833,0.833,0.833],"y":[0.833,0.833,0.833]},"o":{"x":[0.167,0.167,0.167],"y":[0.167,0.167,0.167]},"t":22,"s":[100,0,100]},{"i":{"x":[0.833,0.833,0.833],"y":[0.833,0.833,0.833]},"o":{"x":[0.167,0.167,0.167],"y":[0.167,0.167,0.167]},"t":24,"s":[100,100,100]},{"i":{"x":[0.833,0.833,0.833],"y":[0.833,0.833,0.833]},"o":{"x":[0.167,0.167,0.167],"y":[0.167,0.167,0.167]},"t":50,"s":[100,100,100]},{"i":{"x":[0.833,0.833,0.833],"y":[0.833,0.833,0.833]},"o":{"x":[0.167,0.167,0.167],"y":[0.167,0.167,0.167]},"t":52,"s":[100,0,100]},{"i":{"x":[0.833,0.833,0.833],"y":[0.833,0.833,0.833]},"o":{"x":[0.167,0.167,0.167],"y":[0.167,0.167,0.167]},"t":54,"s":[100,100,100]},{"i":{"x":[0.833,0.833,0.833],"y":[0.833,0.833,0.833]},"o":{"x":[0.167,0.167,0.167],"y":[0.167,0.167,0.167]},"t":70,"s":[100,100,100]},{"i":{"x":[0.833,0.833,0.833],"y":[0.833,0.833,0.833]},"o":{"x":[0.167,0.167,0.167],"y":[0.167,0.167,0.167]},"t":72,"s":[100,0,100]},{"i":{"x":[0.833,0.833,0.833],"y":[0.833,0.833,0.833]},"o":{"x":[0.167,0.167,0.167],"y":[0.167,0.167,0.167]},"t":74,"s":[100,100,100]},{"i":{"x":[0.833,0.833,0.833],"y":[0.833,0.833,0.833]},"o":{"x":[0.167,0.167,0.167],"y":[0.167,0.167,0.167]},"t":90,"s":[100,100,100]},{"i":{"x":[0.833,0.833,0.833],"y":[0.833,0.833,0.833]},"o":{"x":[0.167,0.167,0.167],"y":[0.167,0.167,0.167]},"t":92,"s":[100,0,100]},{"i":{"x":[0.833,0.833,0.833],"y":[0.833,0.833,0.833]},"o":{"x":[0.167,0.167,0.167],"y":[0.167,0.167,0.167]},"t":94,"s":[100,100,100]},{"i":{"x":[0.833,0.833,0.833],"y":[0.833,0.833,0.833]},"o":{"x":[0.167,0.167,0.167],"y":[0.167,0.167,0.167]},"t":110,"s":[100,100,100]},{"i":{"x":[0.833,0.833,0.833],"y":[0.833,0.833,0.833]},"o":{"x":[0.167,0.167,0.167],"y":[0.167,0.167,0.167]},"t":112,"s":[100,0,100]},{"i":{"x":[0.833,0.833,0.833],"y":[0.833,0.833,0.833]},"o":{"x":[0.167,0.167,0.167],"y":[0.167,0.167,0.167]},"t":114,"s":[100,100,100]},{"i":{"x":[0.833,0.833,0.833],"y":[0.833,0.833,0.833]},"o":{"x":[0.167,0.167,0.167],"y":[0.167,0.167,0.167]},"t":130,"s":[100,100,100]},{"i":{"x":[0.833,0.833,0.833],"y":[0.833,0.833,0.833]},"o":{"x":[0.167,0.167,0.167],"y":[0.167,0.167,0.167]},"t":132,"s":[100,0,100]},{"t":134.000005457932,"s":[100,100,100]}],"ix":6,"l":2}},"ao":0,"ip":0,"op":150.000006109625,"st":0,"bm":0},{"ddd":0,"ind":5,"ty":2,"nm":"Layer 4","refId":"image_4","sr":1,"ks":{"o":{"a":0,"k":100,"ix":11},"r":{"a":0,"k":0,"ix":10},"p":{"a":1,"k":[{"i":{"x":0.833,"y":0.833},"o":{"x":0.167,"y":0.167},"t":9,"s":[83.87,83.447,0],"to":[0.59,-0.322,0],"ti":[-0.59,0.322,0]},{"i":{"x":0.833,"y":0.833},"o":{"x":0.167,"y":0.167},"t":10,"s":[87.409,81.516,0],"to":[0,0,0],"ti":[0,0,0]},{"i":{"x":0.833,"y":0.833},"o":{"x":0.167,"y":0.167},"t":30,"s":[87.409,81.516,0],"to":[-0.5,-0.01,0],"ti":[0.5,0.01,0]},{"i":{"x":0.833,"y":0.833},"o":{"x":0.167,"y":0.167},"t":31,"s":[84.409,81.457,0],"to":[0,0,0],"ti":[0,0,0]},{"i":{"x":0.833,"y":0.833},"o":{"x":0.167,"y":0.167},"t":50,"s":[84.409,81.457,0],"to":[0.16,0.337,0],"ti":[-0.16,-0.337,0]},{"t":51.0000020772726,"s":[85.37,83.476,0]}],"ix":2,"l":2},"a":{"a":0,"k":[5.953,5.954,0],"ix":1,"l":2},"s":{"a":1,"k":[{"i":{"x":[0.833,0.833,0.833],"y":[0.833,0.833,0.833]},"o":{"x":[0.167,0.167,0.167],"y":[0.167,0.167,0.167]},"t":0,"s":[100,100,100]},{"i":{"x":[0.833,0.833,0.833],"y":[0.833,0.833,0.833]},"o":{"x":[0.167,0.167,0.167],"y":[0.167,0.167,0.167]},"t":2,"s":[100,0,100]},{"i":{"x":[0.833,0.833,0.833],"y":[0.833,0.833,0.833]},"o":{"x":[0.167,0.167,0.167],"y":[0.167,0.167,0.167]},"t":4,"s":[100,100,100]},{"i":{"x":[0.833,0.833,0.833],"y":[0.833,0.833,0.833]},"o":{"x":[0.167,0.167,0.167],"y":[0.167,0.167,0.167]},"t":20,"s":[100,100,100]},{"i":{"x":[0.833,0.833,0.833],"y":[0.833,0.833,0.833]},"o":{"x":[0.167,0.167,0.167],"y":[0.167,0.167,0.167]},"t":22,"s":[100,0,100]},{"i":{"x":[0.833,0.833,0.833],"y":[0.833,0.833,0.833]},"o":{"x":[0.167,0.167,0.167],"y":[0.167,0.167,0.167]},"t":24,"s":[100,100,100]},{"i":{"x":[0.833,0.833,0.833],"y":[0.833,0.833,0.833]},"o":{"x":[0.167,0.167,0.167],"y":[0.167,0.167,0.167]},"t":50,"s":[100,100,100]},{"i":{"x":[0.833,0.833,0.833],"y":[0.833,0.833,0.833]},"o":{"x":[0.167,0.167,0.167],"y":[0.167,0.167,0.167]},"t":52,"s":[100,0,100]},{"i":{"x":[0.833,0.833,0.833],"y":[0.833,0.833,0.833]},"o":{"x":[0.167,0.167,0.167],"y":[0.167,0.167,0.167]},"t":54,"s":[100,100,100]},{"i":{"x":[0.833,0.833,0.833],"y":[0.833,0.833,0.833]},"o":{"x":[0.167,0.167,0.167],"y":[0.167,0.167,0.167]},"t":70,"s":[100,100,100]},{"i":{"x":[0.833,0.833,0.833],"y":[0.833,0.833,0.833]},"o":{"x":[0.167,0.167,0.167],"y":[0.167,0.167,0.167]},"t":72,"s":[100,0,100]},{"i":{"x":[0.833,0.833,0.833],"y":[0.833,0.833,0.833]},"o":{"x":[0.167,0.167,0.167],"y":[0.167,0.167,0.167]},"t":74,"s":[100,100,100]},{"i":{"x":[0.833,0.833,0.833],"y":[0.833,0.833,0.833]},"o":{"x":[0.167,0.167,0.167],"y":[0.167,0.167,0.167]},"t":90,"s":[100,100,100]},{"i":{"x":[0.833,0.833,0.833],"y":[0.833,0.833,0.833]},"o":{"x":[0.167,0.167,0.167],"y":[0.167,0.167,0.167]},"t":92,"s":[100,0,100]},{"i":{"x":[0.833,0.833,0.833],"y":[0.833,0.833,0.833]},"o":{"x":[0.167,0.167,0.167],"y":[0.167,0.167,0.167]},"t":94,"s":[100,100,100]},{"i":{"x":[0.833,0.833,0.833],"y":[0.833,0.833,0.833]},"o":{"x":[0.167,0.167,0.167],"y":[0.167,0.167,0.167]},"t":110,"s":[100,100,100]},{"i":{"x":[0.833,0.833,0.833],"y":[0.833,0.833,0.833]},"o":{"x":[0.167,0.167,0.167],"y":[0.167,0.167,0.167]},"t":112,"s":[100,0,100]},{"i":{"x":[0.833,0.833,0.833],"y":[0.833,0.833,0.833]},"o":{"x":[0.167,0.167,0.167],"y":[0.167,0.167,0.167]},"t":114,"s":[100,100,100]},{"i":{"x":[0.833,0.833,0.833],"y":[0.833,0.833,0.833]},"o":{"x":[0.167,0.167,0.167],"y":[0.167,0.167,0.167]},"t":130,"s":[100,100,100]},{"i":{"x":[0.833,0.833,0.833],"y":[0.833,0.833,0.833]},"o":{"x":[0.167,0.167,0.167],"y":[0.167,0.167,0.167]},"t":132,"s":[100,0,100]},{"t":134.000005457932,"s":[100,100,100]}],"ix":6,"l":2}},"ao":0,"ip":0,"op":150.000006109625,"st":0,"bm":0},{"ddd":0,"ind":9,"ty":2,"nm":"Asset 6.png","cl":"png","refId":"image_5","sr":1,"ks":{"o":{"a":0,"k":100,"ix":11},"r":{"a":0,"k":-13.841,"ix":10},"p":{"a":0,"k":[74,112,0],"ix":2,"l":2},"a":{"a":0,"k":[31,5,0],"ix":1,"l":2},"s":{"a":0,"k":[31.452,100,100],"ix":6,"l":2}},"ao":0,"ef":[{"ty":21,"nm":"Fill","np":9,"mn":"ADBE Fill","ix":1,"en":1,"ef":[{"ty":10,"nm":"Fill Mask","mn":"ADBE Fill-0001","ix":1,"v":{"a":0,"k":0,"ix":1}},{"ty":7,"nm":"All Masks","mn":"ADBE Fill-0007","ix":2,"v":{"a":0,"k":0,"ix":2}},{"ty":2,"nm":"Color","mn":"ADBE Fill-0002","ix":3,"v":{"a":0,"k":[0.960784375668,0.68235296011,0.556862771511,1],"ix":3}},{"ty":7,"nm":"Invert","mn":"ADBE Fill-0006","ix":4,"v":{"a":0,"k":0,"ix":4}},{"ty":0,"nm":"Horizontal Feather","mn":"ADBE Fill-0003","ix":5,"v":{"a":0,"k":0,"ix":5}},{"ty":0,"nm":"Vertical Feather","mn":"ADBE Fill-0004","ix":6,"v":{"a":0,"k":0,"ix":6}},{"ty":0,"nm":"Opacity","mn":"ADBE Fill-0005","ix":7,"v":{"a":0,"k":1,"ix":7}}]}],"ip":0,"op":150.000006109625,"st":0,"bm":0},{"ddd":0,"ind":10,"ty":2,"nm":"Layer 7","refId":"image_6","sr":1,"ks":{"o":{"a":0,"k":100,"ix":11},"r":{"a":0,"k":0,"ix":10},"p":{"a":0,"k":[61.633,64.991,0],"ix":2,"l":2},"a":{"a":0,"k":[58.574,68.608,0],"ix":1,"l":2},"s":{"a":0,"k":[100,100,100],"ix":6,"l":2}},"ao":0,"ip":0,"op":150.000006109625,"st":0,"bm":0}]},{"id":"comp_2","nm":"Layer 2 Comp 1","fr":29.9700012207031,"layers":[{"ddd":0,"ind":1,"ty":2,"nm":"Layer 1","refId":"image_7","sr":1,"ks":{"o":{"a":0,"k":100,"ix":11},"r":{"a":0,"k":0,"ix":10},"p":{"a":0,"k":[88.061,65.086,0],"ix":2,"l":2},"a":{"a":0,"k":[88.636,65.336,0],"ix":1,"l":2},"s":{"a":0,"k":[100,100,100],"ix":6,"l":2}},"ao":0,"ip":0,"op":300.00001221925,"st":0,"bm":0}]},{"id":"comp_3","nm":"neck Comp 1","fr":29.9700012207031,"layers":[{"ddd":0,"ind":1,"ty":2,"nm":"Layer 13","refId":"image_8","sr":1,"ks":{"o":{"a":0,"k":100,"ix":11},"r":{"a":0,"k":0,"ix":10},"p":{"a":0,"k":[16.834,27.879,0],"ix":2,"l":2},"a":{"a":0,"k":[18.334,30.379,0],"ix":1,"l":2},"s":{"a":0,"k":[100,100,100],"ix":6,"l":2}},"ao":0,"ip":0,"op":150.000006109625,"st":0,"bm":0}]},{"id":"comp_4","nm":"body Comp 1","fr":29.9700012207031,"layers":[{"ddd":0,"ind":1,"ty":2,"nm":"Layer 17","refId":"image_9","sr":1,"ks":{"o":{"a":0,"k":100,"ix":11},"r":{"a":0,"k":0,"ix":10},"p":{"a":0,"k":[79.594,107.58,0],"ix":2,"l":2},"a":{"a":0,"k":[79.594,107.58,0],"ix":1,"l":2},"s":{"a":0,"k":[100,100,100],"ix":6,"l":2}},"ao":0,"ef":[{"ty":21,"nm":"Fill","np":9,"mn":"ADBE Fill","ix":1,"en":1,"ef":[{"ty":10,"nm":"Fill Mask","mn":"ADBE Fill-0001","ix":1,"v":{"a":0,"k":0,"ix":1}},{"ty":7,"nm":"All Masks","mn":"ADBE Fill-0007","ix":2,"v":{"a":0,"k":0,"ix":2}},{"ty":2,"nm":"Color","mn":"ADBE Fill-0002","ix":3,"v":{"a":0,"k":[0.121568635106,0.549019634724,0.345098048449,1],"ix":3}},{"ty":7,"nm":"Invert","mn":"ADBE Fill-0006","ix":4,"v":{"a":0,"k":0,"ix":4}},{"ty":0,"nm":"Horizontal Feather","mn":"ADBE Fill-0003","ix":5,"v":{"a":0,"k":0,"ix":5}},{"ty":0,"nm":"Vertical Feather","mn":"ADBE Fill-0004","ix":6,"v":{"a":0,"k":0,"ix":6}},{"ty":0,"nm":"Opacity","mn":"ADBE Fill-0005","ix":7,"v":{"a":0,"k":1,"ix":7}}]}],"ip":0,"op":150.000006109625,"st":0,"bm":0}]}],"layers":[{"ddd":0,"ind":1,"ty":0,"nm":"usman","refId":"comp_0","sr":1,"ks":{"o":{"a":0,"k":100,"ix":11},"r":{"a":0,"k":0,"ix":10},"p":{"a":0,"k":[225,399.5,0],"ix":2,"l":2},"a":{"a":0,"k":[960,540,0],"ix":1,"l":2},"s":{"a":0,"k":[100,100,100],"ix":6,"l":2}},"ao":0,"w":1920,"h":1080,"ip":0,"op":150.000006109625,"st":0,"bm":0}],"markers":[]}