{"v":"5.9.1","fr":29.9700012207031,"ip":0,"op":300.00001221925,"w":800,"h":1080,"nm":"back walk","ddd":0,"assets":[{"id":"image_0","w":72,"h":187,"u":"images/","p":"img_0.png","e":0},{"id":"image_1","w":50,"h":156,"u":"images/","p":"img_1.png","e":0},{"id":"image_2","w":57,"h":71,"u":"images/","p":"img_2.png","e":0},{"id":"image_3","w":101,"h":41,"u":"images/","p":"img_3.png","e":0},{"id":"image_4","w":140,"h":194,"u":"images/","p":"img_4.png","e":0},{"id":"image_5","w":202,"h":329,"u":"images/","p":"img_5.png","e":0},{"id":"image_6","w":136,"h":67,"u":"images/","p":"img_6.png","e":0},{"id":"image_7","w":67,"h":233,"u":"images/","p":"img_7.png","e":0},{"id":"image_8","w":57,"h":214,"u":"images/","p":"img_8.png","e":0},{"id":"image_9","w":85,"h":57,"u":"images/","p":"img_9.png","e":0},{"id":"image_10","w":65,"h":227,"u":"images/","p":"img_10.png","e":0},{"id":"image_11","w":55,"h":208,"u":"images/","p":"img_11.png","e":0},{"id":"image_12","w":83,"h":55,"u":"images/","p":"img_12.png","e":0},{"id":"image_13","w":80,"h":185,"u":"images/","p":"img_13.png","e":0},{"id":"image_14","w":49,"h":156,"u":"images/","p":"img_14.png","e":0},{"id":"image_15","w":54,"h":70,"u":"images/","p":"img_15.png","e":0},{"id":"image_16","w":155,"h":422,"u":"images/","p":"img_16.png","e":0},{"id":"comp_0","nm":"isometric usman back","fr":29.9700012207031,"layers":[{"ddd":0,"ind":5,"ty":2,"nm":"Layer 2","parent":10,"refId":"image_0","sr":1,"ks":{"o":{"a":0,"k":100,"ix":11},"r":{"k":[{"s":[1.89],"t":0,"i":{"x":[1],"y":[1]},"o":{"x":[0],"y":[0]}},{"s":[2.753],"t":1,"i":{"x":[1],"y":[1]},"o":{"x":[0],"y":[0]}},{"s":[3.644],"t":2,"i":{"x":[1],"y":[1]},"o":{"x":[0],"y":[0]}},{"s":[4.555],"t":3,"i":{"x":[1],"y":[1]},"o":{"x":[0],"y":[0]}},{"s":[-0.467],"t":4,"i":{"x":[1],"y":[1]},"o":{"x":[0],"y":[0]}},{"s":[-3.823],"t":5,"i":{"x":[1],"y":[1]},"o":{"x":[0],"y":[0]}},{"s":[-5.758],"t":6,"i":{"x":[1],"y":[1]},"o":{"x":[0],"y":[0]}},{"s":[-7.082],"t":7,"i":{"x":[1],"y":[1]},"o":{"x":[0],"y":[0]}},{"s":[-8.032],"t":8,"i":{"x":[1],"y":[1]},"o":{"x":[0],"y":[0]}},{"s":[-8.717],"t":9,"i":{"x":[1],"y":[1]},"o":{"x":[0],"y":[0]}},{"s":[-9.196],"t":10,"i":{"x":[1],"y":[1]},"o":{"x":[0],"y":[0]}},{"s":[-9.505],"t":11,"i":{"x":[1],"y":[1]},"o":{"x":[0],"y":[0]}},{"s":[-9.672],"t":12,"i":{"x":[1],"y":[1]},"o":{"x":[0],"y":[0]}},{"s":[-9.714],"t":13,"i":{"x":[1],"y":[1]},"o":{"x":[0],"y":[0]}},{"s":[-9.644],"t":14,"i":{"x":[1],"y":[1]},"o":{"x":[0],"y":[0]}},{"s":[-9.475],"t":15,"i":{"x":[1],"y":[1]},"o":{"x":[0],"y":[0]}},{"s":[-9.214],"t":16,"i":{"x":[1],"y":[1]},"o":{"x":[0],"y":[0]}},{"s":[-8.869],"t":17,"i":{"x":[1],"y":[1]},"o":{"x":[0],"y":[0]}},{"s":[-8.446],"t":18,"i":{"x":[1],"y":[1]},"o":{"x":[0],"y":[0]}},{"s":[-7.951],"t":19,"i":{"x":[1],"y":[1]},"o":{"x":[0],"y":[0]}},{"s":[-7.39],"t":20,"i":{"x":[1],"y":[1]},"o":{"x":[0],"y":[0]}},{"s":[-6.767],"t":21,"i":{"x":[1],"y":[1]},"o":{"x":[0],"y":[0]}},{"s":[-6.09],"t":22,"i":{"x":[1],"y":[1]},"o":{"x":[0],"y":[0]}},{"s":[-5.368],"t":23,"i":{"x":[1],"y":[1]},"o":{"x":[0],"y":[0]}},{"s":[-4.608],"t":24,"i":{"x":[1],"y":[1]},"o":{"x":[0],"y":[0]}},{"s":[-3.83],"t":25,"i":{"x":[1],"y":[1]},"o":{"x":[0],"y":[0]}},{"s":[-2.905],"t":26,"i":{"x":[1],"y":[1]},"o":{"x":[0],"y":[0]}},{"s":[-2.041],"t":27,"i":{"x":[1],"y":[1]},"o":{"x":[0],"y":[0]}},{"s":[-1.234],"t":28,"i":{"x":[1],"y":[1]},"o":{"x":[0],"y":[0]}},{"s":[-0.476],"t":29,"i":{"x":[1],"y":[1]},"o":{"x":[0],"y":[0]}},{"s":[0.243],"t":30,"i":{"x":[1],"y":[1]},"o":{"x":[0],"y":[0]}},{"s":[0.948],"t":31,"i":{"x":[1],"y":[1]},"o":{"x":[0],"y":[0]}},{"s":[1.683],"t":32,"i":{"x":[1],"y":[1]},"o":{"x":[0],"y":[0]}},{"s":[2.554],"t":33,"i":{"x":[1],"y":[1]},"o":{"x":[0],"y":[0]}},{"s":[3.971],"t":34,"i":{"x":[1],"y":[1]},"o":{"x":[0],"y":[0]}},{"s":[5.107],"t":35,"i":{"x":[1],"y":[1]},"o":{"x":[0],"y":[0]}},{"s":[5.602],"t":36,"i":{"x":[1],"y":[1]},"o":{"x":[0],"y":[0]}},{"s":[5.882],"t":37,"i":{"x":[1],"y":[1]},"o":{"x":[0],"y":[0]}},{"s":[6.113],"t":38,"i":{"x":[1],"y":[1]},"o":{"x":[0],"y":[0]}},{"s":[6.341],"t":39,"i":{"x":[1],"y":[1]},"o":{"x":[0],"y":[0]}},{"s":[6.599],"t":40,"i":{"x":[1],"y":[1]},"o":{"x":[0],"y":[0]}},{"s":[6.924],"t":41,"i":{"x":[1],"y":[1]},"o":{"x":[0],"y":[0]}},{"s":[7.485],"t":42,"i":{"x":[1],"y":[1]},"o":{"x":[0],"y":[0]}},{"s":[8.112],"t":43,"i":{"x":[1],"y":[1]},"o":{"x":[0],"y":[0]}},{"s":[8.581],"t":44,"i":{"x":[1],"y":[1]},"o":{"x":[0],"y":[0]}},{"s":[8.901],"t":45,"i":{"x":[1],"y":[1]},"o":{"x":[0],"y":[0]}},{"s":[9.167],"t":46,"i":{"x":[1],"y":[1]},"o":{"x":[0],"y":[0]}},{"s":[9.419],"t":47,"i":{"x":[1],"y":[1]},"o":{"x":[0],"y":[0]}},{"s":[9.717],"t":48,"i":{"x":[1],"y":[1]},"o":{"x":[0],"y":[0]}},{"s":[9.717],"t":62,"i":{"x":[1],"y":[1]},"o":{"x":[0],"y":[0]}},{"s":[9.916],"t":63,"i":{"x":[1],"y":[1]},"o":{"x":[0],"y":[0]}},{"s":[10.107],"t":64,"i":{"x":[1],"y":[1]},"o":{"x":[0],"y":[0]}},{"s":[10.394],"t":65,"i":{"x":[1],"y":[1]},"o":{"x":[0],"y":[0]}},{"s":[10.83],"t":66,"i":{"x":[1],"y":[1]},"o":{"x":[0],"y":[0]}},{"s":[11.509],"t":67,"i":{"x":[1],"y":[1]},"o":{"x":[0],"y":[0]}},{"s":[12.729],"t":68,"i":{"x":[1],"y":[1]},"o":{"x":[0],"y":[0]}},{"s":[13.593],"t":69,"i":{"x":[1],"y":[1]},"o":{"x":[0],"y":[0]}},{"s":[14.483],"t":70,"i":{"x":[1],"y":[1]},"o":{"x":[0],"y":[0]}},{"s":[15.378],"t":71,"i":{"x":[1],"y":[1]},"o":{"x":[0],"y":[0]}},{"s":[16.276],"t":72,"i":{"x":[1],"y":[1]},"o":{"x":[0],"y":[0]}},{"s":[18.078],"t":74,"i":{"x":[1],"y":[1]},"o":{"x":[0],"y":[0]}},{"s":[19.884],"t":76,"i":{"x":[1],"y":[1]},"o":{"x":[0],"y":[0]}},{"s":[20.784],"t":77,"i":{"x":[1],"y":[1]},"o":{"x":[0],"y":[0]}},{"s":[21.67],"t":78,"i":{"x":[1],"y":[1]},"o":{"x":[0],"y":[0]}},{"s":[22.516],"t":79,"i":{"x":[1],"y":[1]},"o":{"x":[0],"y":[0]}},{"s":[23.241],"t":80,"i":{"x":[1],"y":[1]},"o":{"x":[0],"y":[0]}},{"s":[23.63],"t":81,"i":{"x":[1],"y":[1]},"o":{"x":[0],"y":[0]}},{"s":[23.498],"t":82,"i":{"x":[1],"y":[1]},"o":{"x":[0],"y":[0]}},{"s":[23.031],"t":83,"i":{"x":[1],"y":[1]},"o":{"x":[0],"y":[0]}},{"s":[21.901],"t":84,"i":{"x":[1],"y":[1]},"o":{"x":[0],"y":[0]}},{"s":[20.694],"t":85,"i":{"x":[1],"y":[1]},"o":{"x":[0],"y":[0]}},{"s":[19.466],"t":86,"i":{"x":[1],"y":[1]},"o":{"x":[0],"y":[0]}},{"s":[18.233],"t":87,"i":{"x":[1],"y":[1]},"o":{"x":[0],"y":[0]}},{"s":[17.005],"t":88,"i":{"x":[1],"y":[1]},"o":{"x":[0],"y":[0]}},{"s":[15.782],"t":89,"i":{"x":[1],"y":[1]},"o":{"x":[0],"y":[0]}},{"s":[14.566],"t":90,"i":{"x":[1],"y":[1]},"o":{"x":[0],"y":[0]}},{"s":[13.36],"t":91,"i":{"x":[1],"y":[1]},"o":{"x":[0],"y":[0]}},{"s":[12.166],"t":92,"i":{"x":[1],"y":[1]},"o":{"x":[0],"y":[0]}},{"s":[10.986],"t":93,"i":{"x":[1],"y":[1]},"o":{"x":[0],"y":[0]}},{"s":[9.819],"t":94,"i":{"x":[1],"y":[1]},"o":{"x":[0],"y":[0]}},{"s":[8.665],"t":95,"i":{"x":[1],"y":[1]},"o":{"x":[0],"y":[0]}},{"s":[7.521],"t":96,"i":{"x":[1],"y":[1]},"o":{"x":[0],"y":[0]}},{"s":[6.388],"t":97,"i":{"x":[1],"y":[1]},"o":{"x":[0],"y":[0]}},{"s":[5.264],"t":98,"i":{"x":[1],"y":[1]},"o":{"x":[0],"y":[0]}},{"s":[4.149],"t":99,"i":{"x":[1],"y":[1]},"o":{"x":[0],"y":[0]}},{"s":[3.044],"t":100,"i":{"x":[1],"y":[1]},"o":{"x":[0],"y":[0]}},{"s":[1.947],"t":101,"i":{"x":[1],"y":[1]},"o":{"x":[0],"y":[0]}},{"s":[0.853],"t":102,"i":{"x":[1],"y":[1]},"o":{"x":[0],"y":[0]}},{"s":[-0.244],"t":103,"i":{"x":[1],"y":[1]},"o":{"x":[0],"y":[0]}},{"s":[-1.355],"t":104,"i":{"x":[1],"y":[1]},"o":{"x":[0],"y":[0]}},{"s":[-2.507],"t":105,"i":{"x":[1],"y":[1]},"o":{"x":[0],"y":[0]}},{"s":[-3.83],"t":106,"i":{"x":[1],"y":[1]},"o":{"x":[0],"y":[0]}},{"s":[-4.781],"t":107,"i":{"x":[1],"y":[1]},"o":{"x":[0],"y":[0]}},{"s":[-4.475],"t":108,"i":{"x":[1],"y":[1]},"o":{"x":[0],"y":[0]}},{"s":[-3.842],"t":109,"i":{"x":[1],"y":[1]},"o":{"x":[0],"y":[0]}},{"s":[-2.985],"t":110,"i":{"x":[1],"y":[1]},"o":{"x":[0],"y":[0]}},{"s":[-1.946],"t":111,"i":{"x":[1],"y":[1]},"o":{"x":[0],"y":[0]}},{"s":[-0.738],"t":112,"i":{"x":[1],"y":[1]},"o":{"x":[0],"y":[0]}},{"s":[0.63],"t":113,"i":{"x":[1],"y":[1]},"o":{"x":[0],"y":[0]}},{"s":[2.168],"t":114,"i":{"x":[1],"y":[1]},"o":{"x":[0],"y":[0]}},{"s":[3.971],"t":115,"i":{"x":[1],"y":[1]},"o":{"x":[0],"y":[0]}},{"s":[5.107],"t":116,"i":{"x":[1],"y":[1]},"o":{"x":[0],"y":[0]}},{"s":[5.602],"t":117,"i":{"x":[1],"y":[1]},"o":{"x":[0],"y":[0]}},{"s":[5.882],"t":118,"i":{"x":[1],"y":[1]},"o":{"x":[0],"y":[0]}},{"s":[6.113],"t":119,"i":{"x":[1],"y":[1]},"o":{"x":[0],"y":[0]}},{"s":[6.341],"t":120,"i":{"x":[1],"y":[1]},"o":{"x":[0],"y":[0]}},{"s":[6.599],"t":121,"i":{"x":[1],"y":[1]},"o":{"x":[0],"y":[0]}},{"s":[6.924],"t":122,"i":{"x":[1],"y":[1]},"o":{"x":[0],"y":[0]}},{"s":[7.485],"t":123,"i":{"x":[1],"y":[1]},"o":{"x":[0],"y":[0]}},{"s":[8.112],"t":124,"i":{"x":[1],"y":[1]},"o":{"x":[0],"y":[0]}},{"s":[8.581],"t":125,"i":{"x":[1],"y":[1]},"o":{"x":[0],"y":[0]}},{"s":[8.901],"t":126,"i":{"x":[1],"y":[1]},"o":{"x":[0],"y":[0]}},{"s":[9.167],"t":127,"i":{"x":[1],"y":[1]},"o":{"x":[0],"y":[0]}},{"s":[9.419],"t":128,"i":{"x":[1],"y":[1]},"o":{"x":[0],"y":[0]}},{"s":[9.717],"t":129,"i":{"x":[1],"y":[1]},"o":{"x":[0],"y":[0]}},{"s":[9.717],"t":143,"i":{"x":[1],"y":[1]},"o":{"x":[0],"y":[0]}},{"s":[9.916],"t":144,"i":{"x":[1],"y":[1]},"o":{"x":[0],"y":[0]}},{"s":[10.107],"t":145,"i":{"x":[1],"y":[1]},"o":{"x":[0],"y":[0]}},{"s":[10.394],"t":146,"i":{"x":[1],"y":[1]},"o":{"x":[0],"y":[0]}},{"s":[10.83],"t":147,"i":{"x":[1],"y":[1]},"o":{"x":[0],"y":[0]}},{"s":[11.509],"t":148,"i":{"x":[1],"y":[1]},"o":{"x":[0],"y":[0]}},{"s":[12.729],"t":149,"i":{"x":[1],"y":[1]},"o":{"x":[0],"y":[0]}},{"s":[13.593],"t":150,"i":{"x":[1],"y":[1]},"o":{"x":[0],"y":[0]}},{"s":[14.483],"t":151,"i":{"x":[1],"y":[1]},"o":{"x":[0],"y":[0]}},{"s":[15.378],"t":152,"i":{"x":[1],"y":[1]},"o":{"x":[0],"y":[0]}},{"s":[16.276],"t":153,"i":{"x":[1],"y":[1]},"o":{"x":[0],"y":[0]}},{"s":[18.078],"t":155,"i":{"x":[1],"y":[1]},"o":{"x":[0],"y":[0]}},{"s":[19.884],"t":157,"i":{"x":[1],"y":[1]},"o":{"x":[0],"y":[0]}},{"s":[20.784],"t":158,"i":{"x":[1],"y":[1]},"o":{"x":[0],"y":[0]}},{"s":[21.67],"t":159,"i":{"x":[1],"y":[1]},"o":{"x":[0],"y":[0]}},{"s":[22.516],"t":160,"i":{"x":[1],"y":[1]},"o":{"x":[0],"y":[0]}},{"s":[23.241],"t":161,"i":{"x":[1],"y":[1]},"o":{"x":[0],"y":[0]}},{"s":[23.63],"t":162,"i":{"x":[1],"y":[1]},"o":{"x":[0],"y":[0]}},{"s":[23.498],"t":163,"i":{"x":[1],"y":[1]},"o":{"x":[0],"y":[0]}},{"s":[23.031],"t":164,"i":{"x":[1],"y":[1]},"o":{"x":[0],"y":[0]}},{"s":[21.377],"t":165,"i":{"x":[1],"y":[1]},"o":{"x":[0],"y":[0]}},{"s":[19.62],"t":166,"i":{"x":[1],"y":[1]},"o":{"x":[0],"y":[0]}},{"s":[17.848],"t":167,"i":{"x":[1],"y":[1]},"o":{"x":[0],"y":[0]}},{"s":[16.088],"t":168,"i":{"x":[1],"y":[1]},"o":{"x":[0],"y":[0]}},{"s":[14.339],"t":169,"i":{"x":[1],"y":[1]},"o":{"x":[0],"y":[0]}},{"s":[12.612],"t":170,"i":{"x":[1],"y":[1]},"o":{"x":[0],"y":[0]}},{"s":[10.913],"t":171,"i":{"x":[1],"y":[1]},"o":{"x":[0],"y":[0]}},{"s":[9.241],"t":172,"i":{"x":[1],"y":[1]},"o":{"x":[0],"y":[0]}},{"s":[7.593],"t":173,"i":{"x":[1],"y":[1]},"o":{"x":[0],"y":[0]}},{"s":[5.965],"t":174,"i":{"x":[1],"y":[1]},"o":{"x":[0],"y":[0]}},{"s":[4.357],"t":175,"i":{"x":[1],"y":[1]},"o":{"x":[0],"y":[0]}},{"s":[2.769],"t":176,"i":{"x":[1],"y":[1]},"o":{"x":[0],"y":[0]}},{"s":[1.195],"t":177,"i":{"x":[1],"y":[1]},"o":{"x":[0],"y":[0]}},{"s":[-0.381],"t":178,"i":{"x":[1],"y":[1]},"o":{"x":[0],"y":[0]}},{"s":[-1.994],"t":179,"i":{"x":[1],"y":[1]},"o":{"x":[0],"y":[0]}},{"s":[-3.83],"t":180,"i":{"x":[1],"y":[1]},"o":{"x":[0],"y":[0]}},{"s":[-4.781],"t":181,"i":{"x":[1],"y":[1]},"o":{"x":[0],"y":[0]}},{"s":[-4.475],"t":182,"i":{"x":[1],"y":[1]},"o":{"x":[0],"y":[0]}},{"s":[-3.842],"t":183,"i":{"x":[1],"y":[1]},"o":{"x":[0],"y":[0]}},{"s":[-2.985],"t":184,"i":{"x":[1],"y":[1]},"o":{"x":[0],"y":[0]}},{"s":[-1.946],"t":185,"i":{"x":[1],"y":[1]},"o":{"x":[0],"y":[0]}},{"s":[-0.738],"t":186,"i":{"x":[1],"y":[1]},"o":{"x":[0],"y":[0]}},{"s":[0.63],"t":187,"i":{"x":[1],"y":[1]},"o":{"x":[0],"y":[0]}},{"s":[2.168],"t":188,"i":{"x":[1],"y":[1]},"o":{"x":[0],"y":[0]}},{"s":[3.971],"t":189,"i":{"x":[1],"y":[1]},"o":{"x":[0],"y":[0]}},{"s":[5.107],"t":190,"i":{"x":[1],"y":[1]},"o":{"x":[0],"y":[0]}},{"s":[5.602],"t":191,"i":{"x":[1],"y":[1]},"o":{"x":[0],"y":[0]}},{"s":[5.882],"t":192,"i":{"x":[1],"y":[1]},"o":{"x":[0],"y":[0]}},{"s":[6.113],"t":193,"i":{"x":[1],"y":[1]},"o":{"x":[0],"y":[0]}},{"s":[6.341],"t":194,"i":{"x":[1],"y":[1]},"o":{"x":[0],"y":[0]}},{"s":[6.599],"t":195,"i":{"x":[1],"y":[1]},"o":{"x":[0],"y":[0]}},{"s":[6.924],"t":196,"i":{"x":[1],"y":[1]},"o":{"x":[0],"y":[0]}},{"s":[7.485],"t":197,"i":{"x":[1],"y":[1]},"o":{"x":[0],"y":[0]}},{"s":[8.112],"t":198,"i":{"x":[1],"y":[1]},"o":{"x":[0],"y":[0]}},{"s":[8.581],"t":199,"i":{"x":[1],"y":[1]},"o":{"x":[0],"y":[0]}},{"s":[8.901],"t":200,"i":{"x":[1],"y":[1]},"o":{"x":[0],"y":[0]}},{"s":[9.167],"t":201,"i":{"x":[1],"y":[1]},"o":{"x":[0],"y":[0]}},{"s":[9.419],"t":202,"i":{"x":[1],"y":[1]},"o":{"x":[0],"y":[0]}},{"s":[9.717],"t":203,"i":{"x":[1],"y":[1]},"o":{"x":[0],"y":[0]}},{"s":[9.717],"t":217,"i":{"x":[1],"y":[1]},"o":{"x":[0],"y":[0]}},{"s":[9.916],"t":218,"i":{"x":[1],"y":[1]},"o":{"x":[0],"y":[0]}},{"s":[10.107],"t":219,"i":{"x":[1],"y":[1]},"o":{"x":[0],"y":[0]}},{"s":[10.394],"t":220,"i":{"x":[1],"y":[1]},"o":{"x":[0],"y":[0]}},{"s":[10.83],"t":221,"i":{"x":[1],"y":[1]},"o":{"x":[0],"y":[0]}},{"s":[11.509],"t":222,"i":{"x":[1],"y":[1]},"o":{"x":[0],"y":[0]}},{"s":[12.729],"t":223,"i":{"x":[1],"y":[1]},"o":{"x":[0],"y":[0]}},{"s":[13.989],"t":224,"i":{"x":[1],"y":[1]},"o":{"x":[0],"y":[0]}},{"s":[15.276],"t":225,"i":{"x":[1],"y":[1]},"o":{"x":[0],"y":[0]}},{"s":[16.58],"t":226,"i":{"x":[1],"y":[1]},"o":{"x":[0],"y":[0]}},{"s":[17.902],"t":227,"i":{"x":[1],"y":[1]},"o":{"x":[0],"y":[0]}},{"s":[19.237],"t":228,"i":{"x":[1],"y":[1]},"o":{"x":[0],"y":[0]}},{"s":[20.59],"t":229,"i":{"x":[1],"y":[1]},"o":{"x":[0],"y":[0]}},{"s":[21.968],"t":230,"i":{"x":[1],"y":[1]},"o":{"x":[0],"y":[0]}},{"s":[23.368],"t":231,"i":{"x":[1],"y":[1]},"o":{"x":[0],"y":[0]}},{"s":[24.775],"t":232,"i":{"x":[1],"y":[1]},"o":{"x":[0],"y":[0]}},{"s":[26.023],"t":233,"i":{"x":[1],"y":[1]},"o":{"x":[0],"y":[0]}},{"s":[26.266],"t":234,"i":{"x":[1],"y":[1]},"o":{"x":[0],"y":[0]}},{"s":[25.701],"t":235,"i":{"x":[1],"y":[1]},"o":{"x":[0],"y":[0]}},{"s":[24.892],"t":236,"i":{"x":[1],"y":[1]},"o":{"x":[0],"y":[0]}},{"s":[23.991],"t":237,"i":{"x":[1],"y":[1]},"o":{"x":[0],"y":[0]}},{"s":[23.031],"t":238,"i":{"x":[1],"y":[1]},"o":{"x":[0],"y":[0]}},{"s":[18.998],"t":239,"i":{"x":[1],"y":[1]},"o":{"x":[0],"y":[0]}},{"s":[15.047],"t":240,"i":{"x":[1],"y":[1]},"o":{"x":[0],"y":[0]}},{"s":[11.25],"t":241,"i":{"x":[1],"y":[1]},"o":{"x":[0],"y":[0]}},{"s":[7.656],"t":242,"i":{"x":[1],"y":[1]},"o":{"x":[0],"y":[0]}},{"s":[4.275],"t":243,"i":{"x":[1],"y":[1]},"o":{"x":[0],"y":[0]}},{"s":[1.133],"t":244,"i":{"x":[1],"y":[1]},"o":{"x":[0],"y":[0]}},{"s":[-1.744],"t":245,"i":{"x":[1],"y":[1]},"o":{"x":[0],"y":[0]}},{"s":[-4.333],"t":246,"i":{"x":[1],"y":[1]},"o":{"x":[0],"y":[0]}},{"s":[-6.605],"t":247,"i":{"x":[1],"y":[1]},"o":{"x":[0],"y":[0]}},{"s":[-8.527],"t":248,"i":{"x":[1],"y":[1]},"o":{"x":[0],"y":[0]}},{"s":[-10.06],"t":249,"i":{"x":[1],"y":[1]},"o":{"x":[0],"y":[0]}},{"s":[-11.153],"t":250,"i":{"x":[1],"y":[1]},"o":{"x":[0],"y":[0]}},{"s":[-11.734],"t":251,"i":{"x":[1],"y":[1]},"o":{"x":[0],"y":[0]}},{"s":[-11.686],"t":252,"i":{"x":[1],"y":[1]},"o":{"x":[0],"y":[0]}},{"s":[-10.782],"t":253,"i":{"x":[1],"y":[1]},"o":{"x":[0],"y":[0]}},{"s":[-8.448],"t":254,"i":{"x":[1],"y":[1]},"o":{"x":[0],"y":[0]}},{"s":[-0.491],"t":255,"i":{"x":[1],"y":[1]},"o":{"x":[0],"y":[0]}}]},"p":{"a":0,"k":[36.354,71.798,0],"ix":2,"l":2},"a":{"a":0,"k":[27.729,23.97,0],"ix":1,"l":2},"s":{"a":0,"k":[100,100,100],"ix":6,"l":2}},"ao":0,"ef":[{"ty":5,"nm":"IK","np":3,"mn":"Pseudo/DUIK ik","ix":1,"en":1,"ef":[{"ty":10,"nm":"Controller","mn":"Pseudo/DUIK ik-0001","ix":1,"v":{"a":0,"k":2,"ix":1}}]}],"ip":0,"op":300.00001221925,"st":0,"bm":0},{"ddd":0,"ind":6,"ty":2,"nm":"Layer 4","parent":5,"refId":"image_1","sr":1,"ks":{"o":{"a":0,"k":100,"ix":11},"r":{"k":[{"s":[-4.824],"t":3,"i":{"x":[1],"y":[1]},"o":{"x":[0],"y":[0]}},{"s":[7.458],"t":4,"i":{"x":[1],"y":[1]},"o":{"x":[0],"y":[0]}},{"s":[16.357],"t":5,"i":{"x":[1],"y":[1]},"o":{"x":[0],"y":[0]}},{"s":[22.373],"t":6,"i":{"x":[1],"y":[1]},"o":{"x":[0],"y":[0]}},{"s":[27.174],"t":7,"i":{"x":[1],"y":[1]},"o":{"x":[0],"y":[0]}},{"s":[31.253],"t":8,"i":{"x":[1],"y":[1]},"o":{"x":[0],"y":[0]}},{"s":[34.833],"t":9,"i":{"x":[1],"y":[1]},"o":{"x":[0],"y":[0]}},{"s":[38.034],"t":10,"i":{"x":[1],"y":[1]},"o":{"x":[0],"y":[0]}},{"s":[40.93],"t":11,"i":{"x":[1],"y":[1]},"o":{"x":[0],"y":[0]}},{"s":[43.575],"t":12,"i":{"x":[1],"y":[1]},"o":{"x":[0],"y":[0]}},{"s":[46.006],"t":13,"i":{"x":[1],"y":[1]},"o":{"x":[0],"y":[0]}},{"s":[48.252],"t":14,"i":{"x":[1],"y":[1]},"o":{"x":[0],"y":[0]}},{"s":[50.334],"t":15,"i":{"x":[1],"y":[1]},"o":{"x":[0],"y":[0]}},{"s":[52.269],"t":16,"i":{"x":[1],"y":[1]},"o":{"x":[0],"y":[0]}},{"s":[54.072],"t":17,"i":{"x":[1],"y":[1]},"o":{"x":[0],"y":[0]}},{"s":[55.754],"t":18,"i":{"x":[1],"y":[1]},"o":{"x":[0],"y":[0]}},{"s":[57.323],"t":19,"i":{"x":[1],"y":[1]},"o":{"x":[0],"y":[0]}},{"s":[58.792],"t":20,"i":{"x":[1],"y":[1]},"o":{"x":[0],"y":[0]}},{"s":[60.17],"t":21,"i":{"x":[1],"y":[1]},"o":{"x":[0],"y":[0]}},{"s":[61.467],"t":22,"i":{"x":[1],"y":[1]},"o":{"x":[0],"y":[0]}},{"s":[62.696],"t":23,"i":{"x":[1],"y":[1]},"o":{"x":[0],"y":[0]}},{"s":[63.879],"t":24,"i":{"x":[1],"y":[1]},"o":{"x":[0],"y":[0]}},{"s":[65.042],"t":25,"i":{"x":[1],"y":[1]},"o":{"x":[0],"y":[0]}},{"s":[66.54],"t":26,"i":{"x":[1],"y":[1]},"o":{"x":[0],"y":[0]}},{"s":[68.154],"t":27,"i":{"x":[1],"y":[1]},"o":{"x":[0],"y":[0]}},{"s":[69.884],"t":28,"i":{"x":[1],"y":[1]},"o":{"x":[0],"y":[0]}},{"s":[71.717],"t":29,"i":{"x":[1],"y":[1]},"o":{"x":[0],"y":[0]}},{"s":[73.631],"t":30,"i":{"x":[1],"y":[1]},"o":{"x":[0],"y":[0]}},{"s":[75.591],"t":31,"i":{"x":[1],"y":[1]},"o":{"x":[0],"y":[0]}},{"s":[77.533],"t":32,"i":{"x":[1],"y":[1]},"o":{"x":[0],"y":[0]}},{"s":[79.301],"t":33,"i":{"x":[1],"y":[1]},"o":{"x":[0],"y":[0]}},{"s":[80.195],"t":34,"i":{"x":[1],"y":[1]},"o":{"x":[0],"y":[0]}},{"s":[78.888],"t":35,"i":{"x":[1],"y":[1]},"o":{"x":[0],"y":[0]}},{"s":[77.039],"t":36,"i":{"x":[1],"y":[1]},"o":{"x":[0],"y":[0]}},{"s":[75.349],"t":37,"i":{"x":[1],"y":[1]},"o":{"x":[0],"y":[0]}},{"s":[72.046],"t":39,"i":{"x":[1],"y":[1]},"o":{"x":[0],"y":[0]}},{"s":[70.35],"t":40,"i":{"x":[1],"y":[1]},"o":{"x":[0],"y":[0]}},{"s":[68.575],"t":41,"i":{"x":[1],"y":[1]},"o":{"x":[0],"y":[0]}},{"s":[66.57],"t":42,"i":{"x":[1],"y":[1]},"o":{"x":[0],"y":[0]}},{"s":[65.597],"t":43,"i":{"x":[1],"y":[1]},"o":{"x":[0],"y":[0]}},{"s":[65.456],"t":44,"i":{"x":[1],"y":[1]},"o":{"x":[0],"y":[0]}},{"s":[65.632],"t":45,"i":{"x":[1],"y":[1]},"o":{"x":[0],"y":[0]}},{"s":[65.906],"t":46,"i":{"x":[1],"y":[1]},"o":{"x":[0],"y":[0]}},{"s":[66.207],"t":47,"i":{"x":[1],"y":[1]},"o":{"x":[0],"y":[0]}},{"s":[66.428],"t":48,"i":{"x":[1],"y":[1]},"o":{"x":[0],"y":[0]}},{"s":[66.428],"t":62,"i":{"x":[1],"y":[1]},"o":{"x":[0],"y":[0]}},{"s":[68.031],"t":63,"i":{"x":[1],"y":[1]},"o":{"x":[0],"y":[0]}},{"s":[69.651],"t":64,"i":{"x":[1],"y":[1]},"o":{"x":[0],"y":[0]}},{"s":[71.14],"t":65,"i":{"x":[1],"y":[1]},"o":{"x":[0],"y":[0]}},{"s":[72.42],"t":66,"i":{"x":[1],"y":[1]},"o":{"x":[0],"y":[0]}},{"s":[73.327],"t":67,"i":{"x":[1],"y":[1]},"o":{"x":[0],"y":[0]}},{"s":[73.18],"t":68,"i":{"x":[1],"y":[1]},"o":{"x":[0],"y":[0]}},{"s":[72.307],"t":69,"i":{"x":[1],"y":[1]},"o":{"x":[0],"y":[0]}},{"s":[71.249],"t":70,"i":{"x":[1],"y":[1]},"o":{"x":[0],"y":[0]}},{"s":[70.101],"t":71,"i":{"x":[1],"y":[1]},"o":{"x":[0],"y":[0]}},{"s":[68.885],"t":72,"i":{"x":[1],"y":[1]},"o":{"x":[0],"y":[0]}},{"s":[67.607],"t":73,"i":{"x":[1],"y":[1]},"o":{"x":[0],"y":[0]}},{"s":[66.273],"t":74,"i":{"x":[1],"y":[1]},"o":{"x":[0],"y":[0]}},{"s":[64.881],"t":75,"i":{"x":[1],"y":[1]},"o":{"x":[0],"y":[0]}},{"s":[63.423],"t":76,"i":{"x":[1],"y":[1]},"o":{"x":[0],"y":[0]}},{"s":[61.896],"t":77,"i":{"x":[1],"y":[1]},"o":{"x":[0],"y":[0]}},{"s":[60.294],"t":78,"i":{"x":[1],"y":[1]},"o":{"x":[0],"y":[0]}},{"s":[58.621],"t":79,"i":{"x":[1],"y":[1]},"o":{"x":[0],"y":[0]}},{"s":[56.937],"t":80,"i":{"x":[1],"y":[1]},"o":{"x":[0],"y":[0]}},{"s":[55.515],"t":81,"i":{"x":[1],"y":[1]},"o":{"x":[0],"y":[0]}},{"s":[54.818],"t":82,"i":{"x":[1],"y":[1]},"o":{"x":[0],"y":[0]}},{"s":[54.722],"t":83,"i":{"x":[1],"y":[1]},"o":{"x":[0],"y":[0]}},{"s":[55.14],"t":84,"i":{"x":[1],"y":[1]},"o":{"x":[0],"y":[0]}},{"s":[55.731],"t":85,"i":{"x":[1],"y":[1]},"o":{"x":[0],"y":[0]}},{"s":[56.365],"t":86,"i":{"x":[1],"y":[1]},"o":{"x":[0],"y":[0]}},{"s":[57.004],"t":87,"i":{"x":[1],"y":[1]},"o":{"x":[0],"y":[0]}},{"s":[57.629],"t":88,"i":{"x":[1],"y":[1]},"o":{"x":[0],"y":[0]}},{"s":[58.232],"t":89,"i":{"x":[1],"y":[1]},"o":{"x":[0],"y":[0]}},{"s":[58.81],"t":90,"i":{"x":[1],"y":[1]},"o":{"x":[0],"y":[0]}},{"s":[59.357],"t":91,"i":{"x":[1],"y":[1]},"o":{"x":[0],"y":[0]}},{"s":[59.873],"t":92,"i":{"x":[1],"y":[1]},"o":{"x":[0],"y":[0]}},{"s":[60.354],"t":93,"i":{"x":[1],"y":[1]},"o":{"x":[0],"y":[0]}},{"s":[60.802],"t":94,"i":{"x":[1],"y":[1]},"o":{"x":[0],"y":[0]}},{"s":[61.218],"t":95,"i":{"x":[1],"y":[1]},"o":{"x":[0],"y":[0]}},{"s":[61.602],"t":96,"i":{"x":[1],"y":[1]},"o":{"x":[0],"y":[0]}},{"s":[61.955],"t":97,"i":{"x":[1],"y":[1]},"o":{"x":[0],"y":[0]}},{"s":[62.279],"t":98,"i":{"x":[1],"y":[1]},"o":{"x":[0],"y":[0]}},{"s":[62.577],"t":99,"i":{"x":[1],"y":[1]},"o":{"x":[0],"y":[0]}},{"s":[62.851],"t":100,"i":{"x":[1],"y":[1]},"o":{"x":[0],"y":[0]}},{"s":[63.107],"t":101,"i":{"x":[1],"y":[1]},"o":{"x":[0],"y":[0]}},{"s":[63.352],"t":102,"i":{"x":[1],"y":[1]},"o":{"x":[0],"y":[0]}},{"s":[63.601],"t":103,"i":{"x":[1],"y":[1]},"o":{"x":[0],"y":[0]}},{"s":[63.879],"t":104,"i":{"x":[1],"y":[1]},"o":{"x":[0],"y":[0]}},{"s":[64.25],"t":105,"i":{"x":[1],"y":[1]},"o":{"x":[0],"y":[0]}},{"s":[65.042],"t":106,"i":{"x":[1],"y":[1]},"o":{"x":[0],"y":[0]}},{"s":[68.763],"t":107,"i":{"x":[1],"y":[1]},"o":{"x":[0],"y":[0]}},{"s":[71.319],"t":108,"i":{"x":[1],"y":[1]},"o":{"x":[0],"y":[0]}},{"s":[73.429],"t":109,"i":{"x":[1],"y":[1]},"o":{"x":[0],"y":[0]}},{"s":[75.233],"t":110,"i":{"x":[1],"y":[1]},"o":{"x":[0],"y":[0]}},{"s":[76.77],"t":111,"i":{"x":[1],"y":[1]},"o":{"x":[0],"y":[0]}},{"s":[78.067],"t":112,"i":{"x":[1],"y":[1]},"o":{"x":[0],"y":[0]}},{"s":[79.121],"t":113,"i":{"x":[1],"y":[1]},"o":{"x":[0],"y":[0]}},{"s":[79.902],"t":114,"i":{"x":[1],"y":[1]},"o":{"x":[0],"y":[0]}},{"s":[80.195],"t":115,"i":{"x":[1],"y":[1]},"o":{"x":[0],"y":[0]}},{"s":[78.888],"t":116,"i":{"x":[1],"y":[1]},"o":{"x":[0],"y":[0]}},{"s":[77.039],"t":117,"i":{"x":[1],"y":[1]},"o":{"x":[0],"y":[0]}},{"s":[75.349],"t":118,"i":{"x":[1],"y":[1]},"o":{"x":[0],"y":[0]}},{"s":[72.046],"t":120,"i":{"x":[1],"y":[1]},"o":{"x":[0],"y":[0]}},{"s":[70.35],"t":121,"i":{"x":[1],"y":[1]},"o":{"x":[0],"y":[0]}},{"s":[68.575],"t":122,"i":{"x":[1],"y":[1]},"o":{"x":[0],"y":[0]}},{"s":[66.57],"t":123,"i":{"x":[1],"y":[1]},"o":{"x":[0],"y":[0]}},{"s":[65.597],"t":124,"i":{"x":[1],"y":[1]},"o":{"x":[0],"y":[0]}},{"s":[65.456],"t":125,"i":{"x":[1],"y":[1]},"o":{"x":[0],"y":[0]}},{"s":[65.632],"t":126,"i":{"x":[1],"y":[1]},"o":{"x":[0],"y":[0]}},{"s":[65.906],"t":127,"i":{"x":[1],"y":[1]},"o":{"x":[0],"y":[0]}},{"s":[66.207],"t":128,"i":{"x":[1],"y":[1]},"o":{"x":[0],"y":[0]}},{"s":[66.428],"t":129,"i":{"x":[1],"y":[1]},"o":{"x":[0],"y":[0]}},{"s":[66.428],"t":143,"i":{"x":[1],"y":[1]},"o":{"x":[0],"y":[0]}},{"s":[68.031],"t":144,"i":{"x":[1],"y":[1]},"o":{"x":[0],"y":[0]}},{"s":[69.651],"t":145,"i":{"x":[1],"y":[1]},"o":{"x":[0],"y":[0]}},{"s":[71.14],"t":146,"i":{"x":[1],"y":[1]},"o":{"x":[0],"y":[0]}},{"s":[72.42],"t":147,"i":{"x":[1],"y":[1]},"o":{"x":[0],"y":[0]}},{"s":[73.327],"t":148,"i":{"x":[1],"y":[1]},"o":{"x":[0],"y":[0]}},{"s":[73.18],"t":149,"i":{"x":[1],"y":[1]},"o":{"x":[0],"y":[0]}},{"s":[72.307],"t":150,"i":{"x":[1],"y":[1]},"o":{"x":[0],"y":[0]}},{"s":[71.249],"t":151,"i":{"x":[1],"y":[1]},"o":{"x":[0],"y":[0]}},{"s":[70.101],"t":152,"i":{"x":[1],"y":[1]},"o":{"x":[0],"y":[0]}},{"s":[68.885],"t":153,"i":{"x":[1],"y":[1]},"o":{"x":[0],"y":[0]}},{"s":[67.607],"t":154,"i":{"x":[1],"y":[1]},"o":{"x":[0],"y":[0]}},{"s":[66.273],"t":155,"i":{"x":[1],"y":[1]},"o":{"x":[0],"y":[0]}},{"s":[64.881],"t":156,"i":{"x":[1],"y":[1]},"o":{"x":[0],"y":[0]}},{"s":[63.423],"t":157,"i":{"x":[1],"y":[1]},"o":{"x":[0],"y":[0]}},{"s":[61.896],"t":158,"i":{"x":[1],"y":[1]},"o":{"x":[0],"y":[0]}},{"s":[60.294],"t":159,"i":{"x":[1],"y":[1]},"o":{"x":[0],"y":[0]}},{"s":[58.621],"t":160,"i":{"x":[1],"y":[1]},"o":{"x":[0],"y":[0]}},{"s":[56.937],"t":161,"i":{"x":[1],"y":[1]},"o":{"x":[0],"y":[0]}},{"s":[55.515],"t":162,"i":{"x":[1],"y":[1]},"o":{"x":[0],"y":[0]}},{"s":[54.818],"t":163,"i":{"x":[1],"y":[1]},"o":{"x":[0],"y":[0]}},{"s":[54.722],"t":164,"i":{"x":[1],"y":[1]},"o":{"x":[0],"y":[0]}},{"s":[55.39],"t":165,"i":{"x":[1],"y":[1]},"o":{"x":[0],"y":[0]}},{"s":[56.285],"t":166,"i":{"x":[1],"y":[1]},"o":{"x":[0],"y":[0]}},{"s":[57.201],"t":167,"i":{"x":[1],"y":[1]},"o":{"x":[0],"y":[0]}},{"s":[58.083],"t":168,"i":{"x":[1],"y":[1]},"o":{"x":[0],"y":[0]}},{"s":[58.915],"t":169,"i":{"x":[1],"y":[1]},"o":{"x":[0],"y":[0]}},{"s":[59.683],"t":170,"i":{"x":[1],"y":[1]},"o":{"x":[0],"y":[0]}},{"s":[60.383],"t":171,"i":{"x":[1],"y":[1]},"o":{"x":[0],"y":[0]}},{"s":[61.014],"t":172,"i":{"x":[1],"y":[1]},"o":{"x":[0],"y":[0]}},{"s":[61.579],"t":173,"i":{"x":[1],"y":[1]},"o":{"x":[0],"y":[0]}},{"s":[62.08],"t":174,"i":{"x":[1],"y":[1]},"o":{"x":[0],"y":[0]}},{"s":[62.523],"t":175,"i":{"x":[1],"y":[1]},"o":{"x":[0],"y":[0]}},{"s":[62.917],"t":176,"i":{"x":[1],"y":[1]},"o":{"x":[0],"y":[0]}},{"s":[63.276],"t":177,"i":{"x":[1],"y":[1]},"o":{"x":[0],"y":[0]}},{"s":[63.633],"t":178,"i":{"x":[1],"y":[1]},"o":{"x":[0],"y":[0]}},{"s":[64.068],"t":179,"i":{"x":[1],"y":[1]},"o":{"x":[0],"y":[0]}},{"s":[65.042],"t":180,"i":{"x":[1],"y":[1]},"o":{"x":[0],"y":[0]}},{"s":[68.763],"t":181,"i":{"x":[1],"y":[1]},"o":{"x":[0],"y":[0]}},{"s":[71.319],"t":182,"i":{"x":[1],"y":[1]},"o":{"x":[0],"y":[0]}},{"s":[73.429],"t":183,"i":{"x":[1],"y":[1]},"o":{"x":[0],"y":[0]}},{"s":[75.233],"t":184,"i":{"x":[1],"y":[1]},"o":{"x":[0],"y":[0]}},{"s":[76.77],"t":185,"i":{"x":[1],"y":[1]},"o":{"x":[0],"y":[0]}},{"s":[78.067],"t":186,"i":{"x":[1],"y":[1]},"o":{"x":[0],"y":[0]}},{"s":[79.121],"t":187,"i":{"x":[1],"y":[1]},"o":{"x":[0],"y":[0]}},{"s":[79.902],"t":188,"i":{"x":[1],"y":[1]},"o":{"x":[0],"y":[0]}},{"s":[80.195],"t":189,"i":{"x":[1],"y":[1]},"o":{"x":[0],"y":[0]}},{"s":[78.888],"t":190,"i":{"x":[1],"y":[1]},"o":{"x":[0],"y":[0]}},{"s":[77.039],"t":191,"i":{"x":[1],"y":[1]},"o":{"x":[0],"y":[0]}},{"s":[75.349],"t":192,"i":{"x":[1],"y":[1]},"o":{"x":[0],"y":[0]}},{"s":[72.046],"t":194,"i":{"x":[1],"y":[1]},"o":{"x":[0],"y":[0]}},{"s":[70.35],"t":195,"i":{"x":[1],"y":[1]},"o":{"x":[0],"y":[0]}},{"s":[68.575],"t":196,"i":{"x":[1],"y":[1]},"o":{"x":[0],"y":[0]}},{"s":[66.57],"t":197,"i":{"x":[1],"y":[1]},"o":{"x":[0],"y":[0]}},{"s":[65.597],"t":198,"i":{"x":[1],"y":[1]},"o":{"x":[0],"y":[0]}},{"s":[65.456],"t":199,"i":{"x":[1],"y":[1]},"o":{"x":[0],"y":[0]}},{"s":[65.632],"t":200,"i":{"x":[1],"y":[1]},"o":{"x":[0],"y":[0]}},{"s":[65.906],"t":201,"i":{"x":[1],"y":[1]},"o":{"x":[0],"y":[0]}},{"s":[66.207],"t":202,"i":{"x":[1],"y":[1]},"o":{"x":[0],"y":[0]}},{"s":[66.428],"t":203,"i":{"x":[1],"y":[1]},"o":{"x":[0],"y":[0]}},{"s":[66.428],"t":217,"i":{"x":[1],"y":[1]},"o":{"x":[0],"y":[0]}},{"s":[68.031],"t":218,"i":{"x":[1],"y":[1]},"o":{"x":[0],"y":[0]}},{"s":[69.651],"t":219,"i":{"x":[1],"y":[1]},"o":{"x":[0],"y":[0]}},{"s":[71.14],"t":220,"i":{"x":[1],"y":[1]},"o":{"x":[0],"y":[0]}},{"s":[72.42],"t":221,"i":{"x":[1],"y":[1]},"o":{"x":[0],"y":[0]}},{"s":[73.327],"t":222,"i":{"x":[1],"y":[1]},"o":{"x":[0],"y":[0]}},{"s":[73.18],"t":223,"i":{"x":[1],"y":[1]},"o":{"x":[0],"y":[0]}},{"s":[72.014],"t":224,"i":{"x":[1],"y":[1]},"o":{"x":[0],"y":[0]}},{"s":[70.707],"t":225,"i":{"x":[1],"y":[1]},"o":{"x":[0],"y":[0]}},{"s":[69.304],"t":226,"i":{"x":[1],"y":[1]},"o":{"x":[0],"y":[0]}},{"s":[67.809],"t":227,"i":{"x":[1],"y":[1]},"o":{"x":[0],"y":[0]}},{"s":[66.22],"t":228,"i":{"x":[1],"y":[1]},"o":{"x":[0],"y":[0]}},{"s":[64.522],"t":229,"i":{"x":[1],"y":[1]},"o":{"x":[0],"y":[0]}},{"s":[62.686],"t":230,"i":{"x":[1],"y":[1]},"o":{"x":[0],"y":[0]}},{"s":[60.678],"t":231,"i":{"x":[1],"y":[1]},"o":{"x":[0],"y":[0]}},{"s":[58.429],"t":232,"i":{"x":[1],"y":[1]},"o":{"x":[0],"y":[0]}},{"s":[55.907],"t":233,"i":{"x":[1],"y":[1]},"o":{"x":[0],"y":[0]}},{"s":[54.248],"t":234,"i":{"x":[1],"y":[1]},"o":{"x":[0],"y":[0]}},{"s":[53.863],"t":235,"i":{"x":[1],"y":[1]},"o":{"x":[0],"y":[0]}},{"s":[53.969],"t":236,"i":{"x":[1],"y":[1]},"o":{"x":[0],"y":[0]}},{"s":[54.288],"t":237,"i":{"x":[1],"y":[1]},"o":{"x":[0],"y":[0]}},{"s":[54.722],"t":238,"i":{"x":[1],"y":[1]},"o":{"x":[0],"y":[0]}},{"s":[56.754],"t":239,"i":{"x":[1],"y":[1]},"o":{"x":[0],"y":[0]}},{"s":[58.543],"t":240,"i":{"x":[1],"y":[1]},"o":{"x":[0],"y":[0]}},{"s":[59.902],"t":241,"i":{"x":[1],"y":[1]},"o":{"x":[0],"y":[0]}},{"s":[60.78],"t":242,"i":{"x":[1],"y":[1]},"o":{"x":[0],"y":[0]}},{"s":[61.162],"t":243,"i":{"x":[1],"y":[1]},"o":{"x":[0],"y":[0]}},{"s":[61.035],"t":244,"i":{"x":[1],"y":[1]},"o":{"x":[0],"y":[0]}},{"s":[60.386],"t":245,"i":{"x":[1],"y":[1]},"o":{"x":[0],"y":[0]}},{"s":[59.201],"t":246,"i":{"x":[1],"y":[1]},"o":{"x":[0],"y":[0]}},{"s":[57.456],"t":247,"i":{"x":[1],"y":[1]},"o":{"x":[0],"y":[0]}},{"s":[55.118],"t":248,"i":{"x":[1],"y":[1]},"o":{"x":[0],"y":[0]}},{"s":[52.139],"t":249,"i":{"x":[1],"y":[1]},"o":{"x":[0],"y":[0]}},{"s":[48.438],"t":250,"i":{"x":[1],"y":[1]},"o":{"x":[0],"y":[0]}},{"s":[43.89],"t":251,"i":{"x":[1],"y":[1]},"o":{"x":[0],"y":[0]}},{"s":[38.268],"t":252,"i":{"x":[1],"y":[1]},"o":{"x":[0],"y":[0]}},{"s":[31.11],"t":253,"i":{"x":[1],"y":[1]},"o":{"x":[0],"y":[0]}},{"s":[21.258],"t":254,"i":{"x":[1],"y":[1]},"o":{"x":[0],"y":[0]}},{"s":[0.082],"t":255,"i":{"x":[1],"y":[1]},"o":{"x":[0],"y":[0]}}]},"p":{"k":[{"s":[32.053,154.831,0],"t":0,"i":{"x":1,"y":1},"o":{"x":0,"y":0}},{"s":[32.053,154.831,0],"t":300,"i":{"x":1,"y":1},"o":{"x":0,"y":0}}],"l":2},"a":{"a":0,"k":[23.759,17.648,0],"ix":1,"l":2},"s":{"a":0,"k":[100,100,100],"ix":6,"l":2}},"ao":0,"ef":[{"ty":5,"nm":"IK","np":3,"mn":"Pseudo/DUIK ik","ix":1,"en":1,"ef":[{"ty":10,"nm":"Controller","mn":"Pseudo/DUIK ik-0001","ix":1,"v":{"a":0,"k":2,"ix":1}}]}],"ip":0,"op":300.00001221925,"st":0,"bm":0},{"ddd":0,"ind":7,"ty":2,"nm":"Layer 5","parent":6,"refId":"image_2","sr":1,"ks":{"o":{"a":0,"k":100,"ix":11},"r":{"k":[{"s":[-16.756],"t":0,"i":{"x":[1],"y":[1]},"o":{"x":[0],"y":[0]}},{"s":[-13.319],"t":1,"i":{"x":[1],"y":[1]},"o":{"x":[0],"y":[0]}},{"s":[-9.91],"t":2,"i":{"x":[1],"y":[1]},"o":{"x":[0],"y":[0]}},{"s":[-6.521],"t":3,"i":{"x":[1],"y":[1]},"o":{"x":[0],"y":[0]}},{"s":[-9.481],"t":4,"i":{"x":[1],"y":[1]},"o":{"x":[0],"y":[0]}},{"s":[-10.724],"t":5,"i":{"x":[1],"y":[1]},"o":{"x":[0],"y":[0]}},{"s":[-10.505],"t":6,"i":{"x":[1],"y":[1]},"o":{"x":[0],"y":[0]}},{"s":[-9.682],"t":7,"i":{"x":[1],"y":[1]},"o":{"x":[0],"y":[0]}},{"s":[-8.51],"t":8,"i":{"x":[1],"y":[1]},"o":{"x":[0],"y":[0]}},{"s":[-7.106],"t":9,"i":{"x":[1],"y":[1]},"o":{"x":[0],"y":[0]}},{"s":[-5.528],"t":10,"i":{"x":[1],"y":[1]},"o":{"x":[0],"y":[0]}},{"s":[-3.815],"t":11,"i":{"x":[1],"y":[1]},"o":{"x":[0],"y":[0]}},{"s":[-1.993],"t":12,"i":{"x":[1],"y":[1]},"o":{"x":[0],"y":[0]}},{"s":[-0.083],"t":13,"i":{"x":[1],"y":[1]},"o":{"x":[0],"y":[0]}},{"s":[1.903],"t":14,"i":{"x":[1],"y":[1]},"o":{"x":[0],"y":[0]}},{"s":[3.951],"t":15,"i":{"x":[1],"y":[1]},"o":{"x":[0],"y":[0]}},{"s":[3.022],"t":16,"i":{"x":[1],"y":[1]},"o":{"x":[0],"y":[0]}},{"s":[2.14],"t":17,"i":{"x":[1],"y":[1]},"o":{"x":[0],"y":[0]}},{"s":[1.303],"t":18,"i":{"x":[1],"y":[1]},"o":{"x":[0],"y":[0]}},{"s":[0.505],"t":19,"i":{"x":[1],"y":[1]},"o":{"x":[0],"y":[0]}},{"s":[-0.258],"t":20,"i":{"x":[1],"y":[1]},"o":{"x":[0],"y":[0]}},{"s":[-0.992],"t":21,"i":{"x":[1],"y":[1]},"o":{"x":[0],"y":[0]}},{"s":[-1.699],"t":22,"i":{"x":[1],"y":[1]},"o":{"x":[0],"y":[0]}},{"s":[-2.384],"t":23,"i":{"x":[1],"y":[1]},"o":{"x":[0],"y":[0]}},{"s":[-3.059],"t":24,"i":{"x":[1],"y":[1]},"o":{"x":[0],"y":[0]}},{"s":[-3.733],"t":25,"i":{"x":[1],"y":[1]},"o":{"x":[0],"y":[0]}},{"s":[-4.889],"t":26,"i":{"x":[1],"y":[1]},"o":{"x":[0],"y":[0]}},{"s":[-6.101],"t":27,"i":{"x":[1],"y":[1]},"o":{"x":[0],"y":[0]}},{"s":[-7.372],"t":28,"i":{"x":[1],"y":[1]},"o":{"x":[0],"y":[0]}},{"s":[-8.695],"t":29,"i":{"x":[1],"y":[1]},"o":{"x":[0],"y":[0]}},{"s":[-10.062],"t":30,"i":{"x":[1],"y":[1]},"o":{"x":[0],"y":[0]}},{"s":[-11.46],"t":31,"i":{"x":[1],"y":[1]},"o":{"x":[0],"y":[0]}},{"s":[-12.869],"t":32,"i":{"x":[1],"y":[1]},"o":{"x":[0],"y":[0]}},{"s":[-14.241],"t":33,"i":{"x":[1],"y":[1]},"o":{"x":[0],"y":[0]}},{"s":[-15.286],"t":34,"i":{"x":[1],"y":[1]},"o":{"x":[0],"y":[0]}},{"s":[-13.848],"t":35,"i":{"x":[1],"y":[1]},"o":{"x":[0],"y":[0]}},{"s":[-11.227],"t":36,"i":{"x":[1],"y":[1]},"o":{"x":[0],"y":[0]}},{"s":[-8.55],"t":37,"i":{"x":[1],"y":[1]},"o":{"x":[0],"y":[0]}},{"s":[-5.863],"t":38,"i":{"x":[1],"y":[1]},"o":{"x":[0],"y":[0]}},{"s":[-3.173],"t":39,"i":{"x":[1],"y":[1]},"o":{"x":[0],"y":[0]}},{"s":[-0.467],"t":40,"i":{"x":[1],"y":[1]},"o":{"x":[0],"y":[0]}},{"s":[2.249],"t":41,"i":{"x":[1],"y":[1]},"o":{"x":[0],"y":[0]}},{"s":[4.96],"t":42,"i":{"x":[1],"y":[1]},"o":{"x":[0],"y":[0]}},{"s":[4.757],"t":43,"i":{"x":[1],"y":[1]},"o":{"x":[0],"y":[0]}},{"s":[3.88],"t":44,"i":{"x":[1],"y":[1]},"o":{"x":[0],"y":[0]}},{"s":[2.836],"t":45,"i":{"x":[1],"y":[1]},"o":{"x":[0],"y":[0]}},{"s":[1.746],"t":46,"i":{"x":[1],"y":[1]},"o":{"x":[0],"y":[0]}},{"s":[0.645],"t":47,"i":{"x":[1],"y":[1]},"o":{"x":[0],"y":[0]}},{"s":[-0.423],"t":48,"i":{"x":[1],"y":[1]},"o":{"x":[0],"y":[0]}},{"s":[-8.105],"t":62,"i":{"x":[1],"y":[1]},"o":{"x":[0],"y":[0]}},{"s":[-10.456],"t":63,"i":{"x":[1],"y":[1]},"o":{"x":[0],"y":[0]}},{"s":[-12.815],"t":64,"i":{"x":[1],"y":[1]},"o":{"x":[0],"y":[0]}},{"s":[-15.14],"t":65,"i":{"x":[1],"y":[1]},"o":{"x":[0],"y":[0]}},{"s":[-17.405],"t":66,"i":{"x":[1],"y":[1]},"o":{"x":[0],"y":[0]}},{"s":[-19.539],"t":67,"i":{"x":[1],"y":[1]},"o":{"x":[0],"y":[0]}},{"s":[-21.161],"t":68,"i":{"x":[1],"y":[1]},"o":{"x":[0],"y":[0]}},{"s":[-21.701],"t":69,"i":{"x":[1],"y":[1]},"o":{"x":[0],"y":[0]}},{"s":[-22.082],"t":70,"i":{"x":[1],"y":[1]},"o":{"x":[0],"y":[0]}},{"s":[-22.378],"t":71,"i":{"x":[1],"y":[1]},"o":{"x":[0],"y":[0]}},{"s":[-22.608],"t":72,"i":{"x":[1],"y":[1]},"o":{"x":[0],"y":[0]}},{"s":[-22.78],"t":73,"i":{"x":[1],"y":[1]},"o":{"x":[0],"y":[0]}},{"s":[-22.896],"t":74,"i":{"x":[1],"y":[1]},"o":{"x":[0],"y":[0]}},{"s":[-22.955],"t":75,"i":{"x":[1],"y":[1]},"o":{"x":[0],"y":[0]}},{"s":[-22.949],"t":76,"i":{"x":[1],"y":[1]},"o":{"x":[0],"y":[0]}},{"s":[-22.871],"t":77,"i":{"x":[1],"y":[1]},"o":{"x":[0],"y":[0]}},{"s":[-22.704],"t":78,"i":{"x":[1],"y":[1]},"o":{"x":[0],"y":[0]}},{"s":[-22.426],"t":79,"i":{"x":[1],"y":[1]},"o":{"x":[0],"y":[0]}},{"s":[-22.015],"t":80,"i":{"x":[1],"y":[1]},"o":{"x":[0],"y":[0]}},{"s":[-21.531],"t":81,"i":{"x":[1],"y":[1]},"o":{"x":[0],"y":[0]}},{"s":[-9.844],"t":82,"i":{"x":[1],"y":[1]},"o":{"x":[0],"y":[0]}},{"s":[1.576],"t":83,"i":{"x":[1],"y":[1]},"o":{"x":[0],"y":[0]}},{"s":[1.899],"t":84,"i":{"x":[1],"y":[1]},"o":{"x":[0],"y":[0]}},{"s":[2.126],"t":85,"i":{"x":[1],"y":[1]},"o":{"x":[0],"y":[0]}},{"s":[2.332],"t":86,"i":{"x":[1],"y":[1]},"o":{"x":[0],"y":[0]}},{"s":[2.538],"t":87,"i":{"x":[1],"y":[1]},"o":{"x":[0],"y":[0]}},{"s":[2.752],"t":88,"i":{"x":[1],"y":[1]},"o":{"x":[0],"y":[0]}},{"s":[2.983],"t":89,"i":{"x":[1],"y":[1]},"o":{"x":[0],"y":[0]}},{"s":[3.233],"t":90,"i":{"x":[1],"y":[1]},"o":{"x":[0],"y":[0]}},{"s":[3.503],"t":91,"i":{"x":[1],"y":[1]},"o":{"x":[0],"y":[0]}},{"s":[3.792],"t":92,"i":{"x":[1],"y":[1]},"o":{"x":[0],"y":[0]}},{"s":[4.102],"t":93,"i":{"x":[1],"y":[1]},"o":{"x":[0],"y":[0]}},{"s":[4.432],"t":94,"i":{"x":[1],"y":[1]},"o":{"x":[0],"y":[0]}},{"s":[4.782],"t":95,"i":{"x":[1],"y":[1]},"o":{"x":[0],"y":[0]}},{"s":[5.153],"t":96,"i":{"x":[1],"y":[1]},"o":{"x":[0],"y":[0]}},{"s":[5.545],"t":97,"i":{"x":[1],"y":[1]},"o":{"x":[0],"y":[0]}},{"s":[5.956],"t":98,"i":{"x":[1],"y":[1]},"o":{"x":[0],"y":[0]}},{"s":[6.384],"t":99,"i":{"x":[1],"y":[1]},"o":{"x":[0],"y":[0]}},{"s":[6.827],"t":100,"i":{"x":[1],"y":[1]},"o":{"x":[0],"y":[0]}},{"s":[7.279],"t":101,"i":{"x":[1],"y":[1]},"o":{"x":[0],"y":[0]}},{"s":[7.739],"t":102,"i":{"x":[1],"y":[1]},"o":{"x":[0],"y":[0]}},{"s":[8.198],"t":103,"i":{"x":[1],"y":[1]},"o":{"x":[0],"y":[0]}},{"s":[8.643],"t":104,"i":{"x":[1],"y":[1]},"o":{"x":[0],"y":[0]}},{"s":[9.036],"t":105,"i":{"x":[1],"y":[1]},"o":{"x":[0],"y":[0]}},{"s":[9.178],"t":106,"i":{"x":[1],"y":[1]},"o":{"x":[0],"y":[0]}},{"s":[6.018],"t":107,"i":{"x":[1],"y":[1]},"o":{"x":[0],"y":[0]}},{"s":[2.768],"t":108,"i":{"x":[1],"y":[1]},"o":{"x":[0],"y":[0]}},{"s":[-0.363],"t":109,"i":{"x":[1],"y":[1]},"o":{"x":[0],"y":[0]}},{"s":[-3.413],"t":110,"i":{"x":[1],"y":[1]},"o":{"x":[0],"y":[0]}},{"s":[-6.378],"t":111,"i":{"x":[1],"y":[1]},"o":{"x":[0],"y":[0]}},{"s":[-8.816],"t":112,"i":{"x":[1],"y":[1]},"o":{"x":[0],"y":[0]}},{"s":[-11.172],"t":113,"i":{"x":[1],"y":[1]},"o":{"x":[0],"y":[0]}},{"s":[-13.425],"t":114,"i":{"x":[1],"y":[1]},"o":{"x":[0],"y":[0]}},{"s":[-15.453],"t":115,"i":{"x":[1],"y":[1]},"o":{"x":[0],"y":[0]}},{"s":[-15.215],"t":116,"i":{"x":[1],"y":[1]},"o":{"x":[0],"y":[0]}},{"s":[-13.794],"t":117,"i":{"x":[1],"y":[1]},"o":{"x":[0],"y":[0]}},{"s":[-12.318],"t":118,"i":{"x":[1],"y":[1]},"o":{"x":[0],"y":[0]}},{"s":[-10.831],"t":119,"i":{"x":[1],"y":[1]},"o":{"x":[0],"y":[0]}},{"s":[-9.341],"t":120,"i":{"x":[1],"y":[1]},"o":{"x":[0],"y":[0]}},{"s":[-7.836],"t":121,"i":{"x":[1],"y":[1]},"o":{"x":[0],"y":[0]}},{"s":[-6.32],"t":122,"i":{"x":[1],"y":[1]},"o":{"x":[0],"y":[0]}},{"s":[-4.809],"t":123,"i":{"x":[1],"y":[1]},"o":{"x":[0],"y":[0]}},{"s":[-4.396],"t":124,"i":{"x":[1],"y":[1]},"o":{"x":[0],"y":[0]}},{"s":[-4.658],"t":125,"i":{"x":[1],"y":[1]},"o":{"x":[0],"y":[0]}},{"s":[-5.087],"t":126,"i":{"x":[1],"y":[1]},"o":{"x":[0],"y":[0]}},{"s":[-5.561],"t":127,"i":{"x":[1],"y":[1]},"o":{"x":[0],"y":[0]}},{"s":[-6.047],"t":128,"i":{"x":[1],"y":[1]},"o":{"x":[0],"y":[0]}},{"s":[-6.499],"t":129,"i":{"x":[1],"y":[1]},"o":{"x":[0],"y":[0]}},{"s":[-5.566],"t":143,"i":{"x":[1],"y":[1]},"o":{"x":[0],"y":[0]}},{"s":[-7.301],"t":144,"i":{"x":[1],"y":[1]},"o":{"x":[0],"y":[0]}},{"s":[-9.045],"t":145,"i":{"x":[1],"y":[1]},"o":{"x":[0],"y":[0]}},{"s":[-10.755],"t":146,"i":{"x":[1],"y":[1]},"o":{"x":[0],"y":[0]}},{"s":[-12.404],"t":147,"i":{"x":[1],"y":[1]},"o":{"x":[0],"y":[0]}},{"s":[-13.922],"t":148,"i":{"x":[1],"y":[1]},"o":{"x":[0],"y":[0]}},{"s":[-14.929],"t":149,"i":{"x":[1],"y":[1]},"o":{"x":[0],"y":[0]}},{"s":[-14.854],"t":150,"i":{"x":[1],"y":[1]},"o":{"x":[0],"y":[0]}},{"s":[-14.619],"t":151,"i":{"x":[1],"y":[1]},"o":{"x":[0],"y":[0]}},{"s":[-14.299],"t":152,"i":{"x":[1],"y":[1]},"o":{"x":[0],"y":[0]}},{"s":[-13.914],"t":153,"i":{"x":[1],"y":[1]},"o":{"x":[0],"y":[0]}},{"s":[-13.471],"t":154,"i":{"x":[1],"y":[1]},"o":{"x":[0],"y":[0]}},{"s":[-12.972],"t":155,"i":{"x":[1],"y":[1]},"o":{"x":[0],"y":[0]}},{"s":[-12.415],"t":156,"i":{"x":[1],"y":[1]},"o":{"x":[0],"y":[0]}},{"s":[-11.794],"t":157,"i":{"x":[1],"y":[1]},"o":{"x":[0],"y":[0]}},{"s":[-11.1],"t":158,"i":{"x":[1],"y":[1]},"o":{"x":[0],"y":[0]}},{"s":[-10.318],"t":159,"i":{"x":[1],"y":[1]},"o":{"x":[0],"y":[0]}},{"s":[-9.424],"t":160,"i":{"x":[1],"y":[1]},"o":{"x":[0],"y":[0]}},{"s":[-8.398],"t":161,"i":{"x":[1],"y":[1]},"o":{"x":[0],"y":[0]}},{"s":[-7.299],"t":162,"i":{"x":[1],"y":[1]},"o":{"x":[0],"y":[0]}},{"s":[-6.403],"t":163,"i":{"x":[1],"y":[1]},"o":{"x":[0],"y":[0]}},{"s":[-5.774],"t":164,"i":{"x":[1],"y":[1]},"o":{"x":[0],"y":[0]}},{"s":[-4.72],"t":165,"i":{"x":[1],"y":[1]},"o":{"x":[0],"y":[0]}},{"s":[-3.792],"t":166,"i":{"x":[1],"y":[1]},"o":{"x":[0],"y":[0]}},{"s":[-2.869],"t":167,"i":{"x":[1],"y":[1]},"o":{"x":[0],"y":[0]}},{"s":[-1.924],"t":168,"i":{"x":[1],"y":[1]},"o":{"x":[0],"y":[0]}},{"s":[-0.94],"t":169,"i":{"x":[1],"y":[1]},"o":{"x":[0],"y":[0]}},{"s":[0.085],"t":170,"i":{"x":[1],"y":[1]},"o":{"x":[0],"y":[0]}},{"s":[1.151],"t":171,"i":{"x":[1],"y":[1]},"o":{"x":[0],"y":[0]}},{"s":[2.259],"t":172,"i":{"x":[1],"y":[1]},"o":{"x":[0],"y":[0]}},{"s":[3.409],"t":173,"i":{"x":[1],"y":[1]},"o":{"x":[0],"y":[0]}},{"s":[4.602],"t":174,"i":{"x":[1],"y":[1]},"o":{"x":[0],"y":[0]}},{"s":[5.833],"t":175,"i":{"x":[1],"y":[1]},"o":{"x":[0],"y":[0]}},{"s":[7.094],"t":176,"i":{"x":[1],"y":[1]},"o":{"x":[0],"y":[0]}},{"s":[8.376],"t":177,"i":{"x":[1],"y":[1]},"o":{"x":[0],"y":[0]}},{"s":[9.662],"t":178,"i":{"x":[1],"y":[1]},"o":{"x":[0],"y":[0]}},{"s":[10.906],"t":179,"i":{"x":[1],"y":[1]},"o":{"x":[0],"y":[0]}},{"s":[11.835],"t":180,"i":{"x":[1],"y":[1]},"o":{"x":[0],"y":[0]}},{"s":[9.131],"t":181,"i":{"x":[1],"y":[1]},"o":{"x":[0],"y":[0]}},{"s":[6.336],"t":182,"i":{"x":[1],"y":[1]},"o":{"x":[0],"y":[0]}},{"s":[3.66],"t":183,"i":{"x":[1],"y":[1]},"o":{"x":[0],"y":[0]}},{"s":[1.066],"t":184,"i":{"x":[1],"y":[1]},"o":{"x":[0],"y":[0]}},{"s":[-1.444],"t":185,"i":{"x":[1],"y":[1]},"o":{"x":[0],"y":[0]}},{"s":[-3.881],"t":186,"i":{"x":[1],"y":[1]},"o":{"x":[0],"y":[0]}},{"s":[-6.238],"t":187,"i":{"x":[1],"y":[1]},"o":{"x":[0],"y":[0]}},{"s":[-8.49],"t":188,"i":{"x":[1],"y":[1]},"o":{"x":[0],"y":[0]}},{"s":[-10.519],"t":189,"i":{"x":[1],"y":[1]},"o":{"x":[0],"y":[0]}},{"s":[-10.281],"t":190,"i":{"x":[1],"y":[1]},"o":{"x":[0],"y":[0]}},{"s":[-8.86],"t":191,"i":{"x":[1],"y":[1]},"o":{"x":[0],"y":[0]}},{"s":[-7.384],"t":192,"i":{"x":[1],"y":[1]},"o":{"x":[0],"y":[0]}},{"s":[-5.897],"t":193,"i":{"x":[1],"y":[1]},"o":{"x":[0],"y":[0]}},{"s":[-4.407],"t":194,"i":{"x":[1],"y":[1]},"o":{"x":[0],"y":[0]}},{"s":[-2.901],"t":195,"i":{"x":[1],"y":[1]},"o":{"x":[0],"y":[0]}},{"s":[-1.385],"t":196,"i":{"x":[1],"y":[1]},"o":{"x":[0],"y":[0]}},{"s":[0.125],"t":197,"i":{"x":[1],"y":[1]},"o":{"x":[0],"y":[0]}},{"s":[0.538],"t":198,"i":{"x":[1],"y":[1]},"o":{"x":[0],"y":[0]}},{"s":[0.277],"t":199,"i":{"x":[1],"y":[1]},"o":{"x":[0],"y":[0]}},{"s":[-0.153],"t":200,"i":{"x":[1],"y":[1]},"o":{"x":[0],"y":[0]}},{"s":[-0.626],"t":201,"i":{"x":[1],"y":[1]},"o":{"x":[0],"y":[0]}},{"s":[-1.113],"t":202,"i":{"x":[1],"y":[1]},"o":{"x":[0],"y":[0]}},{"s":[-1.565],"t":203,"i":{"x":[1],"y":[1]},"o":{"x":[0],"y":[0]}},{"s":[-0.832],"t":214,"i":{"x":[1],"y":[1]},"o":{"x":[0],"y":[0]}},{"s":[1.068],"t":217,"i":{"x":[1],"y":[1]},"o":{"x":[0],"y":[0]}},{"s":[-0.1],"t":218,"i":{"x":[1],"y":[1]},"o":{"x":[0],"y":[0]}},{"s":[-1.278],"t":219,"i":{"x":[1],"y":[1]},"o":{"x":[0],"y":[0]}},{"s":[-2.421],"t":220,"i":{"x":[1],"y":[1]},"o":{"x":[0],"y":[0]}},{"s":[-3.503],"t":221,"i":{"x":[1],"y":[1]},"o":{"x":[0],"y":[0]}},{"s":[-4.455],"t":222,"i":{"x":[1],"y":[1]},"o":{"x":[0],"y":[0]}},{"s":[-4.895],"t":223,"i":{"x":[1],"y":[1]},"o":{"x":[0],"y":[0]}},{"s":[-4.356],"t":224,"i":{"x":[1],"y":[1]},"o":{"x":[0],"y":[0]}},{"s":[-3.703],"t":225,"i":{"x":[1],"y":[1]},"o":{"x":[0],"y":[0]}},{"s":[-2.972],"t":226,"i":{"x":[1],"y":[1]},"o":{"x":[0],"y":[0]}},{"s":[-2.164],"t":227,"i":{"x":[1],"y":[1]},"o":{"x":[0],"y":[0]}},{"s":[-1.277],"t":228,"i":{"x":[1],"y":[1]},"o":{"x":[0],"y":[0]}},{"s":[-0.299],"t":229,"i":{"x":[1],"y":[1]},"o":{"x":[0],"y":[0]}},{"s":[-3.451],"t":230,"i":{"x":[1],"y":[1]},"o":{"x":[0],"y":[0]}},{"s":[-6.452],"t":231,"i":{"x":[1],"y":[1]},"o":{"x":[0],"y":[0]}},{"s":[-9.22],"t":232,"i":{"x":[1],"y":[1]},"o":{"x":[0],"y":[0]}},{"s":[-11.557],"t":233,"i":{"x":[1],"y":[1]},"o":{"x":[0],"y":[0]}},{"s":[-13.75],"t":234,"i":{"x":[1],"y":[1]},"o":{"x":[0],"y":[0]}},{"s":[-16.41],"t":235,"i":{"x":[1],"y":[1]},"o":{"x":[0],"y":[0]}},{"s":[-19.317],"t":236,"i":{"x":[1],"y":[1]},"o":{"x":[0],"y":[0]}},{"s":[-22.344],"t":237,"i":{"x":[1],"y":[1]},"o":{"x":[0],"y":[0]}},{"s":[-25.429],"t":238,"i":{"x":[1],"y":[1]},"o":{"x":[0],"y":[0]}},{"s":[-27.038],"t":239,"i":{"x":[1],"y":[1]},"o":{"x":[0],"y":[0]}},{"s":[-28.485],"t":240,"i":{"x":[1],"y":[1]},"o":{"x":[0],"y":[0]}},{"s":[-29.658],"t":241,"i":{"x":[1],"y":[1]},"o":{"x":[0],"y":[0]}},{"s":[-30.552],"t":242,"i":{"x":[1],"y":[1]},"o":{"x":[0],"y":[0]}},{"s":[-31.162],"t":243,"i":{"x":[1],"y":[1]},"o":{"x":[0],"y":[0]}},{"s":[-31.503],"t":244,"i":{"x":[1],"y":[1]},"o":{"x":[0],"y":[0]}},{"s":[-31.587],"t":245,"i":{"x":[1],"y":[1]},"o":{"x":[0],"y":[0]}},{"s":[-31.422],"t":246,"i":{"x":[1],"y":[1]},"o":{"x":[0],"y":[0]}},{"s":[-31.015],"t":247,"i":{"x":[1],"y":[1]},"o":{"x":[0],"y":[0]}},{"s":[-30.366],"t":248,"i":{"x":[1],"y":[1]},"o":{"x":[0],"y":[0]}},{"s":[-29.464],"t":249,"i":{"x":[1],"y":[1]},"o":{"x":[0],"y":[0]}},{"s":[-28.279],"t":250,"i":{"x":[1],"y":[1]},"o":{"x":[0],"y":[0]}},{"s":[-26.759],"t":251,"i":{"x":[1],"y":[1]},"o":{"x":[0],"y":[0]}},{"s":[-24.796],"t":252,"i":{"x":[1],"y":[1]},"o":{"x":[0],"y":[0]}},{"s":[-22.152],"t":253,"i":{"x":[1],"y":[1]},"o":{"x":[0],"y":[0]}},{"s":[-18.244],"t":254,"i":{"x":[1],"y":[1]},"o":{"x":[0],"y":[0]}},{"s":[-8.635],"t":255,"i":{"x":[1],"y":[1]},"o":{"x":[0],"y":[0]}}]},"p":{"k":[{"s":[17.449,140.883,0],"t":0,"i":{"x":1,"y":1},"o":{"x":0,"y":0}},{"s":[17.449,140.883,0],"t":300,"i":{"x":1,"y":1},"o":{"x":0,"y":0}}],"l":2},"a":{"a":0,"k":[43.649,10.792,0],"ix":1,"l":2},"s":{"a":0,"k":[100,100,100],"ix":6,"l":2}},"ao":0,"ef":[{"ty":5,"nm":"IK","np":3,"mn":"Pseudo/DUIK ik","ix":1,"en":1,"ef":[{"ty":10,"nm":"Controller","mn":"Pseudo/DUIK ik-0001","ix":1,"v":{"a":0,"k":2,"ix":1}}]}],"ip":0,"op":300.00001221925,"st":0,"bm":0},{"ddd":0,"ind":8,"ty":2,"nm":"Layer 6","refId":"image_3","sr":1,"ks":{"o":{"a":0,"k":100,"ix":11},"r":{"a":0,"k":0,"ix":10},"p":{"a":0,"k":[874.549,295.843,0],"ix":2,"l":2},"a":{"a":0,"k":[50.465,20.079,0],"ix":1,"l":2},"s":{"a":0,"k":[100,100,100],"ix":6,"l":2}},"ao":0,"ip":0,"op":300.00001221925,"st":0,"bm":0},{"ddd":0,"ind":9,"ty":2,"nm":"Layer 10","refId":"image_4","sr":1,"ks":{"o":{"a":0,"k":100,"ix":11},"r":{"a":1,"k":[{"i":{"x":[0.833],"y":[0.833]},"o":{"x":[0.167],"y":[0.167]},"t":0,"s":[0]},{"i":{"x":[0.833],"y":[0.833]},"o":{"x":[0.167],"y":[0.167]},"t":15,"s":[-5.833]},{"i":{"x":[0.833],"y":[0.833]},"o":{"x":[0.167],"y":[0.167]},"t":30,"s":[-11.115]},{"i":{"x":[0.833],"y":[0.833]},"o":{"x":[0.167],"y":[0.167]},"t":193,"s":[-19.344]},{"t":255.000010386363,"s":[-1.573]}],"ix":10},"p":{"a":0,"k":[877.077,275.347,0],"ix":2,"l":2},"a":{"a":0,"k":[61.877,153.975,0],"ix":1,"l":2},"s":{"a":0,"k":[100,100,100],"ix":6,"l":2}},"ao":0,"ip":0,"op":300.00001221925,"st":0,"bm":0},{"ddd":0,"ind":10,"ty":2,"nm":"body","parent":11,"refId":"image_5","sr":1,"ks":{"o":{"a":0,"k":100,"ix":11},"r":{"a":0,"k":0,"ix":10},"p":{"a":0,"k":[69.68,42.438,0],"ix":2,"l":2},"a":{"a":0,"k":[118.751,300.143,0],"ix":1,"l":2},"s":{"a":0,"k":[100,100,100],"ix":6,"l":2}},"ao":0,"ip":0,"op":300.00001221925,"st":0,"bm":0},{"ddd":0,"ind":11,"ty":2,"nm":"body down","refId":"image_6","sr":1,"ks":{"o":{"a":0,"k":100,"ix":11},"r":{"a":0,"k":0,"ix":10},"p":{"a":0,"k":[896.822,566.672,0],"ix":2,"l":2},"a":{"a":0,"k":[67.779,33.216,0],"ix":1,"l":2},"s":{"a":0,"k":[100,100,100],"ix":6,"l":2}},"ao":0,"ip":0,"op":300.00001221925,"st":0,"bm":0},{"ddd":0,"ind":12,"ty":2,"nm":"Layer 12","parent":10,"refId":"image_7","sr":1,"ks":{"o":{"a":0,"k":100,"ix":11},"r":{"k":[{"s":[-0.843],"t":0,"i":{"x":[1],"y":[1]},"o":{"x":[0],"y":[0]}},{"s":[-0.843],"t":300,"i":{"x":[1],"y":[1]},"o":{"x":[0],"y":[0]}}]},"p":{"a":0,"k":[82.287,281.164,0],"ix":2,"l":2},"a":{"a":0,"k":[33.216,23.459,0],"ix":1,"l":2},"s":{"a":0,"k":[100,100,100],"ix":6,"l":2}},"ao":0,"ef":[{"ty":5,"nm":"IK","np":3,"mn":"Pseudo/DUIK ik","ix":1,"en":1,"ef":[{"ty":10,"nm":"Controller","mn":"Pseudo/DUIK ik-0001","ix":1,"v":{"a":0,"k":4,"ix":1}}]}],"ip":0,"op":300.00001221925,"st":0,"bm":0},{"ddd":0,"ind":13,"ty":2,"nm":"Layer 13","parent":12,"refId":"image_8","sr":1,"ks":{"o":{"a":0,"k":100,"ix":11},"r":{"k":[{"s":[-0.517],"t":0,"i":{"x":[1],"y":[1]},"o":{"x":[0],"y":[0]}},{"s":[-0.517],"t":300,"i":{"x":[1],"y":[1]},"o":{"x":[0],"y":[0]}}]},"p":{"k":[{"s":[33.747,198.608,0],"t":0,"i":{"x":1,"y":1},"o":{"x":0,"y":0}},{"s":[33.747,198.608,0],"t":300,"i":{"x":1,"y":1},"o":{"x":0,"y":0}}],"l":2},"a":{"a":0,"k":[28.184,21.703,0],"ix":1,"l":2},"s":{"a":0,"k":[100,100,100],"ix":6,"l":2}},"ao":0,"ef":[{"ty":5,"nm":"IK","np":3,"mn":"Pseudo/DUIK ik","ix":1,"en":1,"ef":[{"ty":10,"nm":"Controller","mn":"Pseudo/DUIK ik-0001","ix":1,"v":{"a":0,"k":4,"ix":1}}]}],"ip":0,"op":300.00001221925,"st":0,"bm":0},{"ddd":0,"ind":14,"ty":2,"nm":"Layer 17","parent":13,"refId":"image_9","sr":1,"ks":{"o":{"a":0,"k":100,"ix":11},"r":{"k":[{"s":[1.36],"t":0,"i":{"x":[1],"y":[1]},"o":{"x":[0],"y":[0]}},{"s":[1.36],"t":300,"i":{"x":[1],"y":[1]},"o":{"x":[0],"y":[0]}}]},"p":{"k":[{"s":[27.107,201.241,0],"t":0,"i":{"x":1,"y":1},"o":{"x":0,"y":0}},{"s":[27.107,201.241,0],"t":300,"i":{"x":1,"y":1},"o":{"x":0,"y":0}}],"l":2},"a":{"a":0,"k":[70.722,8.121,0],"ix":1,"l":2},"s":{"a":0,"k":[100,100,100],"ix":6,"l":2}},"ao":0,"ef":[{"ty":5,"nm":"IK","np":3,"mn":"Pseudo/DUIK ik","ix":1,"en":1,"ef":[{"ty":10,"nm":"Controller","mn":"Pseudo/DUIK ik-0001","ix":1,"v":{"a":0,"k":4,"ix":1}}]}],"ip":0,"op":300.00001221925,"st":0,"bm":0},{"ddd":0,"ind":15,"ty":2,"nm":"Layer 16","parent":10,"refId":"image_10","sr":1,"ks":{"o":{"a":0,"k":100,"ix":11},"r":{"k":[{"s":[-2.445],"t":0,"i":{"x":[1],"y":[1]},"o":{"x":[0],"y":[0]}},{"s":[-2.445],"t":300,"i":{"x":[1],"y":[1]},"o":{"x":[0],"y":[0]}}]},"p":{"a":0,"k":[150.951,285.951,0],"ix":2,"l":2},"a":{"a":0,"k":[32.305,28.246,0],"ix":1,"l":2},"s":{"a":0,"k":[100,100,100],"ix":6,"l":2}},"ao":0,"ef":[{"ty":5,"nm":"IK","np":3,"mn":"Pseudo/DUIK ik","ix":1,"en":1,"ef":[{"ty":10,"nm":"Controller","mn":"Pseudo/DUIK ik-0001","ix":1,"v":{"a":0,"k":3,"ix":1}}]}],"ip":0,"op":300.00001221925,"st":0,"bm":0},{"ddd":0,"ind":16,"ty":2,"nm":"Layer 18","parent":15,"refId":"image_11","sr":1,"ks":{"o":{"a":0,"k":100,"ix":11},"r":{"k":[{"s":[-0.158],"t":0,"i":{"x":[1],"y":[1]},"o":{"x":[0],"y":[0]}},{"s":[-0.158],"t":300,"i":{"x":[1],"y":[1]},"o":{"x":[0],"y":[0]}}]},"p":{"k":[{"s":[32.82,191.523,0],"t":0,"i":{"x":1,"y":1},"o":{"x":0,"y":0}},{"s":[32.82,191.523,0],"t":300,"i":{"x":1,"y":1},"o":{"x":0,"y":0}}],"l":2},"a":{"a":0,"k":[27.412,19.509,0],"ix":1,"l":2},"s":{"a":0,"k":[100,100,100],"ix":6,"l":2}},"ao":0,"ef":[{"ty":5,"nm":"IK","np":3,"mn":"Pseudo/DUIK ik","ix":1,"en":1,"ef":[{"ty":10,"nm":"Controller","mn":"Pseudo/DUIK ik-0001","ix":1,"v":{"a":0,"k":3,"ix":1}}]}],"ip":0,"op":300.00001221925,"st":0,"bm":0},{"ddd":0,"ind":17,"ty":2,"nm":"Layer 19","parent":16,"refId":"image_12","sr":1,"ks":{"o":{"a":0,"k":100,"ix":11},"r":{"k":[{"s":[2.603],"t":0,"i":{"x":[1],"y":[1]},"o":{"x":[0],"y":[0]}},{"s":[2.603],"t":300,"i":{"x":[1],"y":[1]},"o":{"x":[0],"y":[0]}}]},"p":{"k":[{"s":[27.484,199.88,0],"t":0,"i":{"x":1,"y":1},"o":{"x":0,"y":0}},{"s":[27.484,199.88,0],"t":300,"i":{"x":1,"y":1},"o":{"x":0,"y":0}}],"l":2},"a":{"a":0,"k":[68.054,12.101,0],"ix":1,"l":2},"s":{"a":0,"k":[100,100,100],"ix":6,"l":2}},"ao":0,"ef":[{"ty":5,"nm":"IK","np":3,"mn":"Pseudo/DUIK ik","ix":1,"en":1,"ef":[{"ty":10,"nm":"Controller","mn":"Pseudo/DUIK ik-0001","ix":1,"v":{"a":0,"k":3,"ix":1}}]}],"ip":0,"op":300.00001221925,"st":0,"bm":0},{"ddd":0,"ind":18,"ty":2,"nm":"Layer 20","parent":10,"refId":"image_13","sr":1,"ks":{"o":{"a":0,"k":100,"ix":11},"r":{"k":[{"s":[-8.64],"t":0,"i":{"x":[1],"y":[1]},"o":{"x":[0],"y":[0]}},{"s":[-11.432],"t":1,"i":{"x":[1],"y":[1]},"o":{"x":[0],"y":[0]}},{"s":[-12.969],"t":2,"i":{"x":[1],"y":[1]},"o":{"x":[0],"y":[0]}},{"s":[-13.687],"t":3,"i":{"x":[1],"y":[1]},"o":{"x":[0],"y":[0]}},{"s":[-13.769],"t":4,"i":{"x":[1],"y":[1]},"o":{"x":[0],"y":[0]}},{"s":[-13.315],"t":5,"i":{"x":[1],"y":[1]},"o":{"x":[0],"y":[0]}},{"s":[-12.382],"t":6,"i":{"x":[1],"y":[1]},"o":{"x":[0],"y":[0]}},{"s":[-11.009],"t":7,"i":{"x":[1],"y":[1]},"o":{"x":[0],"y":[0]}},{"s":[-9.225],"t":8,"i":{"x":[1],"y":[1]},"o":{"x":[0],"y":[0]}},{"s":[-7.055],"t":9,"i":{"x":[1],"y":[1]},"o":{"x":[0],"y":[0]}},{"s":[-4.522],"t":10,"i":{"x":[1],"y":[1]},"o":{"x":[0],"y":[0]}},{"s":[-1.649],"t":11,"i":{"x":[1],"y":[1]},"o":{"x":[0],"y":[0]}},{"s":[1.538],"t":12,"i":{"x":[1],"y":[1]},"o":{"x":[0],"y":[0]}},{"s":[5.021],"t":13,"i":{"x":[1],"y":[1]},"o":{"x":[0],"y":[0]}},{"s":[8.779],"t":14,"i":{"x":[1],"y":[1]},"o":{"x":[0],"y":[0]}},{"s":[12.83],"t":15,"i":{"x":[1],"y":[1]},"o":{"x":[0],"y":[0]}},{"s":[13.524],"t":16,"i":{"x":[1],"y":[1]},"o":{"x":[0],"y":[0]}},{"s":[14.213],"t":17,"i":{"x":[1],"y":[1]},"o":{"x":[0],"y":[0]}},{"s":[14.898],"t":18,"i":{"x":[1],"y":[1]},"o":{"x":[0],"y":[0]}},{"s":[16.265],"t":20,"i":{"x":[1],"y":[1]},"o":{"x":[0],"y":[0]}},{"s":[16.95],"t":21,"i":{"x":[1],"y":[1]},"o":{"x":[0],"y":[0]}},{"s":[17.637],"t":22,"i":{"x":[1],"y":[1]},"o":{"x":[0],"y":[0]}},{"s":[18.328],"t":23,"i":{"x":[1],"y":[1]},"o":{"x":[0],"y":[0]}},{"s":[19.025],"t":24,"i":{"x":[1],"y":[1]},"o":{"x":[0],"y":[0]}},{"s":[19.727],"t":25,"i":{"x":[1],"y":[1]},"o":{"x":[0],"y":[0]}},{"s":[20.436],"t":26,"i":{"x":[1],"y":[1]},"o":{"x":[0],"y":[0]}},{"s":[21.155],"t":27,"i":{"x":[1],"y":[1]},"o":{"x":[0],"y":[0]}},{"s":[21.886],"t":28,"i":{"x":[1],"y":[1]},"o":{"x":[0],"y":[0]}},{"s":[22.629],"t":29,"i":{"x":[1],"y":[1]},"o":{"x":[0],"y":[0]}},{"s":[23.389],"t":30,"i":{"x":[1],"y":[1]},"o":{"x":[0],"y":[0]}},{"s":[24.166],"t":31,"i":{"x":[1],"y":[1]},"o":{"x":[0],"y":[0]}},{"s":[24.964],"t":32,"i":{"x":[1],"y":[1]},"o":{"x":[0],"y":[0]}},{"s":[25.785],"t":33,"i":{"x":[1],"y":[1]},"o":{"x":[0],"y":[0]}},{"s":[26.627],"t":34,"i":{"x":[1],"y":[1]},"o":{"x":[0],"y":[0]}},{"s":[28.62],"t":35,"i":{"x":[1],"y":[1]},"o":{"x":[0],"y":[0]}},{"s":[30.433],"t":36,"i":{"x":[1],"y":[1]},"o":{"x":[0],"y":[0]}},{"s":[32.11],"t":37,"i":{"x":[1],"y":[1]},"o":{"x":[0],"y":[0]}},{"s":[33.843],"t":38,"i":{"x":[1],"y":[1]},"o":{"x":[0],"y":[0]}},{"s":[35.922],"t":39,"i":{"x":[1],"y":[1]},"o":{"x":[0],"y":[0]}},{"s":[36.714],"t":40,"i":{"x":[1],"y":[1]},"o":{"x":[0],"y":[0]}},{"s":[37.441],"t":41,"i":{"x":[1],"y":[1]},"o":{"x":[0],"y":[0]}},{"s":[38.084],"t":42,"i":{"x":[1],"y":[1]},"o":{"x":[0],"y":[0]}},{"s":[38.656],"t":43,"i":{"x":[1],"y":[1]},"o":{"x":[0],"y":[0]}},{"s":[39.176],"t":44,"i":{"x":[1],"y":[1]},"o":{"x":[0],"y":[0]}},{"s":[39.66],"t":45,"i":{"x":[1],"y":[1]},"o":{"x":[0],"y":[0]}},{"s":[40.588],"t":47,"i":{"x":[1],"y":[1]},"o":{"x":[0],"y":[0]}},{"s":[41.111],"t":48,"i":{"x":[1],"y":[1]},"o":{"x":[0],"y":[0]}},{"s":[41.111],"t":62,"i":{"x":[1],"y":[1]},"o":{"x":[0],"y":[0]}},{"s":[41.621],"t":63,"i":{"x":[1],"y":[1]},"o":{"x":[0],"y":[0]}},{"s":[42.136],"t":64,"i":{"x":[1],"y":[1]},"o":{"x":[0],"y":[0]}},{"s":[42.634],"t":65,"i":{"x":[1],"y":[1]},"o":{"x":[0],"y":[0]}},{"s":[43.125],"t":66,"i":{"x":[1],"y":[1]},"o":{"x":[0],"y":[0]}},{"s":[43.61],"t":67,"i":{"x":[1],"y":[1]},"o":{"x":[0],"y":[0]}},{"s":[44.094],"t":68,"i":{"x":[1],"y":[1]},"o":{"x":[0],"y":[0]}},{"s":[44.855],"t":69,"i":{"x":[1],"y":[1]},"o":{"x":[0],"y":[0]}},{"s":[45.645],"t":70,"i":{"x":[1],"y":[1]},"o":{"x":[0],"y":[0]}},{"s":[46.452],"t":71,"i":{"x":[1],"y":[1]},"o":{"x":[0],"y":[0]}},{"s":[47.27],"t":72,"i":{"x":[1],"y":[1]},"o":{"x":[0],"y":[0]}},{"s":[48.099],"t":73,"i":{"x":[1],"y":[1]},"o":{"x":[0],"y":[0]}},{"s":[48.938],"t":74,"i":{"x":[1],"y":[1]},"o":{"x":[0],"y":[0]}},{"s":[49.784],"t":75,"i":{"x":[1],"y":[1]},"o":{"x":[0],"y":[0]}},{"s":[50.638],"t":76,"i":{"x":[1],"y":[1]},"o":{"x":[0],"y":[0]}},{"s":[51.498],"t":77,"i":{"x":[1],"y":[1]},"o":{"x":[0],"y":[0]}},{"s":[52.361],"t":78,"i":{"x":[1],"y":[1]},"o":{"x":[0],"y":[0]}},{"s":[53.227],"t":79,"i":{"x":[1],"y":[1]},"o":{"x":[0],"y":[0]}},{"s":[54.086],"t":80,"i":{"x":[1],"y":[1]},"o":{"x":[0],"y":[0]}},{"s":[54.913],"t":81,"i":{"x":[1],"y":[1]},"o":{"x":[0],"y":[0]}},{"s":[55.64],"t":82,"i":{"x":[1],"y":[1]},"o":{"x":[0],"y":[0]}},{"s":[55.048],"t":83,"i":{"x":[1],"y":[1]},"o":{"x":[0],"y":[0]}},{"s":[53.462],"t":84,"i":{"x":[1],"y":[1]},"o":{"x":[0],"y":[0]}},{"s":[51.965],"t":85,"i":{"x":[1],"y":[1]},"o":{"x":[0],"y":[0]}},{"s":[50.519],"t":86,"i":{"x":[1],"y":[1]},"o":{"x":[0],"y":[0]}},{"s":[49.119],"t":87,"i":{"x":[1],"y":[1]},"o":{"x":[0],"y":[0]}},{"s":[47.761],"t":88,"i":{"x":[1],"y":[1]},"o":{"x":[0],"y":[0]}},{"s":[46.434],"t":89,"i":{"x":[1],"y":[1]},"o":{"x":[0],"y":[0]}},{"s":[45.129],"t":90,"i":{"x":[1],"y":[1]},"o":{"x":[0],"y":[0]}},{"s":[43.848],"t":91,"i":{"x":[1],"y":[1]},"o":{"x":[0],"y":[0]}},{"s":[42.591],"t":92,"i":{"x":[1],"y":[1]},"o":{"x":[0],"y":[0]}},{"s":[41.355],"t":93,"i":{"x":[1],"y":[1]},"o":{"x":[0],"y":[0]}},{"s":[40.138],"t":94,"i":{"x":[1],"y":[1]},"o":{"x":[0],"y":[0]}},{"s":[38.937],"t":95,"i":{"x":[1],"y":[1]},"o":{"x":[0],"y":[0]}},{"s":[37.75],"t":96,"i":{"x":[1],"y":[1]},"o":{"x":[0],"y":[0]}},{"s":[36.575],"t":97,"i":{"x":[1],"y":[1]},"o":{"x":[0],"y":[0]}},{"s":[35.411],"t":98,"i":{"x":[1],"y":[1]},"o":{"x":[0],"y":[0]}},{"s":[34.256],"t":99,"i":{"x":[1],"y":[1]},"o":{"x":[0],"y":[0]}},{"s":[33.114],"t":100,"i":{"x":[1],"y":[1]},"o":{"x":[0],"y":[0]}},{"s":[31.986],"t":101,"i":{"x":[1],"y":[1]},"o":{"x":[0],"y":[0]}},{"s":[30.871],"t":102,"i":{"x":[1],"y":[1]},"o":{"x":[0],"y":[0]}},{"s":[29.768],"t":103,"i":{"x":[1],"y":[1]},"o":{"x":[0],"y":[0]}},{"s":[28.683],"t":104,"i":{"x":[1],"y":[1]},"o":{"x":[0],"y":[0]}},{"s":[27.624],"t":105,"i":{"x":[1],"y":[1]},"o":{"x":[0],"y":[0]}},{"s":[26.627],"t":106,"i":{"x":[1],"y":[1]},"o":{"x":[0],"y":[0]}},{"s":[26.696],"t":107,"i":{"x":[1],"y":[1]},"o":{"x":[0],"y":[0]}},{"s":[28.738],"t":108,"i":{"x":[1],"y":[1]},"o":{"x":[0],"y":[0]}},{"s":[31.01],"t":109,"i":{"x":[1],"y":[1]},"o":{"x":[0],"y":[0]}},{"s":[33.407],"t":110,"i":{"x":[1],"y":[1]},"o":{"x":[0],"y":[0]}},{"s":[35.922],"t":111,"i":{"x":[1],"y":[1]},"o":{"x":[0],"y":[0]}},{"s":[36.714],"t":112,"i":{"x":[1],"y":[1]},"o":{"x":[0],"y":[0]}},{"s":[37.441],"t":113,"i":{"x":[1],"y":[1]},"o":{"x":[0],"y":[0]}},{"s":[38.084],"t":114,"i":{"x":[1],"y":[1]},"o":{"x":[0],"y":[0]}},{"s":[38.656],"t":115,"i":{"x":[1],"y":[1]},"o":{"x":[0],"y":[0]}},{"s":[39.176],"t":116,"i":{"x":[1],"y":[1]},"o":{"x":[0],"y":[0]}},{"s":[39.66],"t":117,"i":{"x":[1],"y":[1]},"o":{"x":[0],"y":[0]}},{"s":[40.588],"t":119,"i":{"x":[1],"y":[1]},"o":{"x":[0],"y":[0]}},{"s":[41.111],"t":120,"i":{"x":[1],"y":[1]},"o":{"x":[0],"y":[0]}},{"s":[41.111],"t":134,"i":{"x":[1],"y":[1]},"o":{"x":[0],"y":[0]}},{"s":[41.621],"t":135,"i":{"x":[1],"y":[1]},"o":{"x":[0],"y":[0]}},{"s":[42.136],"t":136,"i":{"x":[1],"y":[1]},"o":{"x":[0],"y":[0]}},{"s":[42.634],"t":137,"i":{"x":[1],"y":[1]},"o":{"x":[0],"y":[0]}},{"s":[43.125],"t":138,"i":{"x":[1],"y":[1]},"o":{"x":[0],"y":[0]}},{"s":[43.61],"t":139,"i":{"x":[1],"y":[1]},"o":{"x":[0],"y":[0]}},{"s":[44.094],"t":140,"i":{"x":[1],"y":[1]},"o":{"x":[0],"y":[0]}},{"s":[44.855],"t":141,"i":{"x":[1],"y":[1]},"o":{"x":[0],"y":[0]}},{"s":[45.645],"t":142,"i":{"x":[1],"y":[1]},"o":{"x":[0],"y":[0]}},{"s":[46.452],"t":143,"i":{"x":[1],"y":[1]},"o":{"x":[0],"y":[0]}},{"s":[47.27],"t":144,"i":{"x":[1],"y":[1]},"o":{"x":[0],"y":[0]}},{"s":[48.099],"t":145,"i":{"x":[1],"y":[1]},"o":{"x":[0],"y":[0]}},{"s":[48.938],"t":146,"i":{"x":[1],"y":[1]},"o":{"x":[0],"y":[0]}},{"s":[49.784],"t":147,"i":{"x":[1],"y":[1]},"o":{"x":[0],"y":[0]}},{"s":[50.638],"t":148,"i":{"x":[1],"y":[1]},"o":{"x":[0],"y":[0]}},{"s":[51.498],"t":149,"i":{"x":[1],"y":[1]},"o":{"x":[0],"y":[0]}},{"s":[52.361],"t":150,"i":{"x":[1],"y":[1]},"o":{"x":[0],"y":[0]}},{"s":[53.227],"t":151,"i":{"x":[1],"y":[1]},"o":{"x":[0],"y":[0]}},{"s":[54.086],"t":152,"i":{"x":[1],"y":[1]},"o":{"x":[0],"y":[0]}},{"s":[54.913],"t":153,"i":{"x":[1],"y":[1]},"o":{"x":[0],"y":[0]}},{"s":[55.64],"t":154,"i":{"x":[1],"y":[1]},"o":{"x":[0],"y":[0]}},{"s":[55.048],"t":155,"i":{"x":[1],"y":[1]},"o":{"x":[0],"y":[0]}},{"s":[53.585],"t":156,"i":{"x":[1],"y":[1]},"o":{"x":[0],"y":[0]}},{"s":[52.2],"t":157,"i":{"x":[1],"y":[1]},"o":{"x":[0],"y":[0]}},{"s":[50.862],"t":158,"i":{"x":[1],"y":[1]},"o":{"x":[0],"y":[0]}},{"s":[49.562],"t":159,"i":{"x":[1],"y":[1]},"o":{"x":[0],"y":[0]}},{"s":[48.3],"t":160,"i":{"x":[1],"y":[1]},"o":{"x":[0],"y":[0]}},{"s":[47.068],"t":161,"i":{"x":[1],"y":[1]},"o":{"x":[0],"y":[0]}},{"s":[45.857],"t":162,"i":{"x":[1],"y":[1]},"o":{"x":[0],"y":[0]}},{"s":[44.665],"t":163,"i":{"x":[1],"y":[1]},"o":{"x":[0],"y":[0]}},{"s":[43.494],"t":164,"i":{"x":[1],"y":[1]},"o":{"x":[0],"y":[0]}},{"s":[42.342],"t":165,"i":{"x":[1],"y":[1]},"o":{"x":[0],"y":[0]}},{"s":[41.208],"t":166,"i":{"x":[1],"y":[1]},"o":{"x":[0],"y":[0]}},{"s":[40.089],"t":167,"i":{"x":[1],"y":[1]},"o":{"x":[0],"y":[0]}},{"s":[38.985],"t":168,"i":{"x":[1],"y":[1]},"o":{"x":[0],"y":[0]}},{"s":[37.892],"t":169,"i":{"x":[1],"y":[1]},"o":{"x":[0],"y":[0]}},{"s":[36.809],"t":170,"i":{"x":[1],"y":[1]},"o":{"x":[0],"y":[0]}},{"s":[35.736],"t":171,"i":{"x":[1],"y":[1]},"o":{"x":[0],"y":[0]}},{"s":[34.671],"t":172,"i":{"x":[1],"y":[1]},"o":{"x":[0],"y":[0]}},{"s":[33.615],"t":173,"i":{"x":[1],"y":[1]},"o":{"x":[0],"y":[0]}},{"s":[32.57],"t":174,"i":{"x":[1],"y":[1]},"o":{"x":[0],"y":[0]}},{"s":[31.539],"t":175,"i":{"x":[1],"y":[1]},"o":{"x":[0],"y":[0]}},{"s":[30.517],"t":176,"i":{"x":[1],"y":[1]},"o":{"x":[0],"y":[0]}},{"s":[29.505],"t":177,"i":{"x":[1],"y":[1]},"o":{"x":[0],"y":[0]}},{"s":[28.511],"t":178,"i":{"x":[1],"y":[1]},"o":{"x":[0],"y":[0]}},{"s":[27.541],"t":179,"i":{"x":[1],"y":[1]},"o":{"x":[0],"y":[0]}},{"s":[26.627],"t":180,"i":{"x":[1],"y":[1]},"o":{"x":[0],"y":[0]}},{"s":[26.696],"t":181,"i":{"x":[1],"y":[1]},"o":{"x":[0],"y":[0]}},{"s":[28.738],"t":182,"i":{"x":[1],"y":[1]},"o":{"x":[0],"y":[0]}},{"s":[31.01],"t":183,"i":{"x":[1],"y":[1]},"o":{"x":[0],"y":[0]}},{"s":[33.407],"t":184,"i":{"x":[1],"y":[1]},"o":{"x":[0],"y":[0]}},{"s":[35.922],"t":185,"i":{"x":[1],"y":[1]},"o":{"x":[0],"y":[0]}},{"s":[36.714],"t":186,"i":{"x":[1],"y":[1]},"o":{"x":[0],"y":[0]}},{"s":[37.441],"t":187,"i":{"x":[1],"y":[1]},"o":{"x":[0],"y":[0]}},{"s":[38.084],"t":188,"i":{"x":[1],"y":[1]},"o":{"x":[0],"y":[0]}},{"s":[38.656],"t":189,"i":{"x":[1],"y":[1]},"o":{"x":[0],"y":[0]}},{"s":[39.176],"t":190,"i":{"x":[1],"y":[1]},"o":{"x":[0],"y":[0]}},{"s":[39.66],"t":191,"i":{"x":[1],"y":[1]},"o":{"x":[0],"y":[0]}},{"s":[40.588],"t":193,"i":{"x":[1],"y":[1]},"o":{"x":[0],"y":[0]}},{"s":[41.111],"t":194,"i":{"x":[1],"y":[1]},"o":{"x":[0],"y":[0]}},{"s":[41.111],"t":208,"i":{"x":[1],"y":[1]},"o":{"x":[0],"y":[0]}},{"s":[41.621],"t":209,"i":{"x":[1],"y":[1]},"o":{"x":[0],"y":[0]}},{"s":[42.136],"t":210,"i":{"x":[1],"y":[1]},"o":{"x":[0],"y":[0]}},{"s":[42.634],"t":211,"i":{"x":[1],"y":[1]},"o":{"x":[0],"y":[0]}},{"s":[43.125],"t":212,"i":{"x":[1],"y":[1]},"o":{"x":[0],"y":[0]}},{"s":[43.61],"t":213,"i":{"x":[1],"y":[1]},"o":{"x":[0],"y":[0]}},{"s":[44.094],"t":214,"i":{"x":[1],"y":[1]},"o":{"x":[0],"y":[0]}},{"s":[45.586],"t":215,"i":{"x":[1],"y":[1]},"o":{"x":[0],"y":[0]}},{"s":[47.158],"t":216,"i":{"x":[1],"y":[1]},"o":{"x":[0],"y":[0]}},{"s":[48.77],"t":217,"i":{"x":[1],"y":[1]},"o":{"x":[0],"y":[0]}},{"s":[50.435],"t":218,"i":{"x":[1],"y":[1]},"o":{"x":[0],"y":[0]}},{"s":[52.146],"t":219,"i":{"x":[1],"y":[1]},"o":{"x":[0],"y":[0]}},{"s":[53.907],"t":220,"i":{"x":[1],"y":[1]},"o":{"x":[0],"y":[0]}},{"s":[55.729],"t":221,"i":{"x":[1],"y":[1]},"o":{"x":[0],"y":[0]}},{"s":[57.619],"t":222,"i":{"x":[1],"y":[1]},"o":{"x":[0],"y":[0]}},{"s":[59.584],"t":223,"i":{"x":[1],"y":[1]},"o":{"x":[0],"y":[0]}},{"s":[61.622],"t":224,"i":{"x":[1],"y":[1]},"o":{"x":[0],"y":[0]}},{"s":[63.633],"t":225,"i":{"x":[1],"y":[1]},"o":{"x":[0],"y":[0]}},{"s":[61.588],"t":226,"i":{"x":[1],"y":[1]},"o":{"x":[0],"y":[0]}},{"s":[59.239],"t":227,"i":{"x":[1],"y":[1]},"o":{"x":[0],"y":[0]}},{"s":[57.083],"t":228,"i":{"x":[1],"y":[1]},"o":{"x":[0],"y":[0]}},{"s":[55.048],"t":229,"i":{"x":[1],"y":[1]},"o":{"x":[0],"y":[0]}},{"s":[49.733],"t":230,"i":{"x":[1],"y":[1]},"o":{"x":[0],"y":[0]}},{"s":[44.859],"t":231,"i":{"x":[1],"y":[1]},"o":{"x":[0],"y":[0]}},{"s":[40.273],"t":232,"i":{"x":[1],"y":[1]},"o":{"x":[0],"y":[0]}},{"s":[35.893],"t":233,"i":{"x":[1],"y":[1]},"o":{"x":[0],"y":[0]}},{"s":[31.673],"t":234,"i":{"x":[1],"y":[1]},"o":{"x":[0],"y":[0]}},{"s":[27.585],"t":235,"i":{"x":[1],"y":[1]},"o":{"x":[0],"y":[0]}},{"s":[23.615],"t":236,"i":{"x":[1],"y":[1]},"o":{"x":[0],"y":[0]}},{"s":[19.754],"t":237,"i":{"x":[1],"y":[1]},"o":{"x":[0],"y":[0]}},{"s":[16.006],"t":238,"i":{"x":[1],"y":[1]},"o":{"x":[0],"y":[0]}},{"s":[12.376],"t":239,"i":{"x":[1],"y":[1]},"o":{"x":[0],"y":[0]}},{"s":[8.871],"t":240,"i":{"x":[1],"y":[1]},"o":{"x":[0],"y":[0]}},{"s":[5.505],"t":241,"i":{"x":[1],"y":[1]},"o":{"x":[0],"y":[0]}},{"s":[2.293],"t":242,"i":{"x":[1],"y":[1]},"o":{"x":[0],"y":[0]}},{"s":[-0.747],"t":243,"i":{"x":[1],"y":[1]},"o":{"x":[0],"y":[0]}},{"s":[-3.597],"t":244,"i":{"x":[1],"y":[1]},"o":{"x":[0],"y":[0]}},{"s":[-6.241],"t":245,"i":{"x":[1],"y":[1]},"o":{"x":[0],"y":[0]}},{"s":[-8.658],"t":246,"i":{"x":[1],"y":[1]},"o":{"x":[0],"y":[0]}},{"s":[-10.832],"t":247,"i":{"x":[1],"y":[1]},"o":{"x":[0],"y":[0]}},{"s":[-12.746],"t":248,"i":{"x":[1],"y":[1]},"o":{"x":[0],"y":[0]}},{"s":[-14.379],"t":249,"i":{"x":[1],"y":[1]},"o":{"x":[0],"y":[0]}},{"s":[-15.714],"t":250,"i":{"x":[1],"y":[1]},"o":{"x":[0],"y":[0]}},{"s":[-16.729],"t":251,"i":{"x":[1],"y":[1]},"o":{"x":[0],"y":[0]}},{"s":[-17.398],"t":252,"i":{"x":[1],"y":[1]},"o":{"x":[0],"y":[0]}},{"s":[-17.684],"t":253,"i":{"x":[1],"y":[1]},"o":{"x":[0],"y":[0]}},{"s":[-17.534],"t":254,"i":{"x":[1],"y":[1]},"o":{"x":[0],"y":[0]}},{"s":[-16.863],"t":255,"i":{"x":[1],"y":[1]},"o":{"x":[0],"y":[0]}}]},"p":{"a":0,"k":[152.939,22.544,0],"ix":2,"l":2},"a":{"a":0,"k":[24.951,20.79,0],"ix":1,"l":2},"s":{"a":0,"k":[100,100,100],"ix":6,"l":2}},"ao":0,"ef":[{"ty":5,"nm":"IK","np":3,"mn":"Pseudo/DUIK ik","ix":1,"en":1,"ef":[{"ty":10,"nm":"Controller","mn":"Pseudo/DUIK ik-0001","ix":1,"v":{"a":0,"k":1,"ix":1}}]}],"ip":0,"op":300.00001221925,"st":0,"bm":0},{"ddd":0,"ind":19,"ty":2,"nm":"Layer 21","parent":18,"refId":"image_14","sr":1,"ks":{"o":{"a":0,"k":100,"ix":11},"r":{"k":[{"s":[25.923],"t":0,"i":{"x":[1],"y":[1]},"o":{"x":[0],"y":[0]}},{"s":[36.416],"t":1,"i":{"x":[1],"y":[1]},"o":{"x":[0],"y":[0]}},{"s":[44.539],"t":2,"i":{"x":[1],"y":[1]},"o":{"x":[0],"y":[0]}},{"s":[51.254],"t":3,"i":{"x":[1],"y":[1]},"o":{"x":[0],"y":[0]}},{"s":[56.938],"t":4,"i":{"x":[1],"y":[1]},"o":{"x":[0],"y":[0]}},{"s":[61.817],"t":5,"i":{"x":[1],"y":[1]},"o":{"x":[0],"y":[0]}},{"s":[66.008],"t":6,"i":{"x":[1],"y":[1]},"o":{"x":[0],"y":[0]}},{"s":[69.582],"t":7,"i":{"x":[1],"y":[1]},"o":{"x":[0],"y":[0]}},{"s":[72.581],"t":8,"i":{"x":[1],"y":[1]},"o":{"x":[0],"y":[0]}},{"s":[75.027],"t":9,"i":{"x":[1],"y":[1]},"o":{"x":[0],"y":[0]}},{"s":[76.932],"t":10,"i":{"x":[1],"y":[1]},"o":{"x":[0],"y":[0]}},{"s":[78.296],"t":11,"i":{"x":[1],"y":[1]},"o":{"x":[0],"y":[0]}},{"s":[79.108],"t":12,"i":{"x":[1],"y":[1]},"o":{"x":[0],"y":[0]}},{"s":[79.347],"t":13,"i":{"x":[1],"y":[1]},"o":{"x":[0],"y":[0]}},{"s":[78.966],"t":14,"i":{"x":[1],"y":[1]},"o":{"x":[0],"y":[0]}},{"s":[77.833],"t":15,"i":{"x":[1],"y":[1]},"o":{"x":[0],"y":[0]}},{"s":[77.574],"t":16,"i":{"x":[1],"y":[1]},"o":{"x":[0],"y":[0]}},{"s":[77.327],"t":17,"i":{"x":[1],"y":[1]},"o":{"x":[0],"y":[0]}},{"s":[77.087],"t":18,"i":{"x":[1],"y":[1]},"o":{"x":[0],"y":[0]}},{"s":[76.849],"t":19,"i":{"x":[1],"y":[1]},"o":{"x":[0],"y":[0]}},{"s":[76.61],"t":20,"i":{"x":[1],"y":[1]},"o":{"x":[0],"y":[0]}},{"s":[76.366],"t":21,"i":{"x":[1],"y":[1]},"o":{"x":[0],"y":[0]}},{"s":[76.112],"t":22,"i":{"x":[1],"y":[1]},"o":{"x":[0],"y":[0]}},{"s":[75.845],"t":23,"i":{"x":[1],"y":[1]},"o":{"x":[0],"y":[0]}},{"s":[75.561],"t":24,"i":{"x":[1],"y":[1]},"o":{"x":[0],"y":[0]}},{"s":[75.257],"t":25,"i":{"x":[1],"y":[1]},"o":{"x":[0],"y":[0]}},{"s":[74.927],"t":26,"i":{"x":[1],"y":[1]},"o":{"x":[0],"y":[0]}},{"s":[74.567],"t":27,"i":{"x":[1],"y":[1]},"o":{"x":[0],"y":[0]}},{"s":[74.17],"t":28,"i":{"x":[1],"y":[1]},"o":{"x":[0],"y":[0]}},{"s":[73.728],"t":29,"i":{"x":[1],"y":[1]},"o":{"x":[0],"y":[0]}},{"s":[73.232],"t":30,"i":{"x":[1],"y":[1]},"o":{"x":[0],"y":[0]}},{"s":[72.669],"t":31,"i":{"x":[1],"y":[1]},"o":{"x":[0],"y":[0]}},{"s":[72.024],"t":32,"i":{"x":[1],"y":[1]},"o":{"x":[0],"y":[0]}},{"s":[71.272],"t":33,"i":{"x":[1],"y":[1]},"o":{"x":[0],"y":[0]}},{"s":[70.387],"t":34,"i":{"x":[1],"y":[1]},"o":{"x":[0],"y":[0]}},{"s":[67.578],"t":35,"i":{"x":[1],"y":[1]},"o":{"x":[0],"y":[0]}},{"s":[64.138],"t":36,"i":{"x":[1],"y":[1]},"o":{"x":[0],"y":[0]}},{"s":[60.477],"t":37,"i":{"x":[1],"y":[1]},"o":{"x":[0],"y":[0]}},{"s":[56.631],"t":38,"i":{"x":[1],"y":[1]},"o":{"x":[0],"y":[0]}},{"s":[52.707],"t":39,"i":{"x":[1],"y":[1]},"o":{"x":[0],"y":[0]}},{"s":[51.621],"t":40,"i":{"x":[1],"y":[1]},"o":{"x":[0],"y":[0]}},{"s":[50.82],"t":41,"i":{"x":[1],"y":[1]},"o":{"x":[0],"y":[0]}},{"s":[50.27],"t":42,"i":{"x":[1],"y":[1]},"o":{"x":[0],"y":[0]}},{"s":[49.903],"t":43,"i":{"x":[1],"y":[1]},"o":{"x":[0],"y":[0]}},{"s":[49.66],"t":44,"i":{"x":[1],"y":[1]},"o":{"x":[0],"y":[0]}},{"s":[49.499],"t":45,"i":{"x":[1],"y":[1]},"o":{"x":[0],"y":[0]}},{"s":[49.383],"t":46,"i":{"x":[1],"y":[1]},"o":{"x":[0],"y":[0]}},{"s":[49.265],"t":47,"i":{"x":[1],"y":[1]},"o":{"x":[0],"y":[0]}},{"s":[49.013],"t":48,"i":{"x":[1],"y":[1]},"o":{"x":[0],"y":[0]}},{"s":[49.013],"t":62,"i":{"x":[1],"y":[1]},"o":{"x":[0],"y":[0]}},{"s":[48.575],"t":63,"i":{"x":[1],"y":[1]},"o":{"x":[0],"y":[0]}},{"s":[48.133],"t":64,"i":{"x":[1],"y":[1]},"o":{"x":[0],"y":[0]}},{"s":[47.729],"t":65,"i":{"x":[1],"y":[1]},"o":{"x":[0],"y":[0]}},{"s":[47.345],"t":66,"i":{"x":[1],"y":[1]},"o":{"x":[0],"y":[0]}},{"s":[46.972],"t":67,"i":{"x":[1],"y":[1]},"o":{"x":[0],"y":[0]}},{"s":[46.604],"t":68,"i":{"x":[1],"y":[1]},"o":{"x":[0],"y":[0]}},{"s":[45.972],"t":69,"i":{"x":[1],"y":[1]},"o":{"x":[0],"y":[0]}},{"s":[45.262],"t":70,"i":{"x":[1],"y":[1]},"o":{"x":[0],"y":[0]}},{"s":[44.509],"t":71,"i":{"x":[1],"y":[1]},"o":{"x":[0],"y":[0]}},{"s":[43.724],"t":72,"i":{"x":[1],"y":[1]},"o":{"x":[0],"y":[0]}},{"s":[42.909],"t":73,"i":{"x":[1],"y":[1]},"o":{"x":[0],"y":[0]}},{"s":[42.069],"t":74,"i":{"x":[1],"y":[1]},"o":{"x":[0],"y":[0]}},{"s":[41.207],"t":75,"i":{"x":[1],"y":[1]},"o":{"x":[0],"y":[0]}},{"s":[40.325],"t":76,"i":{"x":[1],"y":[1]},"o":{"x":[0],"y":[0]}},{"s":[39.428],"t":77,"i":{"x":[1],"y":[1]},"o":{"x":[0],"y":[0]}},{"s":[38.522],"t":78,"i":{"x":[1],"y":[1]},"o":{"x":[0],"y":[0]}},{"s":[37.613],"t":79,"i":{"x":[1],"y":[1]},"o":{"x":[0],"y":[0]}},{"s":[36.722],"t":80,"i":{"x":[1],"y":[1]},"o":{"x":[0],"y":[0]}},{"s":[35.905],"t":81,"i":{"x":[1],"y":[1]},"o":{"x":[0],"y":[0]}},{"s":[35.337],"t":82,"i":{"x":[1],"y":[1]},"o":{"x":[0],"y":[0]}},{"s":[36.879],"t":83,"i":{"x":[1],"y":[1]},"o":{"x":[0],"y":[0]}},{"s":[39.415],"t":84,"i":{"x":[1],"y":[1]},"o":{"x":[0],"y":[0]}},{"s":[41.678],"t":85,"i":{"x":[1],"y":[1]},"o":{"x":[0],"y":[0]}},{"s":[43.791],"t":86,"i":{"x":[1],"y":[1]},"o":{"x":[0],"y":[0]}},{"s":[45.78],"t":87,"i":{"x":[1],"y":[1]},"o":{"x":[0],"y":[0]}},{"s":[47.658],"t":88,"i":{"x":[1],"y":[1]},"o":{"x":[0],"y":[0]}},{"s":[49.448],"t":89,"i":{"x":[1],"y":[1]},"o":{"x":[0],"y":[0]}},{"s":[51.164],"t":90,"i":{"x":[1],"y":[1]},"o":{"x":[0],"y":[0]}},{"s":[52.808],"t":91,"i":{"x":[1],"y":[1]},"o":{"x":[0],"y":[0]}},{"s":[54.382],"t":92,"i":{"x":[1],"y":[1]},"o":{"x":[0],"y":[0]}},{"s":[55.892],"t":93,"i":{"x":[1],"y":[1]},"o":{"x":[0],"y":[0]}},{"s":[57.341],"t":94,"i":{"x":[1],"y":[1]},"o":{"x":[0],"y":[0]}},{"s":[58.735],"t":95,"i":{"x":[1],"y":[1]},"o":{"x":[0],"y":[0]}},{"s":[60.076],"t":96,"i":{"x":[1],"y":[1]},"o":{"x":[0],"y":[0]}},{"s":[61.369],"t":97,"i":{"x":[1],"y":[1]},"o":{"x":[0],"y":[0]}},{"s":[62.614],"t":98,"i":{"x":[1],"y":[1]},"o":{"x":[0],"y":[0]}},{"s":[63.811],"t":99,"i":{"x":[1],"y":[1]},"o":{"x":[0],"y":[0]}},{"s":[64.959],"t":100,"i":{"x":[1],"y":[1]},"o":{"x":[0],"y":[0]}},{"s":[66.052],"t":101,"i":{"x":[1],"y":[1]},"o":{"x":[0],"y":[0]}},{"s":[67.091],"t":102,"i":{"x":[1],"y":[1]},"o":{"x":[0],"y":[0]}},{"s":[68.072],"t":103,"i":{"x":[1],"y":[1]},"o":{"x":[0],"y":[0]}},{"s":[68.98],"t":104,"i":{"x":[1],"y":[1]},"o":{"x":[0],"y":[0]}},{"s":[69.787],"t":105,"i":{"x":[1],"y":[1]},"o":{"x":[0],"y":[0]}},{"s":[70.387],"t":106,"i":{"x":[1],"y":[1]},"o":{"x":[0],"y":[0]}},{"s":[68.278],"t":107,"i":{"x":[1],"y":[1]},"o":{"x":[0],"y":[0]}},{"s":[64.445],"t":108,"i":{"x":[1],"y":[1]},"o":{"x":[0],"y":[0]}},{"s":[60.604],"t":109,"i":{"x":[1],"y":[1]},"o":{"x":[0],"y":[0]}},{"s":[56.689],"t":110,"i":{"x":[1],"y":[1]},"o":{"x":[0],"y":[0]}},{"s":[52.707],"t":111,"i":{"x":[1],"y":[1]},"o":{"x":[0],"y":[0]}},{"s":[51.621],"t":112,"i":{"x":[1],"y":[1]},"o":{"x":[0],"y":[0]}},{"s":[50.82],"t":113,"i":{"x":[1],"y":[1]},"o":{"x":[0],"y":[0]}},{"s":[50.27],"t":114,"i":{"x":[1],"y":[1]},"o":{"x":[0],"y":[0]}},{"s":[49.903],"t":115,"i":{"x":[1],"y":[1]},"o":{"x":[0],"y":[0]}},{"s":[49.66],"t":116,"i":{"x":[1],"y":[1]},"o":{"x":[0],"y":[0]}},{"s":[49.499],"t":117,"i":{"x":[1],"y":[1]},"o":{"x":[0],"y":[0]}},{"s":[49.383],"t":118,"i":{"x":[1],"y":[1]},"o":{"x":[0],"y":[0]}},{"s":[49.265],"t":119,"i":{"x":[1],"y":[1]},"o":{"x":[0],"y":[0]}},{"s":[49.013],"t":120,"i":{"x":[1],"y":[1]},"o":{"x":[0],"y":[0]}},{"s":[49.013],"t":134,"i":{"x":[1],"y":[1]},"o":{"x":[0],"y":[0]}},{"s":[48.575],"t":135,"i":{"x":[1],"y":[1]},"o":{"x":[0],"y":[0]}},{"s":[48.133],"t":136,"i":{"x":[1],"y":[1]},"o":{"x":[0],"y":[0]}},{"s":[47.729],"t":137,"i":{"x":[1],"y":[1]},"o":{"x":[0],"y":[0]}},{"s":[47.345],"t":138,"i":{"x":[1],"y":[1]},"o":{"x":[0],"y":[0]}},{"s":[46.972],"t":139,"i":{"x":[1],"y":[1]},"o":{"x":[0],"y":[0]}},{"s":[46.604],"t":140,"i":{"x":[1],"y":[1]},"o":{"x":[0],"y":[0]}},{"s":[45.972],"t":141,"i":{"x":[1],"y":[1]},"o":{"x":[0],"y":[0]}},{"s":[45.262],"t":142,"i":{"x":[1],"y":[1]},"o":{"x":[0],"y":[0]}},{"s":[44.509],"t":143,"i":{"x":[1],"y":[1]},"o":{"x":[0],"y":[0]}},{"s":[43.724],"t":144,"i":{"x":[1],"y":[1]},"o":{"x":[0],"y":[0]}},{"s":[42.909],"t":145,"i":{"x":[1],"y":[1]},"o":{"x":[0],"y":[0]}},{"s":[42.069],"t":146,"i":{"x":[1],"y":[1]},"o":{"x":[0],"y":[0]}},{"s":[41.207],"t":147,"i":{"x":[1],"y":[1]},"o":{"x":[0],"y":[0]}},{"s":[40.325],"t":148,"i":{"x":[1],"y":[1]},"o":{"x":[0],"y":[0]}},{"s":[39.428],"t":149,"i":{"x":[1],"y":[1]},"o":{"x":[0],"y":[0]}},{"s":[38.522],"t":150,"i":{"x":[1],"y":[1]},"o":{"x":[0],"y":[0]}},{"s":[37.613],"t":151,"i":{"x":[1],"y":[1]},"o":{"x":[0],"y":[0]}},{"s":[36.722],"t":152,"i":{"x":[1],"y":[1]},"o":{"x":[0],"y":[0]}},{"s":[35.905],"t":153,"i":{"x":[1],"y":[1]},"o":{"x":[0],"y":[0]}},{"s":[35.337],"t":154,"i":{"x":[1],"y":[1]},"o":{"x":[0],"y":[0]}},{"s":[36.879],"t":155,"i":{"x":[1],"y":[1]},"o":{"x":[0],"y":[0]}},{"s":[39.225],"t":156,"i":{"x":[1],"y":[1]},"o":{"x":[0],"y":[0]}},{"s":[41.328],"t":157,"i":{"x":[1],"y":[1]},"o":{"x":[0],"y":[0]}},{"s":[43.296],"t":158,"i":{"x":[1],"y":[1]},"o":{"x":[0],"y":[0]}},{"s":[45.156],"t":159,"i":{"x":[1],"y":[1]},"o":{"x":[0],"y":[0]}},{"s":[46.918],"t":160,"i":{"x":[1],"y":[1]},"o":{"x":[0],"y":[0]}},{"s":[48.598],"t":161,"i":{"x":[1],"y":[1]},"o":{"x":[0],"y":[0]}},{"s":[50.212],"t":162,"i":{"x":[1],"y":[1]},"o":{"x":[0],"y":[0]}},{"s":[51.764],"t":163,"i":{"x":[1],"y":[1]},"o":{"x":[0],"y":[0]}},{"s":[53.255],"t":164,"i":{"x":[1],"y":[1]},"o":{"x":[0],"y":[0]}},{"s":[54.689],"t":165,"i":{"x":[1],"y":[1]},"o":{"x":[0],"y":[0]}},{"s":[56.069],"t":166,"i":{"x":[1],"y":[1]},"o":{"x":[0],"y":[0]}},{"s":[57.398],"t":167,"i":{"x":[1],"y":[1]},"o":{"x":[0],"y":[0]}},{"s":[58.68],"t":168,"i":{"x":[1],"y":[1]},"o":{"x":[0],"y":[0]}},{"s":[59.918],"t":169,"i":{"x":[1],"y":[1]},"o":{"x":[0],"y":[0]}},{"s":[61.114],"t":170,"i":{"x":[1],"y":[1]},"o":{"x":[0],"y":[0]}},{"s":[62.27],"t":171,"i":{"x":[1],"y":[1]},"o":{"x":[0],"y":[0]}},{"s":[63.386],"t":172,"i":{"x":[1],"y":[1]},"o":{"x":[0],"y":[0]}},{"s":[64.46],"t":173,"i":{"x":[1],"y":[1]},"o":{"x":[0],"y":[0]}},{"s":[65.491],"t":174,"i":{"x":[1],"y":[1]},"o":{"x":[0],"y":[0]}},{"s":[66.474],"t":175,"i":{"x":[1],"y":[1]},"o":{"x":[0],"y":[0]}},{"s":[67.411],"t":176,"i":{"x":[1],"y":[1]},"o":{"x":[0],"y":[0]}},{"s":[68.297],"t":177,"i":{"x":[1],"y":[1]},"o":{"x":[0],"y":[0]}},{"s":[69.117],"t":178,"i":{"x":[1],"y":[1]},"o":{"x":[0],"y":[0]}},{"s":[69.846],"t":179,"i":{"x":[1],"y":[1]},"o":{"x":[0],"y":[0]}},{"s":[70.387],"t":180,"i":{"x":[1],"y":[1]},"o":{"x":[0],"y":[0]}},{"s":[68.278],"t":181,"i":{"x":[1],"y":[1]},"o":{"x":[0],"y":[0]}},{"s":[64.445],"t":182,"i":{"x":[1],"y":[1]},"o":{"x":[0],"y":[0]}},{"s":[60.604],"t":183,"i":{"x":[1],"y":[1]},"o":{"x":[0],"y":[0]}},{"s":[56.689],"t":184,"i":{"x":[1],"y":[1]},"o":{"x":[0],"y":[0]}},{"s":[52.707],"t":185,"i":{"x":[1],"y":[1]},"o":{"x":[0],"y":[0]}},{"s":[51.621],"t":186,"i":{"x":[1],"y":[1]},"o":{"x":[0],"y":[0]}},{"s":[50.82],"t":187,"i":{"x":[1],"y":[1]},"o":{"x":[0],"y":[0]}},{"s":[50.27],"t":188,"i":{"x":[1],"y":[1]},"o":{"x":[0],"y":[0]}},{"s":[49.903],"t":189,"i":{"x":[1],"y":[1]},"o":{"x":[0],"y":[0]}},{"s":[49.66],"t":190,"i":{"x":[1],"y":[1]},"o":{"x":[0],"y":[0]}},{"s":[49.499],"t":191,"i":{"x":[1],"y":[1]},"o":{"x":[0],"y":[0]}},{"s":[49.383],"t":192,"i":{"x":[1],"y":[1]},"o":{"x":[0],"y":[0]}},{"s":[49.265],"t":193,"i":{"x":[1],"y":[1]},"o":{"x":[0],"y":[0]}},{"s":[49.013],"t":194,"i":{"x":[1],"y":[1]},"o":{"x":[0],"y":[0]}},{"s":[49.013],"t":208,"i":{"x":[1],"y":[1]},"o":{"x":[0],"y":[0]}},{"s":[48.575],"t":209,"i":{"x":[1],"y":[1]},"o":{"x":[0],"y":[0]}},{"s":[48.133],"t":210,"i":{"x":[1],"y":[1]},"o":{"x":[0],"y":[0]}},{"s":[47.729],"t":211,"i":{"x":[1],"y":[1]},"o":{"x":[0],"y":[0]}},{"s":[47.345],"t":212,"i":{"x":[1],"y":[1]},"o":{"x":[0],"y":[0]}},{"s":[46.972],"t":213,"i":{"x":[1],"y":[1]},"o":{"x":[0],"y":[0]}},{"s":[46.604],"t":214,"i":{"x":[1],"y":[1]},"o":{"x":[0],"y":[0]}},{"s":[45.232],"t":215,"i":{"x":[1],"y":[1]},"o":{"x":[0],"y":[0]}},{"s":[43.648],"t":216,"i":{"x":[1],"y":[1]},"o":{"x":[0],"y":[0]}},{"s":[41.943],"t":217,"i":{"x":[1],"y":[1]},"o":{"x":[0],"y":[0]}},{"s":[40.11],"t":218,"i":{"x":[1],"y":[1]},"o":{"x":[0],"y":[0]}},{"s":[38.155],"t":219,"i":{"x":[1],"y":[1]},"o":{"x":[0],"y":[0]}},{"s":[36.071],"t":220,"i":{"x":[1],"y":[1]},"o":{"x":[0],"y":[0]}},{"s":[33.84],"t":221,"i":{"x":[1],"y":[1]},"o":{"x":[0],"y":[0]}},{"s":[31.449],"t":222,"i":{"x":[1],"y":[1]},"o":{"x":[0],"y":[0]}},{"s":[28.889],"t":223,"i":{"x":[1],"y":[1]},"o":{"x":[0],"y":[0]}},{"s":[26.17],"t":224,"i":{"x":[1],"y":[1]},"o":{"x":[0],"y":[0]}},{"s":[23.547],"t":225,"i":{"x":[1],"y":[1]},"o":{"x":[0],"y":[0]}},{"s":[27.291],"t":226,"i":{"x":[1],"y":[1]},"o":{"x":[0],"y":[0]}},{"s":[30.897],"t":227,"i":{"x":[1],"y":[1]},"o":{"x":[0],"y":[0]}},{"s":[34.039],"t":228,"i":{"x":[1],"y":[1]},"o":{"x":[0],"y":[0]}},{"s":[36.879],"t":229,"i":{"x":[1],"y":[1]},"o":{"x":[0],"y":[0]}},{"s":[43.785],"t":230,"i":{"x":[1],"y":[1]},"o":{"x":[0],"y":[0]}},{"s":[49.521],"t":231,"i":{"x":[1],"y":[1]},"o":{"x":[0],"y":[0]}},{"s":[54.42],"t":232,"i":{"x":[1],"y":[1]},"o":{"x":[0],"y":[0]}},{"s":[58.655],"t":233,"i":{"x":[1],"y":[1]},"o":{"x":[0],"y":[0]}},{"s":[62.327],"t":234,"i":{"x":[1],"y":[1]},"o":{"x":[0],"y":[0]}},{"s":[65.499],"t":235,"i":{"x":[1],"y":[1]},"o":{"x":[0],"y":[0]}},{"s":[68.213],"t":236,"i":{"x":[1],"y":[1]},"o":{"x":[0],"y":[0]}},{"s":[70.496],"t":237,"i":{"x":[1],"y":[1]},"o":{"x":[0],"y":[0]}},{"s":[72.366],"t":238,"i":{"x":[1],"y":[1]},"o":{"x":[0],"y":[0]}},{"s":[73.835],"t":239,"i":{"x":[1],"y":[1]},"o":{"x":[0],"y":[0]}},{"s":[74.91],"t":240,"i":{"x":[1],"y":[1]},"o":{"x":[0],"y":[0]}},{"s":[75.596],"t":241,"i":{"x":[1],"y":[1]},"o":{"x":[0],"y":[0]}},{"s":[75.896],"t":242,"i":{"x":[1],"y":[1]},"o":{"x":[0],"y":[0]}},{"s":[75.811],"t":243,"i":{"x":[1],"y":[1]},"o":{"x":[0],"y":[0]}},{"s":[75.34],"t":244,"i":{"x":[1],"y":[1]},"o":{"x":[0],"y":[0]}},{"s":[74.484],"t":245,"i":{"x":[1],"y":[1]},"o":{"x":[0],"y":[0]}},{"s":[73.239],"t":246,"i":{"x":[1],"y":[1]},"o":{"x":[0],"y":[0]}},{"s":[71.599],"t":247,"i":{"x":[1],"y":[1]},"o":{"x":[0],"y":[0]}},{"s":[69.556],"t":248,"i":{"x":[1],"y":[1]},"o":{"x":[0],"y":[0]}},{"s":[67.099],"t":249,"i":{"x":[1],"y":[1]},"o":{"x":[0],"y":[0]}},{"s":[64.207],"t":250,"i":{"x":[1],"y":[1]},"o":{"x":[0],"y":[0]}},{"s":[60.85],"t":251,"i":{"x":[1],"y":[1]},"o":{"x":[0],"y":[0]}},{"s":[56.983],"t":252,"i":{"x":[1],"y":[1]},"o":{"x":[0],"y":[0]}},{"s":[52.537],"t":253,"i":{"x":[1],"y":[1]},"o":{"x":[0],"y":[0]}},{"s":[47.403],"t":254,"i":{"x":[1],"y":[1]},"o":{"x":[0],"y":[0]}},{"s":[41.399],"t":255,"i":{"x":[1],"y":[1]},"o":{"x":[0],"y":[0]}}]},"p":{"k":[{"s":[48.567,153.616,0],"t":0,"i":{"x":1,"y":1},"o":{"x":0,"y":0}},{"s":[48.567,153.616,0],"t":300,"i":{"x":1,"y":1},"o":{"x":0,"y":0}}],"l":2},"a":{"a":0,"k":[23.056,18.147,0],"ix":1,"l":2},"s":{"a":0,"k":[100,100,100],"ix":6,"l":2}},"ao":0,"ef":[{"ty":5,"nm":"IK","np":3,"mn":"Pseudo/DUIK ik","ix":1,"en":1,"ef":[{"ty":10,"nm":"Controller","mn":"Pseudo/DUIK ik-0001","ix":1,"v":{"a":0,"k":1,"ix":1}}]}],"ip":0,"op":300.00001221925,"st":0,"bm":0},{"ddd":0,"ind":20,"ty":2,"nm":"Layer 22","parent":19,"refId":"image_15","sr":1,"ks":{"o":{"a":0,"k":100,"ix":11},"r":{"k":[{"s":[78.046],"t":0,"i":{"x":[1],"y":[1]},"o":{"x":[0],"y":[0]}},{"s":[70.345],"t":1,"i":{"x":[1],"y":[1]},"o":{"x":[0],"y":[0]}},{"s":[63.759],"t":2,"i":{"x":[1],"y":[1]},"o":{"x":[0],"y":[0]}},{"s":[57.762],"t":3,"i":{"x":[1],"y":[1]},"o":{"x":[0],"y":[0]}},{"s":[52.16],"t":4,"i":{"x":[1],"y":[1]},"o":{"x":[0],"y":[0]}},{"s":[46.826],"t":5,"i":{"x":[1],"y":[1]},"o":{"x":[0],"y":[0]}},{"s":[41.702],"t":6,"i":{"x":[1],"y":[1]},"o":{"x":[0],"y":[0]}},{"s":[36.755],"t":7,"i":{"x":[1],"y":[1]},"o":{"x":[0],"y":[0]}},{"s":[31.973],"t":8,"i":{"x":[1],"y":[1]},"o":{"x":[0],"y":[0]}},{"s":[27.356],"t":9,"i":{"x":[1],"y":[1]},"o":{"x":[0],"y":[0]}},{"s":[22.919],"t":10,"i":{"x":[1],"y":[1]},"o":{"x":[0],"y":[0]}},{"s":[18.682],"t":11,"i":{"x":[1],"y":[1]},"o":{"x":[0],"y":[0]}},{"s":[14.683],"t":12,"i":{"x":[1],"y":[1]},"o":{"x":[0],"y":[0]}},{"s":[10.96],"t":13,"i":{"x":[1],"y":[1]},"o":{"x":[0],"y":[0]}},{"s":[7.584],"t":14,"i":{"x":[1],"y":[1]},"o":{"x":[0],"y":[0]}},{"s":[4.666],"t":15,"i":{"x":[1],"y":[1]},"o":{"x":[0],"y":[0]}},{"s":[4.231],"t":16,"i":{"x":[1],"y":[1]},"o":{"x":[0],"y":[0]}},{"s":[3.789],"t":17,"i":{"x":[1],"y":[1]},"o":{"x":[0],"y":[0]}},{"s":[3.344],"t":18,"i":{"x":[1],"y":[1]},"o":{"x":[0],"y":[0]}},{"s":[2.897],"t":19,"i":{"x":[1],"y":[1]},"o":{"x":[0],"y":[0]}},{"s":[2.453],"t":20,"i":{"x":[1],"y":[1]},"o":{"x":[0],"y":[0]}},{"s":[2.013],"t":21,"i":{"x":[1],"y":[1]},"o":{"x":[0],"y":[0]}},{"s":[1.58],"t":22,"i":{"x":[1],"y":[1]},"o":{"x":[0],"y":[0]}},{"s":[1.155],"t":23,"i":{"x":[1],"y":[1]},"o":{"x":[0],"y":[0]}},{"s":[0.743],"t":24,"i":{"x":[1],"y":[1]},"o":{"x":[0],"y":[0]}},{"s":[0.345],"t":25,"i":{"x":[1],"y":[1]},"o":{"x":[0],"y":[0]}},{"s":[-0.035],"t":26,"i":{"x":[1],"y":[1]},"o":{"x":[0],"y":[0]}},{"s":[-0.394],"t":27,"i":{"x":[1],"y":[1]},"o":{"x":[0],"y":[0]}},{"s":[-0.727],"t":28,"i":{"x":[1],"y":[1]},"o":{"x":[0],"y":[0]}},{"s":[-1.029],"t":29,"i":{"x":[1],"y":[1]},"o":{"x":[0],"y":[0]}},{"s":[-1.292],"t":30,"i":{"x":[1],"y":[1]},"o":{"x":[0],"y":[0]}},{"s":[-1.507],"t":31,"i":{"x":[1],"y":[1]},"o":{"x":[0],"y":[0]}},{"s":[-1.659],"t":32,"i":{"x":[1],"y":[1]},"o":{"x":[0],"y":[0]}},{"s":[-1.728],"t":33,"i":{"x":[1],"y":[1]},"o":{"x":[0],"y":[0]}},{"s":[-1.686],"t":34,"i":{"x":[1],"y":[1]},"o":{"x":[0],"y":[0]}},{"s":[-0.869],"t":35,"i":{"x":[1],"y":[1]},"o":{"x":[0],"y":[0]}},{"s":[0.757],"t":36,"i":{"x":[1],"y":[1]},"o":{"x":[0],"y":[0]}},{"s":[2.742],"t":37,"i":{"x":[1],"y":[1]},"o":{"x":[0],"y":[0]}},{"s":[4.854],"t":38,"i":{"x":[1],"y":[1]},"o":{"x":[0],"y":[0]}},{"s":[6.699],"t":39,"i":{"x":[1],"y":[1]},"o":{"x":[0],"y":[0]}},{"s":[6.994],"t":40,"i":{"x":[1],"y":[1]},"o":{"x":[0],"y":[0]}},{"s":[7.068],"t":41,"i":{"x":[1],"y":[1]},"o":{"x":[0],"y":[0]}},{"s":[6.975],"t":42,"i":{"x":[1],"y":[1]},"o":{"x":[0],"y":[0]}},{"s":[6.77],"t":43,"i":{"x":[1],"y":[1]},"o":{"x":[0],"y":[0]}},{"s":[6.493],"t":44,"i":{"x":[1],"y":[1]},"o":{"x":[0],"y":[0]}},{"s":[6.17],"t":45,"i":{"x":[1],"y":[1]},"o":{"x":[0],"y":[0]}},{"s":[5.822],"t":46,"i":{"x":[1],"y":[1]},"o":{"x":[0],"y":[0]}},{"s":[5.475],"t":47,"i":{"x":[1],"y":[1]},"o":{"x":[0],"y":[0]}},{"s":[5.204],"t":48,"i":{"x":[1],"y":[1]},"o":{"x":[0],"y":[0]}},{"s":[5.204],"t":62,"i":{"x":[1],"y":[1]},"o":{"x":[0],"y":[0]}},{"s":[5.132],"t":63,"i":{"x":[1],"y":[1]},"o":{"x":[0],"y":[0]}},{"s":[5.06],"t":64,"i":{"x":[1],"y":[1]},"o":{"x":[0],"y":[0]}},{"s":[4.966],"t":65,"i":{"x":[1],"y":[1]},"o":{"x":[0],"y":[0]}},{"s":[4.859],"t":66,"i":{"x":[1],"y":[1]},"o":{"x":[0],"y":[0]}},{"s":[4.746],"t":67,"i":{"x":[1],"y":[1]},"o":{"x":[0],"y":[0]}},{"s":[4.631],"t":68,"i":{"x":[1],"y":[1]},"o":{"x":[0],"y":[0]}},{"s":[4.502],"t":69,"i":{"x":[1],"y":[1]},"o":{"x":[0],"y":[0]}},{"s":[4.421],"t":70,"i":{"x":[1],"y":[1]},"o":{"x":[0],"y":[0]}},{"s":[4.368],"t":71,"i":{"x":[1],"y":[1]},"o":{"x":[0],"y":[0]}},{"s":[4.335],"t":72,"i":{"x":[1],"y":[1]},"o":{"x":[0],"y":[0]}},{"s":[4.321],"t":73,"i":{"x":[1],"y":[1]},"o":{"x":[0],"y":[0]}},{"s":[4.322],"t":74,"i":{"x":[1],"y":[1]},"o":{"x":[0],"y":[0]}},{"s":[4.338],"t":75,"i":{"x":[1],"y":[1]},"o":{"x":[0],"y":[0]}},{"s":[4.365],"t":76,"i":{"x":[1],"y":[1]},"o":{"x":[0],"y":[0]}},{"s":[4.403],"t":77,"i":{"x":[1],"y":[1]},"o":{"x":[0],"y":[0]}},{"s":[4.446],"t":78,"i":{"x":[1],"y":[1]},"o":{"x":[0],"y":[0]}},{"s":[4.489],"t":79,"i":{"x":[1],"y":[1]},"o":{"x":[0],"y":[0]}},{"s":[4.52],"t":80,"i":{"x":[1],"y":[1]},"o":{"x":[0],"y":[0]}},{"s":[4.511],"t":81,"i":{"x":[1],"y":[1]},"o":{"x":[0],"y":[0]}},{"s":[4.352],"t":82,"i":{"x":[1],"y":[1]},"o":{"x":[0],"y":[0]}},{"s":[2.452],"t":84,"i":{"x":[1],"y":[1]},"o":{"x":[0],"y":[0]}},{"s":[1.686],"t":85,"i":{"x":[1],"y":[1]},"o":{"x":[0],"y":[0]}},{"s":[1.018],"t":86,"i":{"x":[1],"y":[1]},"o":{"x":[0],"y":[0]}},{"s":[0.43],"t":87,"i":{"x":[1],"y":[1]},"o":{"x":[0],"y":[0]}},{"s":[-0.09],"t":88,"i":{"x":[1],"y":[1]},"o":{"x":[0],"y":[0]}},{"s":[-0.553],"t":89,"i":{"x":[1],"y":[1]},"o":{"x":[0],"y":[0]}},{"s":[-0.964],"t":90,"i":{"x":[1],"y":[1]},"o":{"x":[0],"y":[0]}},{"s":[-1.327],"t":91,"i":{"x":[1],"y":[1]},"o":{"x":[0],"y":[0]}},{"s":[-1.644],"t":92,"i":{"x":[1],"y":[1]},"o":{"x":[0],"y":[0]}},{"s":[-1.918],"t":93,"i":{"x":[1],"y":[1]},"o":{"x":[0],"y":[0]}},{"s":[-2.15],"t":94,"i":{"x":[1],"y":[1]},"o":{"x":[0],"y":[0]}},{"s":[-2.343],"t":95,"i":{"x":[1],"y":[1]},"o":{"x":[0],"y":[0]}},{"s":[-2.498],"t":96,"i":{"x":[1],"y":[1]},"o":{"x":[0],"y":[0]}},{"s":[-2.615],"t":97,"i":{"x":[1],"y":[1]},"o":{"x":[0],"y":[0]}},{"s":[-2.696],"t":98,"i":{"x":[1],"y":[1]},"o":{"x":[0],"y":[0]}},{"s":[-2.739],"t":99,"i":{"x":[1],"y":[1]},"o":{"x":[0],"y":[0]}},{"s":[-2.744],"t":100,"i":{"x":[1],"y":[1]},"o":{"x":[0],"y":[0]}},{"s":[-2.709],"t":101,"i":{"x":[1],"y":[1]},"o":{"x":[0],"y":[0]}},{"s":[-2.633],"t":102,"i":{"x":[1],"y":[1]},"o":{"x":[0],"y":[0]}},{"s":[-2.511],"t":103,"i":{"x":[1],"y":[1]},"o":{"x":[0],"y":[0]}},{"s":[-2.334],"t":104,"i":{"x":[1],"y":[1]},"o":{"x":[0],"y":[0]}},{"s":[-2.082],"t":105,"i":{"x":[1],"y":[1]},"o":{"x":[0],"y":[0]}},{"s":[-1.686],"t":106,"i":{"x":[1],"y":[1]},"o":{"x":[0],"y":[0]}},{"s":[0.354],"t":107,"i":{"x":[1],"y":[1]},"o":{"x":[0],"y":[0]}},{"s":[2.146],"t":108,"i":{"x":[1],"y":[1]},"o":{"x":[0],"y":[0]}},{"s":[3.715],"t":109,"i":{"x":[1],"y":[1]},"o":{"x":[0],"y":[0]}},{"s":[5.233],"t":110,"i":{"x":[1],"y":[1]},"o":{"x":[0],"y":[0]}},{"s":[6.699],"t":111,"i":{"x":[1],"y":[1]},"o":{"x":[0],"y":[0]}},{"s":[6.994],"t":112,"i":{"x":[1],"y":[1]},"o":{"x":[0],"y":[0]}},{"s":[7.068],"t":113,"i":{"x":[1],"y":[1]},"o":{"x":[0],"y":[0]}},{"s":[6.975],"t":114,"i":{"x":[1],"y":[1]},"o":{"x":[0],"y":[0]}},{"s":[6.77],"t":115,"i":{"x":[1],"y":[1]},"o":{"x":[0],"y":[0]}},{"s":[6.493],"t":116,"i":{"x":[1],"y":[1]},"o":{"x":[0],"y":[0]}},{"s":[6.17],"t":117,"i":{"x":[1],"y":[1]},"o":{"x":[0],"y":[0]}},{"s":[5.822],"t":118,"i":{"x":[1],"y":[1]},"o":{"x":[0],"y":[0]}},{"s":[5.475],"t":119,"i":{"x":[1],"y":[1]},"o":{"x":[0],"y":[0]}},{"s":[5.204],"t":120,"i":{"x":[1],"y":[1]},"o":{"x":[0],"y":[0]}},{"s":[5.204],"t":134,"i":{"x":[1],"y":[1]},"o":{"x":[0],"y":[0]}},{"s":[5.132],"t":135,"i":{"x":[1],"y":[1]},"o":{"x":[0],"y":[0]}},{"s":[5.06],"t":136,"i":{"x":[1],"y":[1]},"o":{"x":[0],"y":[0]}},{"s":[4.966],"t":137,"i":{"x":[1],"y":[1]},"o":{"x":[0],"y":[0]}},{"s":[4.859],"t":138,"i":{"x":[1],"y":[1]},"o":{"x":[0],"y":[0]}},{"s":[4.746],"t":139,"i":{"x":[1],"y":[1]},"o":{"x":[0],"y":[0]}},{"s":[4.631],"t":140,"i":{"x":[1],"y":[1]},"o":{"x":[0],"y":[0]}},{"s":[4.502],"t":141,"i":{"x":[1],"y":[1]},"o":{"x":[0],"y":[0]}},{"s":[4.421],"t":142,"i":{"x":[1],"y":[1]},"o":{"x":[0],"y":[0]}},{"s":[4.368],"t":143,"i":{"x":[1],"y":[1]},"o":{"x":[0],"y":[0]}},{"s":[4.335],"t":144,"i":{"x":[1],"y":[1]},"o":{"x":[0],"y":[0]}},{"s":[4.321],"t":145,"i":{"x":[1],"y":[1]},"o":{"x":[0],"y":[0]}},{"s":[4.322],"t":146,"i":{"x":[1],"y":[1]},"o":{"x":[0],"y":[0]}},{"s":[4.338],"t":147,"i":{"x":[1],"y":[1]},"o":{"x":[0],"y":[0]}},{"s":[4.365],"t":148,"i":{"x":[1],"y":[1]},"o":{"x":[0],"y":[0]}},{"s":[4.403],"t":149,"i":{"x":[1],"y":[1]},"o":{"x":[0],"y":[0]}},{"s":[4.446],"t":150,"i":{"x":[1],"y":[1]},"o":{"x":[0],"y":[0]}},{"s":[4.489],"t":151,"i":{"x":[1],"y":[1]},"o":{"x":[0],"y":[0]}},{"s":[4.52],"t":152,"i":{"x":[1],"y":[1]},"o":{"x":[0],"y":[0]}},{"s":[4.511],"t":153,"i":{"x":[1],"y":[1]},"o":{"x":[0],"y":[0]}},{"s":[4.352],"t":154,"i":{"x":[1],"y":[1]},"o":{"x":[0],"y":[0]}},{"s":[3.402],"t":155,"i":{"x":[1],"y":[1]},"o":{"x":[0],"y":[0]}},{"s":[2.52],"t":156,"i":{"x":[1],"y":[1]},"o":{"x":[0],"y":[0]}},{"s":[1.801],"t":157,"i":{"x":[1],"y":[1]},"o":{"x":[0],"y":[0]}},{"s":[1.171],"t":158,"i":{"x":[1],"y":[1]},"o":{"x":[0],"y":[0]}},{"s":[0.61],"t":159,"i":{"x":[1],"y":[1]},"o":{"x":[0],"y":[0]}},{"s":[0.11],"t":160,"i":{"x":[1],"y":[1]},"o":{"x":[0],"y":[0]}},{"s":[-0.337],"t":161,"i":{"x":[1],"y":[1]},"o":{"x":[0],"y":[0]}},{"s":[-0.74],"t":162,"i":{"x":[1],"y":[1]},"o":{"x":[0],"y":[0]}},{"s":[-1.101],"t":163,"i":{"x":[1],"y":[1]},"o":{"x":[0],"y":[0]}},{"s":[-1.421],"t":164,"i":{"x":[1],"y":[1]},"o":{"x":[0],"y":[0]}},{"s":[-1.702],"t":165,"i":{"x":[1],"y":[1]},"o":{"x":[0],"y":[0]}},{"s":[-1.948],"t":166,"i":{"x":[1],"y":[1]},"o":{"x":[0],"y":[0]}},{"s":[-2.158],"t":167,"i":{"x":[1],"y":[1]},"o":{"x":[0],"y":[0]}},{"s":[-2.336],"t":168,"i":{"x":[1],"y":[1]},"o":{"x":[0],"y":[0]}},{"s":[-2.481],"t":169,"i":{"x":[1],"y":[1]},"o":{"x":[0],"y":[0]}},{"s":[-2.595],"t":170,"i":{"x":[1],"y":[1]},"o":{"x":[0],"y":[0]}},{"s":[-2.677],"t":171,"i":{"x":[1],"y":[1]},"o":{"x":[0],"y":[0]}},{"s":[-2.728],"t":172,"i":{"x":[1],"y":[1]},"o":{"x":[0],"y":[0]}},{"s":[-2.746],"t":173,"i":{"x":[1],"y":[1]},"o":{"x":[0],"y":[0]}},{"s":[-2.732],"t":174,"i":{"x":[1],"y":[1]},"o":{"x":[0],"y":[0]}},{"s":[-2.684],"t":175,"i":{"x":[1],"y":[1]},"o":{"x":[0],"y":[0]}},{"s":[-2.6],"t":176,"i":{"x":[1],"y":[1]},"o":{"x":[0],"y":[0]}},{"s":[-2.474],"t":177,"i":{"x":[1],"y":[1]},"o":{"x":[0],"y":[0]}},{"s":[-2.299],"t":178,"i":{"x":[1],"y":[1]},"o":{"x":[0],"y":[0]}},{"s":[-2.058],"t":179,"i":{"x":[1],"y":[1]},"o":{"x":[0],"y":[0]}},{"s":[-1.686],"t":180,"i":{"x":[1],"y":[1]},"o":{"x":[0],"y":[0]}},{"s":[0.354],"t":181,"i":{"x":[1],"y":[1]},"o":{"x":[0],"y":[0]}},{"s":[2.146],"t":182,"i":{"x":[1],"y":[1]},"o":{"x":[0],"y":[0]}},{"s":[3.715],"t":183,"i":{"x":[1],"y":[1]},"o":{"x":[0],"y":[0]}},{"s":[5.233],"t":184,"i":{"x":[1],"y":[1]},"o":{"x":[0],"y":[0]}},{"s":[6.699],"t":185,"i":{"x":[1],"y":[1]},"o":{"x":[0],"y":[0]}},{"s":[6.994],"t":186,"i":{"x":[1],"y":[1]},"o":{"x":[0],"y":[0]}},{"s":[7.068],"t":187,"i":{"x":[1],"y":[1]},"o":{"x":[0],"y":[0]}},{"s":[6.975],"t":188,"i":{"x":[1],"y":[1]},"o":{"x":[0],"y":[0]}},{"s":[6.77],"t":189,"i":{"x":[1],"y":[1]},"o":{"x":[0],"y":[0]}},{"s":[6.493],"t":190,"i":{"x":[1],"y":[1]},"o":{"x":[0],"y":[0]}},{"s":[6.17],"t":191,"i":{"x":[1],"y":[1]},"o":{"x":[0],"y":[0]}},{"s":[5.822],"t":192,"i":{"x":[1],"y":[1]},"o":{"x":[0],"y":[0]}},{"s":[5.475],"t":193,"i":{"x":[1],"y":[1]},"o":{"x":[0],"y":[0]}},{"s":[5.204],"t":194,"i":{"x":[1],"y":[1]},"o":{"x":[0],"y":[0]}},{"s":[5.204],"t":208,"i":{"x":[1],"y":[1]},"o":{"x":[0],"y":[0]}},{"s":[5.132],"t":209,"i":{"x":[1],"y":[1]},"o":{"x":[0],"y":[0]}},{"s":[5.06],"t":210,"i":{"x":[1],"y":[1]},"o":{"x":[0],"y":[0]}},{"s":[4.966],"t":211,"i":{"x":[1],"y":[1]},"o":{"x":[0],"y":[0]}},{"s":[4.859],"t":212,"i":{"x":[1],"y":[1]},"o":{"x":[0],"y":[0]}},{"s":[4.746],"t":213,"i":{"x":[1],"y":[1]},"o":{"x":[0],"y":[0]}},{"s":[4.631],"t":214,"i":{"x":[1],"y":[1]},"o":{"x":[0],"y":[0]}},{"s":[4.51],"t":215,"i":{"x":[1],"y":[1]},"o":{"x":[0],"y":[0]}},{"s":[4.523],"t":216,"i":{"x":[1],"y":[1]},"o":{"x":[0],"y":[0]}},{"s":[4.615],"t":217,"i":{"x":[1],"y":[1]},"o":{"x":[0],"y":[0]}},{"s":[4.783],"t":218,"i":{"x":[1],"y":[1]},"o":{"x":[0],"y":[0]}},{"s":[5.027],"t":219,"i":{"x":[1],"y":[1]},"o":{"x":[0],"y":[0]}},{"s":[5.351],"t":220,"i":{"x":[1],"y":[1]},"o":{"x":[0],"y":[0]}},{"s":[5.76],"t":221,"i":{"x":[1],"y":[1]},"o":{"x":[0],"y":[0]}},{"s":[6.261],"t":222,"i":{"x":[1],"y":[1]},"o":{"x":[0],"y":[0]}},{"s":[6.856],"t":223,"i":{"x":[1],"y":[1]},"o":{"x":[0],"y":[0]}},{"s":[7.536],"t":224,"i":{"x":[1],"y":[1]},"o":{"x":[0],"y":[0]}},{"s":[8.149],"t":225,"i":{"x":[1],"y":[1]},"o":{"x":[0],"y":[0]}},{"s":[6.45],"t":226,"i":{"x":[1],"y":[1]},"o":{"x":[0],"y":[0]}},{"s":[5.193],"t":227,"i":{"x":[1],"y":[1]},"o":{"x":[0],"y":[0]}},{"s":[4.207],"t":228,"i":{"x":[1],"y":[1]},"o":{"x":[0],"y":[0]}},{"s":[3.402],"t":229,"i":{"x":[1],"y":[1]},"o":{"x":[0],"y":[0]}},{"s":[1.811],"t":230,"i":{"x":[1],"y":[1]},"o":{"x":[0],"y":[0]}},{"s":[0.949],"t":231,"i":{"x":[1],"y":[1]},"o":{"x":[0],"y":[0]}},{"s":[0.636],"t":232,"i":{"x":[1],"y":[1]},"o":{"x":[0],"y":[0]}},{"s":[0.781],"t":233,"i":{"x":[1],"y":[1]},"o":{"x":[0],"y":[0]}},{"s":[1.329],"t":234,"i":{"x":[1],"y":[1]},"o":{"x":[0],"y":[0]}},{"s":[2.245],"t":235,"i":{"x":[1],"y":[1]},"o":{"x":[0],"y":[0]}},{"s":[3.501],"t":236,"i":{"x":[1],"y":[1]},"o":{"x":[0],"y":[0]}},{"s":[5.078],"t":237,"i":{"x":[1],"y":[1]},"o":{"x":[0],"y":[0]}},{"s":[6.956],"t":238,"i":{"x":[1],"y":[1]},"o":{"x":[0],"y":[0]}},{"s":[9.118],"t":239,"i":{"x":[1],"y":[1]},"o":{"x":[0],"y":[0]}},{"s":[11.548],"t":240,"i":{"x":[1],"y":[1]},"o":{"x":[0],"y":[0]}},{"s":[14.228],"t":241,"i":{"x":[1],"y":[1]},"o":{"x":[0],"y":[0]}},{"s":[17.139],"t":242,"i":{"x":[1],"y":[1]},"o":{"x":[0],"y":[0]}},{"s":[20.264],"t":243,"i":{"x":[1],"y":[1]},"o":{"x":[0],"y":[0]}},{"s":[23.586],"t":244,"i":{"x":[1],"y":[1]},"o":{"x":[0],"y":[0]}},{"s":[27.086],"t":245,"i":{"x":[1],"y":[1]},"o":{"x":[0],"y":[0]}},{"s":[30.748],"t":246,"i":{"x":[1],"y":[1]},"o":{"x":[0],"y":[0]}},{"s":[34.562],"t":247,"i":{"x":[1],"y":[1]},"o":{"x":[0],"y":[0]}},{"s":[38.518],"t":248,"i":{"x":[1],"y":[1]},"o":{"x":[0],"y":[0]}},{"s":[42.609],"t":249,"i":{"x":[1],"y":[1]},"o":{"x":[0],"y":[0]}},{"s":[46.836],"t":250,"i":{"x":[1],"y":[1]},"o":{"x":[0],"y":[0]}},{"s":[51.208],"t":251,"i":{"x":[1],"y":[1]},"o":{"x":[0],"y":[0]}},{"s":[55.744],"t":252,"i":{"x":[1],"y":[1]},"o":{"x":[0],"y":[0]}},{"s":[60.476],"t":253,"i":{"x":[1],"y":[1]},"o":{"x":[0],"y":[0]}},{"s":[65.46],"t":254,"i":{"x":[1],"y":[1]},"o":{"x":[0],"y":[0]}},{"s":[70.792],"t":255,"i":{"x":[1],"y":[1]},"o":{"x":[0],"y":[0]}}]},"p":{"k":[{"s":[31.71,140.315,0],"t":0,"i":{"x":1,"y":1},"o":{"x":0,"y":0}},{"s":[31.71,140.315,0],"t":300,"i":{"x":1,"y":1},"o":{"x":0,"y":0}}],"l":2},"a":{"a":0,"k":[39.923,10.471,0],"ix":1,"l":2},"s":{"a":0,"k":[100,100,100],"ix":6,"l":2}},"ao":0,"ef":[{"ty":5,"nm":"IK","np":3,"mn":"Pseudo/DUIK ik","ix":1,"en":1,"ef":[{"ty":10,"nm":"Controller","mn":"Pseudo/DUIK ik-0001","ix":1,"v":{"a":0,"k":1,"ix":1}}]}],"ip":0,"op":300.00001221925,"st":0,"bm":0},{"ddd":0,"ind":21,"ty":2,"nm":"Layer 23","refId":"image_16","sr":1,"ks":{"o":{"a":0,"k":100,"ix":11},"r":{"a":1,"k":[{"i":{"x":[0.833],"y":[0.833]},"o":{"x":[0.167],"y":[0.167]},"t":0,"s":[0]},{"i":{"x":[0.833],"y":[0.833]},"o":{"x":[0.167],"y":[0.167]},"t":15,"s":[4.59]},{"t":30.0000012219251,"s":[0]}],"ix":10},"p":{"a":0,"k":[891.82,549.554,0],"ix":2,"l":2},"a":{"a":0,"k":[77.483,210.806,0],"ix":1,"l":2},"s":{"a":0,"k":[100,100,100],"ix":6,"l":2}},"ao":0,"ip":0,"op":300.00001221925,"st":0,"bm":0}]}],"layers":[{"ddd":0,"ind":1,"ty":0,"nm":"isometric usman back","refId":"comp_0","sr":1,"ks":{"o":{"a":0,"k":100,"ix":11},"r":{"a":0,"k":0,"ix":10},"p":{"a":0,"k":[400,540,0],"ix":2,"l":2},"a":{"a":0,"k":[960,540,0],"ix":1,"l":2},"s":{"a":0,"k":[100,100,100],"ix":6,"l":2}},"ao":0,"w":1920,"h":1080,"ip":0,"op":300.00001221925,"st":0,"bm":0}],"markers":[]}