{"v":"5.9.1","fr":29.9700012207031,"ip":0,"op":300.00001221925,"w":450,"h":799,"nm":"usman 2","ddd":0,"assets":[{"id":"image_0","w":32,"h":104,"u":"images/","p":"img_0.png","e":0},{"id":"image_1","w":51,"h":123,"u":"images/","p":"img_1.png","e":0},{"id":"image_2","w":37,"h":47,"u":"images/","p":"img_2.png","e":0},{"id":"image_3","w":187,"h":204,"u":"images/","p":"img_3.png","e":0},{"id":"image_4","w":141,"h":90,"u":"images/","p":"img_4.png","e":0},{"id":"image_5","w":62,"h":10,"u":"images/","p":"img_5.png","e":0},{"id":"image_6","w":500,"h":500,"u":"images/","p":"img_6.png","e":0},{"id":"image_7","w":500,"h":500,"u":"images/","p":"img_7.png","e":0},{"id":"image_8","w":500,"h":500,"u":"images/","p":"img_8.png","e":0},{"id":"image_9","w":500,"h":500,"u":"images/","p":"img_9.png","e":0},{"id":"image_10","w":500,"h":500,"u":"images/","p":"img_10.png","e":0},{"id":"image_11","w":500,"h":500,"u":"images/","p":"img_11.png","e":0},{"id":"image_12","w":500,"h":500,"u":"images/","p":"img_12.png","e":0},{"id":"image_13","w":500,"h":500,"u":"images/","p":"img_13.png","e":0},{"id":"image_14","w":500,"h":500,"u":"images/","p":"img_14.png","e":0},{"id":"image_15","w":12,"h":12,"u":"images/","p":"img_15.png","e":0},{"id":"image_16","w":12,"h":12,"u":"images/","p":"img_16.png","e":0},{"id":"image_17","w":19,"h":6,"u":"images/","p":"img_17.png","e":0},{"id":"image_18","w":19,"h":6,"u":"images/","p":"img_18.png","e":0},{"id":"image_19","w":98,"h":117,"u":"images/","p":"img_19.png","e":0},{"id":"image_20","w":38,"h":63,"u":"images/","p":"img_20.png","e":0},{"id":"image_21","w":138,"h":376,"u":"images/","p":"img_21.png","e":0},{"id":"image_22","w":160,"h":216,"u":"images/","p":"img_22.png","e":0},{"id":"image_23","w":112,"h":55,"u":"images/","p":"img_23.png","e":0},{"id":"image_24","w":55,"h":191,"u":"images/","p":"img_24.png","e":0},{"id":"image_25","w":47,"h":175,"u":"images/","p":"img_25.png","e":0},{"id":"image_26","w":66,"h":61,"u":"images/","p":"img_26.png","e":0},{"id":"image_27","w":55,"h":191,"u":"images/","p":"img_27.png","e":0},{"id":"image_28","w":47,"h":175,"u":"images/","p":"img_28.png","e":0},{"id":"image_29","w":66,"h":61,"u":"images/","p":"img_29.png","e":0},{"id":"image_30","w":78,"h":119,"u":"images/","p":"img_30.png","e":0},{"id":"image_31","w":56,"h":102,"u":"images/","p":"img_31.png","e":0},{"id":"image_32","w":50,"h":74,"u":"images/","p":"img_32.png","e":0},{"id":"image_33","w":132,"h":81,"u":"images/","p":"img_33.png","e":0},{"id":"comp_0","nm":"usman","fr":29.9700012207031,"layers":[{"ddd":0,"ind":3,"ty":3,"nm":"C | body down","sr":1,"ks":{"o":{"a":0,"k":100,"ix":11},"r":{"a":0,"k":-0.136,"ix":10},"p":{"a":0,"k":[950.869,554.289,0],"ix":2,"l":2},"a":{"a":0,"k":[0,0,0],"ix":1,"l":2},"s":{"k":[{"s":[100,100,100],"t":0,"i":{"x":[1,1,1],"y":[1,1,1]},"o":{"x":[0,0,0],"y":[0,0,0]}},{"s":[100,100,100],"t":300,"i":{"x":[1,1,1],"y":[1,1,1]},"o":{"x":[0,0,0],"y":[0,0,0]}}],"l":2}},"ao":0,"ef":[{"ty":5,"nm":"Controller","np":14,"mn":"Pseudo/DUIK Ctrl v02","ix":1,"en":1,"ef":[{"ty":6,"nm":"Icon","mn":"Pseudo/DUIK Ctrl v02-0001","ix":1,"v":0},{"ty":2,"nm":"Color","mn":"Pseudo/DUIK Ctrl v02-0002","ix":2,"v":{"a":0,"k":[0.92549020052,0.0941176489,0.0941176489,1],"ix":2}},{"ty":3,"nm":"Position","mn":"Pseudo/DUIK Ctrl v02-0003","ix":3,"v":{"a":0,"k":[0,0],"ix":3}},{"ty":0,"nm":"Size","mn":"Pseudo/DUIK Ctrl v02-0004","ix":4,"v":{"a":0,"k":100,"ix":4}},{"ty":7,"nm":"Flip","mn":"Pseudo/DUIK Ctrl v02-0005","ix":5,"v":{"a":0,"k":0,"ix":5}},{"ty":0,"nm":"Orientation","mn":"Pseudo/DUIK Ctrl v02-0006","ix":6,"v":{"a":0,"k":0,"ix":6}},{"ty":0,"nm":"Opacity","mn":"Pseudo/DUIK Ctrl v02-0007","ix":7,"v":{"a":0,"k":100,"ix":7}},{"ty":6,"nm":"","mn":"Pseudo/DUIK Ctrl v02-0008","ix":8,"v":0},{"ty":6,"nm":"Anchor","mn":"Pseudo/DUIK Ctrl v02-0009","ix":9,"v":0},{"ty":2,"nm":"Color","mn":"Pseudo/DUIK Ctrl v02-0010","ix":10,"v":{"a":0,"k":[0,0,0,1],"ix":10}},{"ty":0,"nm":"Size","mn":"Pseudo/DUIK Ctrl v02-0011","ix":11,"v":{"a":0,"k":100,"ix":11}},{"ty":6,"nm":"","mn":"Pseudo/DUIK Ctrl v02-0012","ix":12,"v":0}]}],"ip":0,"op":312.000012708021,"st":0,"bm":0},{"ddd":0,"ind":6,"ty":0,"nm":"L hand 11","parent":7,"refId":"comp_1","sr":1,"ks":{"o":{"a":0,"k":100,"ix":11},"r":{"k":[{"s":[-81.057],"t":0,"i":{"x":[1],"y":[1]},"o":{"x":[0],"y":[0]}},{"s":[-78.71],"t":1,"i":{"x":[1],"y":[1]},"o":{"x":[0],"y":[0]}},{"s":[-76.047],"t":2,"i":{"x":[1],"y":[1]},"o":{"x":[0],"y":[0]}},{"s":[-73.153],"t":3,"i":{"x":[1],"y":[1]},"o":{"x":[0],"y":[0]}},{"s":[-70.033],"t":4,"i":{"x":[1],"y":[1]},"o":{"x":[0],"y":[0]}},{"s":[-66.66],"t":5,"i":{"x":[1],"y":[1]},"o":{"x":[0],"y":[0]}},{"s":[-63.013],"t":6,"i":{"x":[1],"y":[1]},"o":{"x":[0],"y":[0]}},{"s":[-59.053],"t":7,"i":{"x":[1],"y":[1]},"o":{"x":[0],"y":[0]}},{"s":[-54.728],"t":8,"i":{"x":[1],"y":[1]},"o":{"x":[0],"y":[0]}},{"s":[-49.947],"t":9,"i":{"x":[1],"y":[1]},"o":{"x":[0],"y":[0]}},{"s":[-44.594],"t":10,"i":{"x":[1],"y":[1]},"o":{"x":[0],"y":[0]}},{"s":[-38.366],"t":11,"i":{"x":[1],"y":[1]},"o":{"x":[0],"y":[0]}},{"s":[-46.807],"t":12,"i":{"x":[1],"y":[1]},"o":{"x":[0],"y":[0]}},{"s":[-54.042],"t":13,"i":{"x":[1],"y":[1]},"o":{"x":[0],"y":[0]}},{"s":[-60.401],"t":14,"i":{"x":[1],"y":[1]},"o":{"x":[0],"y":[0]}},{"s":[-66.125],"t":15,"i":{"x":[1],"y":[1]},"o":{"x":[0],"y":[0]}},{"s":[-71.341],"t":16,"i":{"x":[1],"y":[1]},"o":{"x":[0],"y":[0]}},{"s":[-76.132],"t":17,"i":{"x":[1],"y":[1]},"o":{"x":[0],"y":[0]}},{"s":[-80.553],"t":18,"i":{"x":[1],"y":[1]},"o":{"x":[0],"y":[0]}},{"s":[-84.583],"t":19,"i":{"x":[1],"y":[1]},"o":{"x":[0],"y":[0]}},{"s":[-88.076],"t":20,"i":{"x":[1],"y":[1]},"o":{"x":[0],"y":[0]}},{"s":[-90.986],"t":21,"i":{"x":[1],"y":[1]},"o":{"x":[0],"y":[0]}},{"s":[-93.317],"t":22,"i":{"x":[1],"y":[1]},"o":{"x":[0],"y":[0]}},{"s":[-95.229],"t":23,"i":{"x":[1],"y":[1]},"o":{"x":[0],"y":[0]}},{"s":[-96.991],"t":24,"i":{"x":[1],"y":[1]},"o":{"x":[0],"y":[0]}},{"s":[-99.011],"t":25,"i":{"x":[1],"y":[1]},"o":{"x":[0],"y":[0]}},{"s":[-101.829],"t":26,"i":{"x":[1],"y":[1]},"o":{"x":[0],"y":[0]}},{"s":[-101.998],"t":27,"i":{"x":[1],"y":[1]},"o":{"x":[0],"y":[0]}},{"s":[-102.16],"t":28,"i":{"x":[1],"y":[1]},"o":{"x":[0],"y":[0]}},{"s":[-102.318],"t":29,"i":{"x":[1],"y":[1]},"o":{"x":[0],"y":[0]}},{"s":[-102.474],"t":30,"i":{"x":[1],"y":[1]},"o":{"x":[0],"y":[0]}},{"s":[-102.627],"t":31,"i":{"x":[1],"y":[1]},"o":{"x":[0],"y":[0]}},{"s":[-102.705],"t":32,"i":{"x":[1],"y":[1]},"o":{"x":[0],"y":[0]}},{"s":[-102.554],"t":33,"i":{"x":[1],"y":[1]},"o":{"x":[0],"y":[0]}},{"s":[-102.4],"t":34,"i":{"x":[1],"y":[1]},"o":{"x":[0],"y":[0]}},{"s":[-102.243],"t":35,"i":{"x":[1],"y":[1]},"o":{"x":[0],"y":[0]}},{"s":[-102.081],"t":36,"i":{"x":[1],"y":[1]},"o":{"x":[0],"y":[0]}},{"s":[-101.915],"t":37,"i":{"x":[1],"y":[1]},"o":{"x":[0],"y":[0]}},{"s":[-101.746],"t":38,"i":{"x":[1],"y":[1]},"o":{"x":[0],"y":[0]}},{"s":[-101.573],"t":39,"i":{"x":[1],"y":[1]},"o":{"x":[0],"y":[0]}},{"s":[-101.398],"t":40,"i":{"x":[1],"y":[1]},"o":{"x":[0],"y":[0]}},{"s":[-101.219],"t":41,"i":{"x":[1],"y":[1]},"o":{"x":[0],"y":[0]}},{"s":[-101.035],"t":42,"i":{"x":[1],"y":[1]},"o":{"x":[0],"y":[0]}},{"s":[-100.847],"t":43,"i":{"x":[1],"y":[1]},"o":{"x":[0],"y":[0]}},{"s":[-100.656],"t":44,"i":{"x":[1],"y":[1]},"o":{"x":[0],"y":[0]}},{"s":[-100.461],"t":45,"i":{"x":[1],"y":[1]},"o":{"x":[0],"y":[0]}},{"s":[-100.262],"t":46,"i":{"x":[1],"y":[1]},"o":{"x":[0],"y":[0]}},{"s":[-100.06],"t":47,"i":{"x":[1],"y":[1]},"o":{"x":[0],"y":[0]}},{"s":[-99.854],"t":48,"i":{"x":[1],"y":[1]},"o":{"x":[0],"y":[0]}},{"s":[-99.644],"t":49,"i":{"x":[1],"y":[1]},"o":{"x":[0],"y":[0]}},{"s":[-99.431],"t":50,"i":{"x":[1],"y":[1]},"o":{"x":[0],"y":[0]}},{"s":[-99.214],"t":51,"i":{"x":[1],"y":[1]},"o":{"x":[0],"y":[0]}},{"s":[-98.994],"t":52,"i":{"x":[1],"y":[1]},"o":{"x":[0],"y":[0]}},{"s":[-98.769],"t":53,"i":{"x":[1],"y":[1]},"o":{"x":[0],"y":[0]}},{"s":[-98.541],"t":54,"i":{"x":[1],"y":[1]},"o":{"x":[0],"y":[0]}},{"s":[-98.309],"t":55,"i":{"x":[1],"y":[1]},"o":{"x":[0],"y":[0]}},{"s":[-98.074],"t":56,"i":{"x":[1],"y":[1]},"o":{"x":[0],"y":[0]}},{"s":[-97.835],"t":57,"i":{"x":[1],"y":[1]},"o":{"x":[0],"y":[0]}},{"s":[-97.592],"t":58,"i":{"x":[1],"y":[1]},"o":{"x":[0],"y":[0]}},{"s":[-97.346],"t":59,"i":{"x":[1],"y":[1]},"o":{"x":[0],"y":[0]}},{"s":[-97.463],"t":60,"i":{"x":[1],"y":[1]},"o":{"x":[0],"y":[0]}},{"s":[-97.708],"t":61,"i":{"x":[1],"y":[1]},"o":{"x":[0],"y":[0]}},{"s":[-97.949],"t":62,"i":{"x":[1],"y":[1]},"o":{"x":[0],"y":[0]}},{"s":[-98.186],"t":63,"i":{"x":[1],"y":[1]},"o":{"x":[0],"y":[0]}},{"s":[-98.42],"t":64,"i":{"x":[1],"y":[1]},"o":{"x":[0],"y":[0]}},{"s":[-98.65],"t":65,"i":{"x":[1],"y":[1]},"o":{"x":[0],"y":[0]}},{"s":[-98.876],"t":66,"i":{"x":[1],"y":[1]},"o":{"x":[0],"y":[0]}},{"s":[-99.099],"t":67,"i":{"x":[1],"y":[1]},"o":{"x":[0],"y":[0]}},{"s":[-99.318],"t":68,"i":{"x":[1],"y":[1]},"o":{"x":[0],"y":[0]}},{"s":[-99.534],"t":69,"i":{"x":[1],"y":[1]},"o":{"x":[0],"y":[0]}},{"s":[-99.747],"t":70,"i":{"x":[1],"y":[1]},"o":{"x":[0],"y":[0]}},{"s":[-99.956],"t":71,"i":{"x":[1],"y":[1]},"o":{"x":[0],"y":[0]}},{"s":[-100.161],"t":72,"i":{"x":[1],"y":[1]},"o":{"x":[0],"y":[0]}},{"s":[-100.362],"t":73,"i":{"x":[1],"y":[1]},"o":{"x":[0],"y":[0]}},{"s":[-100.558],"t":74,"i":{"x":[1],"y":[1]},"o":{"x":[0],"y":[0]}},{"s":[-100.75],"t":75,"i":{"x":[1],"y":[1]},"o":{"x":[0],"y":[0]}},{"s":[-100.938],"t":76,"i":{"x":[1],"y":[1]},"o":{"x":[0],"y":[0]}},{"s":[-101.122],"t":77,"i":{"x":[1],"y":[1]},"o":{"x":[0],"y":[0]}},{"s":[-101.303],"t":78,"i":{"x":[1],"y":[1]},"o":{"x":[0],"y":[0]}},{"s":[-101.48],"t":79,"i":{"x":[1],"y":[1]},"o":{"x":[0],"y":[0]}},{"s":[-101.656],"t":80,"i":{"x":[1],"y":[1]},"o":{"x":[0],"y":[0]}},{"s":[-101.829],"t":81,"i":{"x":[1],"y":[1]},"o":{"x":[0],"y":[0]}},{"s":[-107.058],"t":82,"i":{"x":[1],"y":[1]},"o":{"x":[0],"y":[0]}},{"s":[-113.007],"t":83,"i":{"x":[1],"y":[1]},"o":{"x":[0],"y":[0]}},{"s":[-118.503],"t":84,"i":{"x":[1],"y":[1]},"o":{"x":[0],"y":[0]}},{"s":[-123.234],"t":85,"i":{"x":[1],"y":[1]},"o":{"x":[0],"y":[0]}},{"s":[-127],"t":86,"i":{"x":[1],"y":[1]},"o":{"x":[0],"y":[0]}},{"s":[-129.672],"t":87,"i":{"x":[1],"y":[1]},"o":{"x":[0],"y":[0]}},{"s":[-131.204],"t":88,"i":{"x":[1],"y":[1]},"o":{"x":[0],"y":[0]}},{"s":[-131.793],"t":89,"i":{"x":[1],"y":[1]},"o":{"x":[0],"y":[0]}},{"s":[-132.562],"t":90,"i":{"x":[1],"y":[1]},"o":{"x":[0],"y":[0]}},{"s":[-132.291],"t":91,"i":{"x":[1],"y":[1]},"o":{"x":[0],"y":[0]}}]},"p":{"k":[{"s":[21.475,106.612,0],"t":0,"i":{"x":1,"y":1},"o":{"x":0,"y":0}},{"s":[21.475,106.612,0],"t":300,"i":{"x":1,"y":1},"o":{"x":0,"y":0}}],"l":2},"a":{"a":0,"k":[16.014,9.389,0],"ix":1,"l":2},"s":{"a":0,"k":[100,100,100],"ix":6,"l":2}},"ao":0,"ef":[{"ty":5,"nm":"IK","np":3,"mn":"Pseudo/DUIK ik","ix":1,"en":1,"ef":[{"ty":10,"nm":"Controller","mn":"Pseudo/DUIK ik-0001","ix":1,"v":{"a":0,"k":5,"ix":1}}]}],"w":32,"h":104,"ip":0,"op":300.00001221925,"st":0,"bm":0},{"ddd":0,"ind":7,"ty":0,"nm":"L hand 1","parent":15,"refId":"comp_2","sr":1,"ks":{"o":{"a":0,"k":100,"ix":11},"r":{"k":[{"s":[769.701],"t":0,"i":{"x":[1],"y":[1]},"o":{"x":[0],"y":[0]}},{"s":[766.769],"t":1,"i":{"x":[1],"y":[1]},"o":{"x":[0],"y":[0]}},{"s":[763.783],"t":2,"i":{"x":[1],"y":[1]},"o":{"x":[0],"y":[0]}},{"s":[760.756],"t":3,"i":{"x":[1],"y":[1]},"o":{"x":[0],"y":[0]}},{"s":[757.692],"t":4,"i":{"x":[1],"y":[1]},"o":{"x":[0],"y":[0]}},{"s":[754.571],"t":5,"i":{"x":[1],"y":[1]},"o":{"x":[0],"y":[0]}},{"s":[751.38],"t":6,"i":{"x":[1],"y":[1]},"o":{"x":[0],"y":[0]}},{"s":[748.1],"t":7,"i":{"x":[1],"y":[1]},"o":{"x":[0],"y":[0]}},{"s":[744.703],"t":8,"i":{"x":[1],"y":[1]},"o":{"x":[0],"y":[0]}},{"s":[741.142],"t":9,"i":{"x":[1],"y":[1]},"o":{"x":[0],"y":[0]}},{"s":[737.361],"t":10,"i":{"x":[1],"y":[1]},"o":{"x":[0],"y":[0]}},{"s":[733.227],"t":11,"i":{"x":[1],"y":[1]},"o":{"x":[0],"y":[0]}},{"s":[738.565],"t":12,"i":{"x":[1],"y":[1]},"o":{"x":[0],"y":[0]}},{"s":[743.371],"t":13,"i":{"x":[1],"y":[1]},"o":{"x":[0],"y":[0]}},{"s":[747.831],"t":14,"i":{"x":[1],"y":[1]},"o":{"x":[0],"y":[0]}},{"s":[752.075],"t":15,"i":{"x":[1],"y":[1]},"o":{"x":[0],"y":[0]}},{"s":[756.169],"t":16,"i":{"x":[1],"y":[1]},"o":{"x":[0],"y":[0]}},{"s":[760.166],"t":17,"i":{"x":[1],"y":[1]},"o":{"x":[0],"y":[0]}},{"s":[764.102],"t":18,"i":{"x":[1],"y":[1]},"o":{"x":[0],"y":[0]}},{"s":[768],"t":19,"i":{"x":[1],"y":[1]},"o":{"x":[0],"y":[0]}},{"s":[763.313],"t":20,"i":{"x":[1],"y":[1]},"o":{"x":[0],"y":[0]}},{"s":[758.102],"t":21,"i":{"x":[1],"y":[1]},"o":{"x":[0],"y":[0]}},{"s":[752.403],"t":22,"i":{"x":[1],"y":[1]},"o":{"x":[0],"y":[0]}},{"s":[746.329],"t":23,"i":{"x":[1],"y":[1]},"o":{"x":[0],"y":[0]}},{"s":[740.045],"t":24,"i":{"x":[1],"y":[1]},"o":{"x":[0],"y":[0]}},{"s":[733.768],"t":25,"i":{"x":[1],"y":[1]},"o":{"x":[0],"y":[0]}},{"s":[727.775],"t":26,"i":{"x":[1],"y":[1]},"o":{"x":[0],"y":[0]}},{"s":[726.906],"t":29,"i":{"x":[1],"y":[1]},"o":{"x":[0],"y":[0]}},{"s":[726.309],"t":31,"i":{"x":[1],"y":[1]},"o":{"x":[0],"y":[0]}},{"s":[726.751],"t":34,"i":{"x":[1],"y":[1]},"o":{"x":[0],"y":[0]}},{"s":[727.338],"t":36,"i":{"x":[1],"y":[1]},"o":{"x":[0],"y":[0]}},{"s":[727.914],"t":38,"i":{"x":[1],"y":[1]},"o":{"x":[0],"y":[0]}},{"s":[728.473],"t":40,"i":{"x":[1],"y":[1]},"o":{"x":[0],"y":[0]}},{"s":[729.021],"t":42,"i":{"x":[1],"y":[1]},"o":{"x":[0],"y":[0]}},{"s":[729.557],"t":44,"i":{"x":[1],"y":[1]},"o":{"x":[0],"y":[0]}},{"s":[730.081],"t":46,"i":{"x":[1],"y":[1]},"o":{"x":[0],"y":[0]}},{"s":[730.591],"t":48,"i":{"x":[1],"y":[1]},"o":{"x":[0],"y":[0]}},{"s":[731.088],"t":50,"i":{"x":[1],"y":[1]},"o":{"x":[0],"y":[0]}},{"s":[731.809],"t":53,"i":{"x":[1],"y":[1]},"o":{"x":[0],"y":[0]}},{"s":[732.5],"t":56,"i":{"x":[1],"y":[1]},"o":{"x":[0],"y":[0]}},{"s":[731.931],"t":65,"i":{"x":[1],"y":[1]},"o":{"x":[0],"y":[0]}},{"s":[731.216],"t":68,"i":{"x":[1],"y":[1]},"o":{"x":[0],"y":[0]}},{"s":[730.719],"t":70,"i":{"x":[1],"y":[1]},"o":{"x":[0],"y":[0]}},{"s":[730.21],"t":72,"i":{"x":[1],"y":[1]},"o":{"x":[0],"y":[0]}},{"s":[729.69],"t":74,"i":{"x":[1],"y":[1]},"o":{"x":[0],"y":[0]}},{"s":[729.161],"t":76,"i":{"x":[1],"y":[1]},"o":{"x":[0],"y":[0]}},{"s":[728.62],"t":78,"i":{"x":[1],"y":[1]},"o":{"x":[0],"y":[0]}},{"s":[728.062],"t":80,"i":{"x":[1],"y":[1]},"o":{"x":[0],"y":[0]}},{"s":[727.775],"t":81,"i":{"x":[1],"y":[1]},"o":{"x":[0],"y":[0]}},{"s":[723.83],"t":82,"i":{"x":[1],"y":[1]},"o":{"x":[0],"y":[0]}},{"s":[720.08],"t":83,"i":{"x":[1],"y":[1]},"o":{"x":[0],"y":[0]}},{"s":[715.392],"t":84,"i":{"x":[1],"y":[1]},"o":{"x":[0],"y":[0]}},{"s":[709.387],"t":85,"i":{"x":[1],"y":[1]},"o":{"x":[0],"y":[0]}},{"s":[701.916],"t":86,"i":{"x":[1],"y":[1]},"o":{"x":[0],"y":[0]}},{"s":[692.996],"t":87,"i":{"x":[1],"y":[1]},"o":{"x":[0],"y":[0]}},{"s":[682.896],"t":88,"i":{"x":[1],"y":[1]},"o":{"x":[0],"y":[0]}},{"s":[672.072],"t":89,"i":{"x":[1],"y":[1]},"o":{"x":[0],"y":[0]}},{"s":[661.234],"t":90,"i":{"x":[1],"y":[1]},"o":{"x":[0],"y":[0]}},{"s":[638.574],"t":91,"i":{"x":[1],"y":[1]},"o":{"x":[0],"y":[0]}}]},"p":{"a":0,"k":[12.195,46.709,0],"ix":2,"l":2},"a":{"a":0,"k":[27.841,17.53,0],"ix":1,"l":2},"s":{"a":0,"k":[100,100,100],"ix":6,"l":2}},"ao":0,"ef":[{"ty":5,"nm":"IK","np":3,"mn":"Pseudo/DUIK ik","ix":1,"en":1,"ef":[{"ty":10,"nm":"Controller","mn":"Pseudo/DUIK ik-0001","ix":1,"v":{"a":0,"k":5,"ix":1}}]}],"w":51,"h":123,"ip":0,"op":300.00001221925,"st":0,"bm":0},{"ddd":0,"ind":8,"ty":2,"nm":"L hand 111","parent":6,"refId":"image_2","sr":1,"ks":{"o":{"a":0,"k":100,"ix":11},"r":{"k":[{"s":[-703.632],"t":1,"i":{"x":[1],"y":[1]},"o":{"x":[0],"y":[0]}},{"s":[-703.941],"t":6,"i":{"x":[1],"y":[1]},"o":{"x":[0],"y":[0]}},{"s":[-704.62],"t":7,"i":{"x":[1],"y":[1]},"o":{"x":[0],"y":[0]}},{"s":[-705.549],"t":8,"i":{"x":[1],"y":[1]},"o":{"x":[0],"y":[0]}},{"s":[-706.768],"t":9,"i":{"x":[1],"y":[1]},"o":{"x":[0],"y":[0]}},{"s":[-708.34],"t":10,"i":{"x":[1],"y":[1]},"o":{"x":[0],"y":[0]}},{"s":[-710.434],"t":11,"i":{"x":[1],"y":[1]},"o":{"x":[0],"y":[0]}},{"s":[-707.331],"t":12,"i":{"x":[1],"y":[1]},"o":{"x":[0],"y":[0]}},{"s":[-704.903],"t":13,"i":{"x":[1],"y":[1]},"o":{"x":[0],"y":[0]}},{"s":[-703.004],"t":14,"i":{"x":[1],"y":[1]},"o":{"x":[0],"y":[0]}},{"s":[-701.523],"t":15,"i":{"x":[1],"y":[1]},"o":{"x":[0],"y":[0]}},{"s":[-700.402],"t":16,"i":{"x":[1],"y":[1]},"o":{"x":[0],"y":[0]}},{"s":[-699.607],"t":17,"i":{"x":[1],"y":[1]},"o":{"x":[0],"y":[0]}},{"s":[-699.122],"t":18,"i":{"x":[1],"y":[1]},"o":{"x":[0],"y":[0]}},{"s":[-704.234],"t":19,"i":{"x":[1],"y":[1]},"o":{"x":[0],"y":[0]}},{"s":[-701.3],"t":20,"i":{"x":[1],"y":[1]},"o":{"x":[0],"y":[0]}},{"s":[-698.423],"t":21,"i":{"x":[1],"y":[1]},"o":{"x":[0],"y":[0]}},{"s":[-695.638],"t":22,"i":{"x":[1],"y":[1]},"o":{"x":[0],"y":[0]}},{"s":[-692.897],"t":23,"i":{"x":[1],"y":[1]},"o":{"x":[0],"y":[0]}},{"s":[-690.096],"t":24,"i":{"x":[1],"y":[1]},"o":{"x":[0],"y":[0]}},{"s":[-687.043],"t":25,"i":{"x":[1],"y":[1]},"o":{"x":[0],"y":[0]}},{"s":[-683.477],"t":26,"i":{"x":[1],"y":[1]},"o":{"x":[0],"y":[0]}},{"s":[-688.261],"t":27,"i":{"x":[1],"y":[1]},"o":{"x":[0],"y":[0]}},{"s":[-702.647],"t":30,"i":{"x":[1],"y":[1]},"o":{"x":[0],"y":[0]}},{"s":[-707.437],"t":31,"i":{"x":[1],"y":[1]},"o":{"x":[0],"y":[0]}},{"s":[-707.797],"t":34,"i":{"x":[1],"y":[1]},"o":{"x":[0],"y":[0]}},{"s":[-708.498],"t":36,"i":{"x":[1],"y":[1]},"o":{"x":[0],"y":[0]}},{"s":[-709.204],"t":38,"i":{"x":[1],"y":[1]},"o":{"x":[0],"y":[0]}},{"s":[-709.905],"t":40,"i":{"x":[1],"y":[1]},"o":{"x":[0],"y":[0]}},{"s":[-710.611],"t":42,"i":{"x":[1],"y":[1]},"o":{"x":[0],"y":[0]}},{"s":[-711.32],"t":44,"i":{"x":[1],"y":[1]},"o":{"x":[0],"y":[0]}},{"s":[-712.031],"t":46,"i":{"x":[1],"y":[1]},"o":{"x":[0],"y":[0]}},{"s":[-712.388],"t":47,"i":{"x":[1],"y":[1]},"o":{"x":[0],"y":[0]}},{"s":[-712.744],"t":48,"i":{"x":[1],"y":[1]},"o":{"x":[0],"y":[0]}},{"s":[-713.459],"t":50,"i":{"x":[1],"y":[1]},"o":{"x":[0],"y":[0]}},{"s":[-713.816],"t":51,"i":{"x":[1],"y":[1]},"o":{"x":[0],"y":[0]}},{"s":[-714.174],"t":52,"i":{"x":[1],"y":[1]},"o":{"x":[0],"y":[0]}},{"s":[-714.533],"t":53,"i":{"x":[1],"y":[1]},"o":{"x":[0],"y":[0]}},{"s":[-715.252],"t":55,"i":{"x":[1],"y":[1]},"o":{"x":[0],"y":[0]}},{"s":[-715.611],"t":56,"i":{"x":[1],"y":[1]},"o":{"x":[0],"y":[0]}},{"s":[-715.971],"t":57,"i":{"x":[1],"y":[1]},"o":{"x":[0],"y":[0]}},{"s":[-716.331],"t":58,"i":{"x":[1],"y":[1]},"o":{"x":[0],"y":[0]}},{"s":[-715.802],"t":61,"i":{"x":[1],"y":[1]},"o":{"x":[0],"y":[0]}},{"s":[-715.236],"t":62,"i":{"x":[1],"y":[1]},"o":{"x":[0],"y":[0]}},{"s":[-714.106],"t":64,"i":{"x":[1],"y":[1]},"o":{"x":[0],"y":[0]}},{"s":[-713.541],"t":65,"i":{"x":[1],"y":[1]},"o":{"x":[0],"y":[0]}},{"s":[-712.976],"t":66,"i":{"x":[1],"y":[1]},"o":{"x":[0],"y":[0]}},{"s":[-711.849],"t":68,"i":{"x":[1],"y":[1]},"o":{"x":[0],"y":[0]}},{"s":[-710.152],"t":71,"i":{"x":[1],"y":[1]},"o":{"x":[0],"y":[0]}},{"s":[-709.588],"t":72,"i":{"x":[1],"y":[1]},"o":{"x":[0],"y":[0]}},{"s":[-709.026],"t":73,"i":{"x":[1],"y":[1]},"o":{"x":[0],"y":[0]}},{"s":[-707.508],"t":74,"i":{"x":[1],"y":[1]},"o":{"x":[0],"y":[0]}},{"s":[-704.476],"t":76,"i":{"x":[1],"y":[1]},"o":{"x":[0],"y":[0]}},{"s":[-699.931],"t":79,"i":{"x":[1],"y":[1]},"o":{"x":[0],"y":[0]}},{"s":[-698.413],"t":80,"i":{"x":[1],"y":[1]},"o":{"x":[0],"y":[0]}},{"s":[-709.37],"t":81,"i":{"x":[1],"y":[1]},"o":{"x":[0],"y":[0]}},{"s":[-711.614],"t":82,"i":{"x":[1],"y":[1]},"o":{"x":[0],"y":[0]}},{"s":[-713.332],"t":83,"i":{"x":[1],"y":[1]},"o":{"x":[0],"y":[0]}},{"s":[-714.566],"t":84,"i":{"x":[1],"y":[1]},"o":{"x":[0],"y":[0]}},{"s":[-715.247],"t":85,"i":{"x":[1],"y":[1]},"o":{"x":[0],"y":[0]}},{"s":[-714.854],"t":90,"i":{"x":[1],"y":[1]},"o":{"x":[0],"y":[0]}},{"s":[-703.883],"t":91,"i":{"x":[1],"y":[1]},"o":{"x":[0],"y":[0]}}]},"p":{"k":[{"s":[14.023,92.736,0],"t":0,"i":{"x":1,"y":1},"o":{"x":0,"y":0}},{"s":[14.023,92.736,0],"t":300,"i":{"x":1,"y":1},"o":{"x":0,"y":0}}],"l":2},"a":{"a":0,"k":[7.696,7.781,0],"ix":1,"l":2},"s":{"a":0,"k":[100,100,100],"ix":6,"l":2}},"ao":0,"ef":[{"ty":5,"nm":"IK","np":3,"mn":"Pseudo/DUIK ik","ix":1,"en":1,"ef":[{"ty":10,"nm":"Controller","mn":"Pseudo/DUIK ik-0001","ix":1,"v":{"a":0,"k":5,"ix":1}}]}],"ip":0,"op":312.000012708021,"st":0,"bm":0},{"ddd":0,"ind":9,"ty":4,"nm":"Shape Layer 1","td":1,"sr":1,"ks":{"o":{"a":0,"k":100,"ix":11},"r":{"a":0,"k":0,"ix":10},"p":{"a":0,"k":[960,540,0],"ix":2,"l":2},"a":{"a":0,"k":[0,0,0],"ix":1,"l":2},"s":{"a":0,"k":[100,100,100],"ix":6,"l":2}},"ao":0,"shapes":[{"ty":"gr","it":[{"ind":0,"ty":"sh","ix":1,"ks":{"a":0,"k":{"i":[[0,0],[0,0],[0,0],[0,0],[0,0]],"o":[[0,0],[0,0],[0,0],[0,0],[0,0]],"v":[[-38.75,-10.75],[-60.25,-25.25],[-65.5,79],[-1.75,48.5],[2.5,8]],"c":true},"ix":2},"nm":"Path 1","mn":"ADBE Vector Shape - Group","hd":false},{"ty":"st","c":{"a":0,"k":[1,1,1,1],"ix":3},"o":{"a":0,"k":100,"ix":4},"w":{"a":0,"k":2,"ix":5},"lc":1,"lj":1,"ml":4,"bm":0,"nm":"Stroke 1","mn":"ADBE Vector Graphic - Stroke","hd":false},{"ty":"fl","c":{"a":0,"k":[1,0.03529400171,0.03529400171,1],"ix":4},"o":{"a":0,"k":100,"ix":5},"r":1,"bm":0,"nm":"Fill 1","mn":"ADBE Vector Graphic - Fill","hd":false},{"ty":"tr","p":{"a":0,"k":[0,0],"ix":2},"a":{"a":0,"k":[0,0],"ix":1},"s":{"a":0,"k":[100,100],"ix":3},"r":{"a":0,"k":0,"ix":6},"o":{"a":0,"k":100,"ix":7},"sk":{"a":0,"k":0,"ix":4},"sa":{"a":0,"k":0,"ix":5},"nm":"Transform"}],"nm":"Shape 1","np":3,"cix":2,"bm":0,"ix":1,"mn":"ADBE Vector Group","hd":false}],"ip":0,"op":19.0000007738859,"st":0,"bm":0},{"ddd":0,"ind":10,"ty":2,"nm":"Asset 7.png","cl":"png","parent":8,"tt":2,"refId":"image_3","sr":1,"ks":{"o":{"a":0,"k":100,"ix":11},"r":{"a":1,"k":[{"i":{"x":[0.833],"y":[0.833]},"o":{"x":[0.167],"y":[0.167]},"t":19,"s":[55.803]},{"i":{"x":[0.833],"y":[0.833]},"o":{"x":[0.167],"y":[0.167]},"t":26,"s":[128.083]},{"i":{"x":[0.833],"y":[0.833]},"o":{"x":[0.167],"y":[0.167]},"t":80,"s":[133.915]},{"t":91.000003706506,"s":[198.002]}],"ix":10},"p":{"a":0,"k":[15.337,27.882,0],"ix":2,"l":2},"a":{"a":0,"k":[93.5,102,0],"ix":1,"l":2},"s":{"a":0,"k":[30.392,30.392,100],"ix":6,"l":2}},"ao":0,"ip":11.0000004480392,"op":312.000012708021,"st":0,"bm":0},{"ddd":0,"ind":11,"ty":0,"nm":"Pre-comp 2","parent":15,"refId":"comp_3","sr":1,"ks":{"o":{"a":0,"k":100,"ix":11},"r":{"a":1,"k":[{"i":{"x":[0.833],"y":[0.833]},"o":{"x":[0.167],"y":[0.167]},"t":80,"s":[12.872]},{"i":{"x":[0.833],"y":[0.833]},"o":{"x":[0.167],"y":[0.167]},"t":91,"s":[-11.317]},{"i":{"x":[0.833],"y":[0.833]},"o":{"x":[0.167],"y":[0.167]},"t":111,"s":[-8.969]},{"i":{"x":[0.833],"y":[0.833]},"o":{"x":[0.167],"y":[0.167]},"t":135,"s":[-11.502]},{"i":{"x":[0.833],"y":[0.833]},"o":{"x":[0.167],"y":[0.167]},"t":164,"s":[-10.01]},{"t":195.000007942513,"s":[-11.758]}],"ix":10},"p":{"a":0,"k":[91.429,14.471,0],"ix":2,"l":2},"a":{"a":0,"k":[94.632,156.75,0],"ix":1,"l":2},"s":{"a":0,"k":[100,100,100],"ix":6,"l":2}},"ao":0,"w":173,"h":176,"ip":0,"op":300.00001221925,"st":0,"bm":0},{"ddd":0,"ind":13,"ty":0,"nm":"neck","parent":15,"refId":"comp_7","sr":1,"ks":{"o":{"a":0,"k":100,"ix":11},"r":{"a":0,"k":0,"ix":10},"p":{"a":0,"k":[82.742,8.443,0],"ix":2,"l":2},"a":{"a":0,"k":[17.445,46.355,0],"ix":1,"l":2},"s":{"a":0,"k":[100,100,100],"ix":6,"l":2}},"ao":0,"w":35,"h":57,"ip":0,"op":300.00001221925,"st":0,"bm":0},{"ddd":0,"ind":14,"ty":2,"nm":"Layer 9","parent":15,"refId":"image_21","sr":1,"ks":{"o":{"a":0,"k":100,"ix":11},"r":{"a":0,"k":0,"ix":10},"p":{"a":0,"k":[83.933,13.822,0],"ix":2,"l":2},"a":{"a":0,"k":[60.738,2.972,0],"ix":1,"l":2},"s":{"a":0,"k":[100,100,100],"ix":6,"l":2}},"ao":0,"hasMask":true,"masksProperties":[{"inv":false,"mode":"n","pt":{"a":0,"k":{"i":[[0,0]],"o":[[0,0]],"v":[[-69.245,205.796]],"c":false},"ix":1},"o":{"a":0,"k":100,"ix":3},"x":{"a":0,"k":0,"ix":4},"nm":"Mask 1"}],"ip":0,"op":319.000012993136,"st":0,"bm":0},{"ddd":0,"ind":15,"ty":0,"nm":"body","parent":16,"refId":"comp_8","sr":1,"ks":{"o":{"a":0,"k":100,"ix":11},"r":{"a":0,"k":0,"ix":10},"p":{"a":0,"k":[57.276,11.561,0],"ix":2,"l":2},"a":{"a":0,"k":[87.594,196.08,0],"ix":1,"l":2},"s":{"a":0,"k":[100,100,100],"ix":6,"l":2}},"ao":0,"w":160,"h":216,"ip":0,"op":300.00001221925,"st":0,"bm":0},{"ddd":0,"ind":16,"ty":0,"nm":"body down","parent":3,"refId":"comp_9","sr":1,"ks":{"o":{"a":0,"k":100,"ix":11},"r":{"a":0,"k":0,"ix":10},"p":{"a":0,"k":[0,0,0],"ix":2,"l":2},"a":{"a":0,"k":[55.512,27.228,0],"ix":1,"l":2},"s":{"a":0,"k":[100,100,100],"ix":6,"l":2}},"ao":0,"w":112,"h":55,"ip":0,"op":300.00001221925,"st":0,"bm":0},{"ddd":0,"ind":17,"ty":0,"nm":"L leg 1","parent":16,"refId":"comp_10","sr":1,"ks":{"o":{"a":0,"k":100,"ix":11},"r":{"k":[{"s":[0.044],"t":0,"i":{"x":[1],"y":[1]},"o":{"x":[0],"y":[0]}},{"s":[0.044],"t":300,"i":{"x":[1],"y":[1]},"o":{"x":[0],"y":[0]}}]},"p":{"a":0,"k":[28.228,29.348,0],"ix":2,"l":2},"a":{"a":0,"k":[28.131,27.282,0],"ix":1,"l":2},"s":{"a":0,"k":[100,100,100],"ix":6,"l":2}},"ao":0,"ef":[{"ty":5,"nm":"IK","np":3,"mn":"Pseudo/DUIK ik","ix":1,"en":1,"ef":[{"ty":10,"nm":"Controller","mn":"Pseudo/DUIK ik-0001","ix":1,"v":{"a":0,"k":2,"ix":1}}]}],"w":55,"h":191,"ip":0,"op":300.00001221925,"st":0,"bm":0},{"ddd":0,"ind":18,"ty":0,"nm":"L leg 11","parent":17,"refId":"comp_11","sr":1,"ks":{"o":{"a":0,"k":100,"ix":11},"r":{"k":[{"s":[0.531],"t":0,"i":{"x":[1],"y":[1]},"o":{"x":[0],"y":[0]}},{"s":[0.531],"t":300,"i":{"x":[1],"y":[1]},"o":{"x":[0],"y":[0]}}]},"p":{"k":[{"s":[26.794,167.135,0],"t":0,"i":{"x":1,"y":1},"o":{"x":0,"y":0}},{"s":[26.794,167.135,0],"t":300,"i":{"x":1,"y":1},"o":{"x":0,"y":0}}],"l":2},"a":{"a":0,"k":[23.11,13.364,0],"ix":1,"l":2},"s":{"a":0,"k":[100,100,100],"ix":6,"l":2}},"ao":0,"ef":[{"ty":5,"nm":"IK","np":3,"mn":"Pseudo/DUIK ik","ix":1,"en":1,"ef":[{"ty":10,"nm":"Controller","mn":"Pseudo/DUIK ik-0001","ix":1,"v":{"a":0,"k":2,"ix":1}}]}],"w":47,"h":175,"ip":0,"op":300.00001221925,"st":0,"bm":0},{"ddd":0,"ind":19,"ty":0,"nm":"L shoes 111","parent":18,"refId":"comp_12","sr":1,"ks":{"o":{"a":0,"k":100,"ix":11},"r":{"k":[{"s":[-2.921],"t":0,"i":{"x":[1],"y":[1]},"o":{"x":[0],"y":[0]}},{"s":[-2.921],"t":300,"i":{"x":[1],"y":[1]},"o":{"x":[0],"y":[0]}}]},"p":{"k":[{"s":[23.062,175.846,0],"t":0,"i":{"x":1,"y":1},"o":{"x":0,"y":0}},{"s":[23.062,175.846,0],"t":300,"i":{"x":1,"y":1},"o":{"x":0,"y":0}}],"l":2},"a":{"a":0,"k":[12.302,21.598,0],"ix":1,"l":2},"s":{"a":0,"k":[100,100,100],"ix":6,"l":2}},"ao":0,"ef":[{"ty":5,"nm":"IK","np":3,"mn":"Pseudo/DUIK ik","ix":1,"en":1,"ef":[{"ty":10,"nm":"Controller","mn":"Pseudo/DUIK ik-0001","ix":1,"v":{"a":0,"k":2,"ix":1}}]}],"w":70,"h":57,"ip":0,"op":300.00001221925,"st":0,"bm":0},{"ddd":0,"ind":20,"ty":0,"nm":"R leg 1","parent":16,"refId":"comp_13","sr":1,"ks":{"o":{"a":0,"k":100,"ix":11},"r":{"k":[{"s":[712.618],"t":0,"i":{"x":[1],"y":[1]},"o":{"x":[0],"y":[0]}},{"s":[712.618],"t":300,"i":{"x":[1],"y":[1]},"o":{"x":[0],"y":[0]}}]},"p":{"a":0,"k":[85.046,30.598,0],"ix":2,"l":2},"a":{"a":0,"k":[29.867,25.014,0],"ix":1,"l":2},"s":{"a":0,"k":[100,100,100],"ix":6,"l":2}},"ao":0,"ef":[{"ty":5,"nm":"IK","np":3,"mn":"Pseudo/DUIK ik","ix":1,"en":1,"ef":[{"ty":10,"nm":"Controller","mn":"Pseudo/DUIK ik-0001","ix":1,"v":{"a":0,"k":0,"ix":1}}]},{"ty":5,"nm":"IK 2","np":3,"mn":"Pseudo/DUIK ik","ix":2,"en":1,"ef":[{"ty":10,"nm":"Controller","mn":"Pseudo/DUIK ik-0001","ix":1,"v":{"a":0,"k":0,"ix":1}}]},{"ty":5,"nm":"IK 3","np":3,"mn":"Pseudo/DUIK ik","ix":3,"en":1,"ef":[{"ty":10,"nm":"Controller","mn":"Pseudo/DUIK ik-0001","ix":1,"v":{"a":0,"k":1,"ix":1}}]}],"w":55,"h":191,"ip":0,"op":300.00001221925,"st":0,"bm":0},{"ddd":0,"ind":21,"ty":0,"nm":"R leg 11","parent":20,"refId":"comp_14","sr":1,"ks":{"o":{"a":0,"k":100,"ix":11},"r":{"k":[{"s":[8.699],"t":0,"i":{"x":[1],"y":[1]},"o":{"x":[0],"y":[0]}},{"s":[8.699],"t":300,"i":{"x":[1],"y":[1]},"o":{"x":[0],"y":[0]}}]},"p":{"k":[{"s":[28.176,167.782,0],"t":0,"i":{"x":1,"y":1},"o":{"x":0,"y":0}},{"s":[28.176,167.782,0],"t":300,"i":{"x":1,"y":1},"o":{"x":0,"y":0}}],"l":2},"a":{"a":0,"k":[24.095,15.001,0],"ix":1,"l":2},"s":{"a":0,"k":[100,100,100],"ix":6,"l":2}},"ao":0,"ef":[{"ty":5,"nm":"IK","np":3,"mn":"Pseudo/DUIK ik","ix":1,"en":1,"ef":[{"ty":10,"nm":"Controller","mn":"Pseudo/DUIK ik-0001","ix":1,"v":{"a":0,"k":0,"ix":1}}]},{"ty":5,"nm":"IK 2","np":3,"mn":"Pseudo/DUIK ik","ix":2,"en":1,"ef":[{"ty":10,"nm":"Controller","mn":"Pseudo/DUIK ik-0001","ix":1,"v":{"a":0,"k":0,"ix":1}}]},{"ty":5,"nm":"IK 3","np":3,"mn":"Pseudo/DUIK ik","ix":3,"en":1,"ef":[{"ty":10,"nm":"Controller","mn":"Pseudo/DUIK ik-0001","ix":1,"v":{"a":0,"k":1,"ix":1}}]}],"w":47,"h":175,"ip":0,"op":300.00001221925,"st":0,"bm":0},{"ddd":0,"ind":22,"ty":0,"nm":"R shoes 111","parent":21,"refId":"comp_15","sr":1,"ks":{"o":{"a":0,"k":100,"ix":11},"r":{"k":[{"s":[714.801],"t":1,"i":{"x":[1],"y":[1]},"o":{"x":[0],"y":[0]}},{"s":[713.151],"t":2,"i":{"x":[1],"y":[1]},"o":{"x":[0],"y":[0]}},{"s":[711.181],"t":3,"i":{"x":[1],"y":[1]},"o":{"x":[0],"y":[0]}},{"s":[709.531],"t":4,"i":{"x":[1],"y":[1]},"o":{"x":[0],"y":[0]}},{"s":[708.839],"t":5,"i":{"x":[1],"y":[1]},"o":{"x":[0],"y":[0]}},{"s":[709.885],"t":6,"i":{"x":[1],"y":[1]},"o":{"x":[0],"y":[0]}},{"s":[712.379],"t":7,"i":{"x":[1],"y":[1]},"o":{"x":[0],"y":[0]}},{"s":[715.356],"t":8,"i":{"x":[1],"y":[1]},"o":{"x":[0],"y":[0]}},{"s":[717.85],"t":9,"i":{"x":[1],"y":[1]},"o":{"x":[0],"y":[0]}},{"s":[718.896],"t":10,"i":{"x":[1],"y":[1]},"o":{"x":[0],"y":[0]}},{"s":[718.896],"t":21,"i":{"x":[1],"y":[1]},"o":{"x":[0],"y":[0]}},{"s":[717.85],"t":22,"i":{"x":[1],"y":[1]},"o":{"x":[0],"y":[0]}},{"s":[715.356],"t":23,"i":{"x":[1],"y":[1]},"o":{"x":[0],"y":[0]}},{"s":[712.379],"t":24,"i":{"x":[1],"y":[1]},"o":{"x":[0],"y":[0]}},{"s":[709.885],"t":25,"i":{"x":[1],"y":[1]},"o":{"x":[0],"y":[0]}},{"s":[708.839],"t":26,"i":{"x":[1],"y":[1]},"o":{"x":[0],"y":[0]}},{"s":[709.885],"t":27,"i":{"x":[1],"y":[1]},"o":{"x":[0],"y":[0]}},{"s":[712.379],"t":28,"i":{"x":[1],"y":[1]},"o":{"x":[0],"y":[0]}},{"s":[715.356],"t":29,"i":{"x":[1],"y":[1]},"o":{"x":[0],"y":[0]}},{"s":[717.85],"t":30,"i":{"x":[1],"y":[1]},"o":{"x":[0],"y":[0]}},{"s":[718.896],"t":31,"i":{"x":[1],"y":[1]},"o":{"x":[0],"y":[0]}},{"s":[718.896],"t":50,"i":{"x":[1],"y":[1]},"o":{"x":[0],"y":[0]}},{"s":[717.85],"t":51,"i":{"x":[1],"y":[1]},"o":{"x":[0],"y":[0]}},{"s":[715.356],"t":52,"i":{"x":[1],"y":[1]},"o":{"x":[0],"y":[0]}},{"s":[712.379],"t":53,"i":{"x":[1],"y":[1]},"o":{"x":[0],"y":[0]}},{"s":[709.885],"t":54,"i":{"x":[1],"y":[1]},"o":{"x":[0],"y":[0]}},{"s":[708.839],"t":55,"i":{"x":[1],"y":[1]},"o":{"x":[0],"y":[0]}},{"s":[709.885],"t":56,"i":{"x":[1],"y":[1]},"o":{"x":[0],"y":[0]}},{"s":[712.379],"t":57,"i":{"x":[1],"y":[1]},"o":{"x":[0],"y":[0]}},{"s":[715.356],"t":58,"i":{"x":[1],"y":[1]},"o":{"x":[0],"y":[0]}},{"s":[717.85],"t":59,"i":{"x":[1],"y":[1]},"o":{"x":[0],"y":[0]}},{"s":[718.896],"t":60,"i":{"x":[1],"y":[1]},"o":{"x":[0],"y":[0]}},{"s":[718.896],"t":80,"i":{"x":[1],"y":[1]},"o":{"x":[0],"y":[0]}},{"s":[717.85],"t":81,"i":{"x":[1],"y":[1]},"o":{"x":[0],"y":[0]}},{"s":[715.356],"t":82,"i":{"x":[1],"y":[1]},"o":{"x":[0],"y":[0]}},{"s":[712.379],"t":83,"i":{"x":[1],"y":[1]},"o":{"x":[0],"y":[0]}},{"s":[709.885],"t":84,"i":{"x":[1],"y":[1]},"o":{"x":[0],"y":[0]}},{"s":[708.839],"t":85,"i":{"x":[1],"y":[1]},"o":{"x":[0],"y":[0]}},{"s":[709.885],"t":86,"i":{"x":[1],"y":[1]},"o":{"x":[0],"y":[0]}},{"s":[712.379],"t":87,"i":{"x":[1],"y":[1]},"o":{"x":[0],"y":[0]}},{"s":[715.356],"t":88,"i":{"x":[1],"y":[1]},"o":{"x":[0],"y":[0]}},{"s":[717.85],"t":89,"i":{"x":[1],"y":[1]},"o":{"x":[0],"y":[0]}},{"s":[718.896],"t":90,"i":{"x":[1],"y":[1]},"o":{"x":[0],"y":[0]}},{"s":[718.896],"t":110,"i":{"x":[1],"y":[1]},"o":{"x":[0],"y":[0]}},{"s":[717.85],"t":111,"i":{"x":[1],"y":[1]},"o":{"x":[0],"y":[0]}},{"s":[715.356],"t":112,"i":{"x":[1],"y":[1]},"o":{"x":[0],"y":[0]}},{"s":[712.379],"t":113,"i":{"x":[1],"y":[1]},"o":{"x":[0],"y":[0]}},{"s":[709.885],"t":114,"i":{"x":[1],"y":[1]},"o":{"x":[0],"y":[0]}},{"s":[708.839],"t":115,"i":{"x":[1],"y":[1]},"o":{"x":[0],"y":[0]}},{"s":[709.885],"t":116,"i":{"x":[1],"y":[1]},"o":{"x":[0],"y":[0]}},{"s":[712.379],"t":117,"i":{"x":[1],"y":[1]},"o":{"x":[0],"y":[0]}},{"s":[715.356],"t":118,"i":{"x":[1],"y":[1]},"o":{"x":[0],"y":[0]}},{"s":[717.85],"t":119,"i":{"x":[1],"y":[1]},"o":{"x":[0],"y":[0]}},{"s":[718.896],"t":120,"i":{"x":[1],"y":[1]},"o":{"x":[0],"y":[0]}},{"s":[718.896],"t":140,"i":{"x":[1],"y":[1]},"o":{"x":[0],"y":[0]}},{"s":[717.85],"t":141,"i":{"x":[1],"y":[1]},"o":{"x":[0],"y":[0]}},{"s":[715.356],"t":142,"i":{"x":[1],"y":[1]},"o":{"x":[0],"y":[0]}},{"s":[712.379],"t":143,"i":{"x":[1],"y":[1]},"o":{"x":[0],"y":[0]}},{"s":[709.885],"t":144,"i":{"x":[1],"y":[1]},"o":{"x":[0],"y":[0]}},{"s":[708.839],"t":145,"i":{"x":[1],"y":[1]},"o":{"x":[0],"y":[0]}},{"s":[709.885],"t":146,"i":{"x":[1],"y":[1]},"o":{"x":[0],"y":[0]}},{"s":[712.379],"t":147,"i":{"x":[1],"y":[1]},"o":{"x":[0],"y":[0]}},{"s":[715.356],"t":148,"i":{"x":[1],"y":[1]},"o":{"x":[0],"y":[0]}},{"s":[717.85],"t":149,"i":{"x":[1],"y":[1]},"o":{"x":[0],"y":[0]}},{"s":[718.896],"t":150,"i":{"x":[1],"y":[1]},"o":{"x":[0],"y":[0]}},{"s":[718.896],"t":181,"i":{"x":[1],"y":[1]},"o":{"x":[0],"y":[0]}},{"s":[717.85],"t":182,"i":{"x":[1],"y":[1]},"o":{"x":[0],"y":[0]}},{"s":[715.356],"t":183,"i":{"x":[1],"y":[1]},"o":{"x":[0],"y":[0]}},{"s":[712.379],"t":184,"i":{"x":[1],"y":[1]},"o":{"x":[0],"y":[0]}},{"s":[709.885],"t":185,"i":{"x":[1],"y":[1]},"o":{"x":[0],"y":[0]}},{"s":[708.839],"t":186,"i":{"x":[1],"y":[1]},"o":{"x":[0],"y":[0]}},{"s":[709.885],"t":187,"i":{"x":[1],"y":[1]},"o":{"x":[0],"y":[0]}},{"s":[712.379],"t":188,"i":{"x":[1],"y":[1]},"o":{"x":[0],"y":[0]}},{"s":[715.356],"t":189,"i":{"x":[1],"y":[1]},"o":{"x":[0],"y":[0]}},{"s":[717.85],"t":190,"i":{"x":[1],"y":[1]},"o":{"x":[0],"y":[0]}},{"s":[718.896],"t":191,"i":{"x":[1],"y":[1]},"o":{"x":[0],"y":[0]}},{"s":[718.896],"t":225,"i":{"x":[1],"y":[1]},"o":{"x":[0],"y":[0]}},{"s":[717.85],"t":226,"i":{"x":[1],"y":[1]},"o":{"x":[0],"y":[0]}},{"s":[715.356],"t":227,"i":{"x":[1],"y":[1]},"o":{"x":[0],"y":[0]}},{"s":[712.379],"t":228,"i":{"x":[1],"y":[1]},"o":{"x":[0],"y":[0]}},{"s":[709.885],"t":229,"i":{"x":[1],"y":[1]},"o":{"x":[0],"y":[0]}},{"s":[708.839],"t":230,"i":{"x":[1],"y":[1]},"o":{"x":[0],"y":[0]}},{"s":[709.885],"t":231,"i":{"x":[1],"y":[1]},"o":{"x":[0],"y":[0]}},{"s":[712.379],"t":232,"i":{"x":[1],"y":[1]},"o":{"x":[0],"y":[0]}},{"s":[715.356],"t":233,"i":{"x":[1],"y":[1]},"o":{"x":[0],"y":[0]}},{"s":[717.85],"t":234,"i":{"x":[1],"y":[1]},"o":{"x":[0],"y":[0]}},{"s":[718.896],"t":235,"i":{"x":[1],"y":[1]},"o":{"x":[0],"y":[0]}},{"s":[718.896],"t":255,"i":{"x":[1],"y":[1]},"o":{"x":[0],"y":[0]}},{"s":[717.85],"t":256,"i":{"x":[1],"y":[1]},"o":{"x":[0],"y":[0]}},{"s":[715.356],"t":257,"i":{"x":[1],"y":[1]},"o":{"x":[0],"y":[0]}},{"s":[712.379],"t":258,"i":{"x":[1],"y":[1]},"o":{"x":[0],"y":[0]}},{"s":[709.885],"t":259,"i":{"x":[1],"y":[1]},"o":{"x":[0],"y":[0]}},{"s":[708.839],"t":260,"i":{"x":[1],"y":[1]},"o":{"x":[0],"y":[0]}},{"s":[709.885],"t":261,"i":{"x":[1],"y":[1]},"o":{"x":[0],"y":[0]}},{"s":[712.379],"t":262,"i":{"x":[1],"y":[1]},"o":{"x":[0],"y":[0]}},{"s":[715.356],"t":263,"i":{"x":[1],"y":[1]},"o":{"x":[0],"y":[0]}},{"s":[717.85],"t":264,"i":{"x":[1],"y":[1]},"o":{"x":[0],"y":[0]}},{"s":[718.896],"t":265,"i":{"x":[1],"y":[1]},"o":{"x":[0],"y":[0]}},{"s":[718.896],"t":286,"i":{"x":[1],"y":[1]},"o":{"x":[0],"y":[0]}},{"s":[717.85],"t":287,"i":{"x":[1],"y":[1]},"o":{"x":[0],"y":[0]}},{"s":[715.356],"t":288,"i":{"x":[1],"y":[1]},"o":{"x":[0],"y":[0]}},{"s":[712.379],"t":289,"i":{"x":[1],"y":[1]},"o":{"x":[0],"y":[0]}},{"s":[709.885],"t":290,"i":{"x":[1],"y":[1]},"o":{"x":[0],"y":[0]}},{"s":[708.839],"t":291,"i":{"x":[1],"y":[1]},"o":{"x":[0],"y":[0]}},{"s":[709.885],"t":292,"i":{"x":[1],"y":[1]},"o":{"x":[0],"y":[0]}},{"s":[712.379],"t":293,"i":{"x":[1],"y":[1]},"o":{"x":[0],"y":[0]}},{"s":[715.356],"t":294,"i":{"x":[1],"y":[1]},"o":{"x":[0],"y":[0]}},{"s":[717.85],"t":295,"i":{"x":[1],"y":[1]},"o":{"x":[0],"y":[0]}},{"s":[718.896],"t":296,"i":{"x":[1],"y":[1]},"o":{"x":[0],"y":[0]}}]},"p":{"k":[{"s":[24.336,172.8,0],"t":0,"i":{"x":1,"y":1},"o":{"x":0,"y":0}},{"s":[24.336,172.8,0],"t":300,"i":{"x":1,"y":1},"o":{"x":0,"y":0}}],"l":2},"a":{"a":0,"k":[12.03,17.904,0],"ix":1,"l":2},"s":{"a":0,"k":[100,100,100],"ix":6,"l":2}},"ao":0,"ef":[{"ty":5,"nm":"IK","np":3,"mn":"Pseudo/DUIK ik","ix":1,"en":1,"ef":[{"ty":10,"nm":"Controller","mn":"Pseudo/DUIK ik-0001","ix":1,"v":{"a":0,"k":0,"ix":1}}]},{"ty":5,"nm":"IK 2","np":3,"mn":"Pseudo/DUIK ik","ix":2,"en":1,"ef":[{"ty":10,"nm":"Controller","mn":"Pseudo/DUIK ik-0001","ix":1,"v":{"a":0,"k":0,"ix":1}}]},{"ty":5,"nm":"IK 3","np":3,"mn":"Pseudo/DUIK ik","ix":3,"en":1,"ef":[{"ty":10,"nm":"Controller","mn":"Pseudo/DUIK ik-0001","ix":1,"v":{"a":0,"k":1,"ix":1}}]}],"w":70,"h":57,"ip":0,"op":300.00001221925,"st":0,"bm":0},{"ddd":0,"ind":23,"ty":0,"nm":"R hand 1","parent":15,"refId":"comp_16","sr":1,"ks":{"o":{"a":0,"k":100,"ix":11},"r":{"k":[{"s":[20.933],"t":110,"i":{"x":[1],"y":[1]},"o":{"x":[0],"y":[0]}},{"s":[31.661],"t":111,"i":{"x":[1],"y":[1]},"o":{"x":[0],"y":[0]}},{"s":[32.775],"t":112,"i":{"x":[1],"y":[1]},"o":{"x":[0],"y":[0]}},{"s":[30.903],"t":113,"i":{"x":[1],"y":[1]},"o":{"x":[0],"y":[0]}},{"s":[28.199],"t":114,"i":{"x":[1],"y":[1]},"o":{"x":[0],"y":[0]}},{"s":[26.61],"t":115,"i":{"x":[1],"y":[1]},"o":{"x":[0],"y":[0]}},{"s":[26.61],"t":129,"i":{"x":[1],"y":[1]},"o":{"x":[0],"y":[0]}},{"s":[26.967],"t":130,"i":{"x":[1],"y":[1]},"o":{"x":[0],"y":[0]}},{"s":[26.619],"t":131,"i":{"x":[1],"y":[1]},"o":{"x":[0],"y":[0]}},{"s":[25.846],"t":132,"i":{"x":[1],"y":[1]},"o":{"x":[0],"y":[0]}},{"s":[24.953],"t":133,"i":{"x":[1],"y":[1]},"o":{"x":[0],"y":[0]}},{"s":[24.445],"t":134,"i":{"x":[1],"y":[1]},"o":{"x":[0],"y":[0]}},{"s":[24.445],"t":150,"i":{"x":[1],"y":[1]},"o":{"x":[0],"y":[0]}},{"s":[23.864],"t":151,"i":{"x":[1],"y":[1]},"o":{"x":[0],"y":[0]}},{"s":[22.384],"t":152,"i":{"x":[1],"y":[1]},"o":{"x":[0],"y":[0]}},{"s":[21.048],"t":153,"i":{"x":[1],"y":[1]},"o":{"x":[0],"y":[0]}},{"s":[20.477],"t":154,"i":{"x":[1],"y":[1]},"o":{"x":[0],"y":[0]}},{"s":[20.561],"t":155,"i":{"x":[1],"y":[1]},"o":{"x":[0],"y":[0]}},{"s":[21.509],"t":156,"i":{"x":[1],"y":[1]},"o":{"x":[0],"y":[0]}},{"s":[22.837],"t":157,"i":{"x":[1],"y":[1]},"o":{"x":[0],"y":[0]}},{"s":[24.192],"t":158,"i":{"x":[1],"y":[1]},"o":{"x":[0],"y":[0]}},{"s":[25.448],"t":159,"i":{"x":[1],"y":[1]},"o":{"x":[0],"y":[0]}},{"s":[26.541],"t":160,"i":{"x":[1],"y":[1]},"o":{"x":[0],"y":[0]}},{"s":[27.43],"t":161,"i":{"x":[1],"y":[1]},"o":{"x":[0],"y":[0]}},{"s":[28.082],"t":162,"i":{"x":[1],"y":[1]},"o":{"x":[0],"y":[0]}},{"s":[28.47],"t":163,"i":{"x":[1],"y":[1]},"o":{"x":[0],"y":[0]}},{"s":[28.56],"t":164,"i":{"x":[1],"y":[1]},"o":{"x":[0],"y":[0]}},{"s":[28.316],"t":165,"i":{"x":[1],"y":[1]},"o":{"x":[0],"y":[0]}},{"s":[27.684],"t":166,"i":{"x":[1],"y":[1]},"o":{"x":[0],"y":[0]}},{"s":[26.594],"t":167,"i":{"x":[1],"y":[1]},"o":{"x":[0],"y":[0]}},{"s":[24.926],"t":168,"i":{"x":[1],"y":[1]},"o":{"x":[0],"y":[0]}},{"s":[23.179],"t":169,"i":{"x":[1],"y":[1]},"o":{"x":[0],"y":[0]}},{"s":[17.837],"t":170,"i":{"x":[1],"y":[1]},"o":{"x":[0],"y":[0]}},{"s":[16.113],"t":171,"i":{"x":[1],"y":[1]},"o":{"x":[0],"y":[0]}},{"s":[15.389],"t":172,"i":{"x":[1],"y":[1]},"o":{"x":[0],"y":[0]}},{"s":[16.255],"t":173,"i":{"x":[1],"y":[1]},"o":{"x":[0],"y":[0]}},{"s":[16.04],"t":174,"i":{"x":[1],"y":[1]},"o":{"x":[0],"y":[0]}},{"s":[15.594],"t":175,"i":{"x":[1],"y":[1]},"o":{"x":[0],"y":[0]}},{"s":[15.076],"t":176,"i":{"x":[1],"y":[1]},"o":{"x":[0],"y":[0]}},{"s":[14.564],"t":177,"i":{"x":[1],"y":[1]},"o":{"x":[0],"y":[0]}},{"s":[14.109],"t":178,"i":{"x":[1],"y":[1]},"o":{"x":[0],"y":[0]}},{"s":[13.743],"t":179,"i":{"x":[1],"y":[1]},"o":{"x":[0],"y":[0]}},{"s":[13.484],"t":180,"i":{"x":[1],"y":[1]},"o":{"x":[0],"y":[0]}},{"s":[13.333],"t":181,"i":{"x":[1],"y":[1]},"o":{"x":[0],"y":[0]}},{"s":[13.268],"t":182,"i":{"x":[1],"y":[1]},"o":{"x":[0],"y":[0]}},{"s":[13.254],"t":183,"i":{"x":[1],"y":[1]},"o":{"x":[0],"y":[0]}},{"s":[13.254],"t":184,"i":{"x":[1],"y":[1]},"o":{"x":[0],"y":[0]}},{"s":[12.734],"t":185,"i":{"x":[1],"y":[1]},"o":{"x":[0],"y":[0]}},{"s":[11.611],"t":186,"i":{"x":[1],"y":[1]},"o":{"x":[0],"y":[0]}},{"s":[10.037],"t":187,"i":{"x":[1],"y":[1]},"o":{"x":[0],"y":[0]}},{"s":[8.158],"t":188,"i":{"x":[1],"y":[1]},"o":{"x":[0],"y":[0]}},{"s":[6.115],"t":189,"i":{"x":[1],"y":[1]},"o":{"x":[0],"y":[0]}},{"s":[4.06],"t":190,"i":{"x":[1],"y":[1]},"o":{"x":[0],"y":[0]}},{"s":[2.173],"t":191,"i":{"x":[1],"y":[1]},"o":{"x":[0],"y":[0]}},{"s":[0.704],"t":192,"i":{"x":[1],"y":[1]},"o":{"x":[0],"y":[0]}},{"s":[0.061],"t":193,"i":{"x":[1],"y":[1]},"o":{"x":[0],"y":[0]}},{"s":[4.297],"t":194,"i":{"x":[1],"y":[1]},"o":{"x":[0],"y":[0]}},{"s":[7.915],"t":195,"i":{"x":[1],"y":[1]},"o":{"x":[0],"y":[0]}},{"s":[10.794],"t":196,"i":{"x":[1],"y":[1]},"o":{"x":[0],"y":[0]}},{"s":[12.958],"t":197,"i":{"x":[1],"y":[1]},"o":{"x":[0],"y":[0]}},{"s":[14.378],"t":198,"i":{"x":[1],"y":[1]},"o":{"x":[0],"y":[0]}},{"s":[14.895],"t":199,"i":{"x":[1],"y":[1]},"o":{"x":[0],"y":[0]}},{"s":[13.734],"t":200,"i":{"x":[1],"y":[1]},"o":{"x":[0],"y":[0]}},{"s":[12.673],"t":201,"i":{"x":[1],"y":[1]},"o":{"x":[0],"y":[0]}},{"s":[11.637],"t":202,"i":{"x":[1],"y":[1]},"o":{"x":[0],"y":[0]}},{"s":[10.605],"t":203,"i":{"x":[1],"y":[1]},"o":{"x":[0],"y":[0]}},{"s":[9.583],"t":204,"i":{"x":[1],"y":[1]},"o":{"x":[0],"y":[0]}},{"s":[8.574],"t":205,"i":{"x":[1],"y":[1]},"o":{"x":[0],"y":[0]}},{"s":[7.582],"t":206,"i":{"x":[1],"y":[1]},"o":{"x":[0],"y":[0]}},{"s":[6.612],"t":207,"i":{"x":[1],"y":[1]},"o":{"x":[0],"y":[0]}},{"s":[5.675],"t":208,"i":{"x":[1],"y":[1]},"o":{"x":[0],"y":[0]}},{"s":[4.774],"t":209,"i":{"x":[1],"y":[1]},"o":{"x":[0],"y":[0]}},{"s":[3.921],"t":210,"i":{"x":[1],"y":[1]},"o":{"x":[0],"y":[0]}},{"s":[3.144],"t":211,"i":{"x":[1],"y":[1]},"o":{"x":[0],"y":[0]}},{"s":[2.472],"t":212,"i":{"x":[1],"y":[1]},"o":{"x":[0],"y":[0]}},{"s":[2.431],"t":213,"i":{"x":[1],"y":[1]},"o":{"x":[0],"y":[0]}},{"s":[3.119],"t":214,"i":{"x":[1],"y":[1]},"o":{"x":[0],"y":[0]}},{"s":[3.568],"t":215,"i":{"x":[1],"y":[1]},"o":{"x":[0],"y":[0]}},{"s":[3.743],"t":216,"i":{"x":[1],"y":[1]},"o":{"x":[0],"y":[0]}},{"s":[9.476],"t":217,"i":{"x":[1],"y":[1]},"o":{"x":[0],"y":[0]}},{"s":[14.362],"t":218,"i":{"x":[1],"y":[1]},"o":{"x":[0],"y":[0]}},{"s":[18.565],"t":219,"i":{"x":[1],"y":[1]},"o":{"x":[0],"y":[0]}},{"s":[22.131],"t":220,"i":{"x":[1],"y":[1]},"o":{"x":[0],"y":[0]}},{"s":[25.064],"t":221,"i":{"x":[1],"y":[1]},"o":{"x":[0],"y":[0]}},{"s":[27.372],"t":222,"i":{"x":[1],"y":[1]},"o":{"x":[0],"y":[0]}},{"s":[29.057],"t":223,"i":{"x":[1],"y":[1]},"o":{"x":[0],"y":[0]}},{"s":[30.106],"t":224,"i":{"x":[1],"y":[1]},"o":{"x":[0],"y":[0]}},{"s":[30.501],"t":225,"i":{"x":[1],"y":[1]},"o":{"x":[0],"y":[0]}},{"s":[30.221],"t":226,"i":{"x":[1],"y":[1]},"o":{"x":[0],"y":[0]}},{"s":[29.23],"t":227,"i":{"x":[1],"y":[1]},"o":{"x":[0],"y":[0]}},{"s":[27.491],"t":228,"i":{"x":[1],"y":[1]},"o":{"x":[0],"y":[0]}},{"s":[25.051],"t":229,"i":{"x":[1],"y":[1]},"o":{"x":[0],"y":[0]}},{"s":[23.179],"t":230,"i":{"x":[1],"y":[1]},"o":{"x":[0],"y":[0]}}]},"p":{"a":0,"k":[138.832,43.359,0],"ix":2,"l":2},"a":{"a":0,"k":[21.503,19.406,0],"ix":1,"l":2},"s":{"a":0,"k":[100,100,100],"ix":6,"l":2}},"ao":0,"ef":[{"ty":5,"nm":"IK","np":3,"mn":"Pseudo/DUIK ik","ix":1,"en":1,"ef":[{"ty":10,"nm":"Controller","mn":"Pseudo/DUIK ik-0001","ix":1,"v":{"a":0,"k":4,"ix":1}}]}],"w":78,"h":119,"ip":0,"op":300.00001221925,"st":0,"bm":0},{"ddd":0,"ind":24,"ty":0,"nm":"R hand 11","parent":23,"refId":"comp_17","sr":1,"ks":{"o":{"a":0,"k":100,"ix":11},"r":{"k":[{"s":[355.361],"t":110,"i":{"x":[1],"y":[1]},"o":{"x":[0],"y":[0]}},{"s":[320.856],"t":111,"i":{"x":[1],"y":[1]},"o":{"x":[0],"y":[0]}},{"s":[306.067],"t":112,"i":{"x":[1],"y":[1]},"o":{"x":[0],"y":[0]}},{"s":[298.124],"t":113,"i":{"x":[1],"y":[1]},"o":{"x":[0],"y":[0]}},{"s":[293.969],"t":114,"i":{"x":[1],"y":[1]},"o":{"x":[0],"y":[0]}},{"s":[292.518],"t":115,"i":{"x":[1],"y":[1]},"o":{"x":[0],"y":[0]}},{"s":[292.518],"t":129,"i":{"x":[1],"y":[1]},"o":{"x":[0],"y":[0]}},{"s":[285.288],"t":130,"i":{"x":[1],"y":[1]},"o":{"x":[0],"y":[0]}},{"s":[279.71],"t":131,"i":{"x":[1],"y":[1]},"o":{"x":[0],"y":[0]}},{"s":[275.452],"t":132,"i":{"x":[1],"y":[1]},"o":{"x":[0],"y":[0]}},{"s":[272.477],"t":133,"i":{"x":[1],"y":[1]},"o":{"x":[0],"y":[0]}},{"s":[271.171],"t":134,"i":{"x":[1],"y":[1]},"o":{"x":[0],"y":[0]}},{"s":[271.171],"t":150,"i":{"x":[1],"y":[1]},"o":{"x":[0],"y":[0]}},{"s":[280.503],"t":151,"i":{"x":[1],"y":[1]},"o":{"x":[0],"y":[0]}},{"s":[290.168],"t":152,"i":{"x":[1],"y":[1]},"o":{"x":[0],"y":[0]}},{"s":[298.854],"t":153,"i":{"x":[1],"y":[1]},"o":{"x":[0],"y":[0]}},{"s":[305.067],"t":154,"i":{"x":[1],"y":[1]},"o":{"x":[0],"y":[0]}},{"s":[307.43],"t":155,"i":{"x":[1],"y":[1]},"o":{"x":[0],"y":[0]}},{"s":[310.312],"t":156,"i":{"x":[1],"y":[1]},"o":{"x":[0],"y":[0]}},{"s":[312.267],"t":157,"i":{"x":[1],"y":[1]},"o":{"x":[0],"y":[0]}},{"s":[313.983],"t":158,"i":{"x":[1],"y":[1]},"o":{"x":[0],"y":[0]}},{"s":[315.716],"t":159,"i":{"x":[1],"y":[1]},"o":{"x":[0],"y":[0]}},{"s":[317.588],"t":160,"i":{"x":[1],"y":[1]},"o":{"x":[0],"y":[0]}},{"s":[319.67],"t":161,"i":{"x":[1],"y":[1]},"o":{"x":[0],"y":[0]}},{"s":[322.008],"t":162,"i":{"x":[1],"y":[1]},"o":{"x":[0],"y":[0]}},{"s":[324.64],"t":163,"i":{"x":[1],"y":[1]},"o":{"x":[0],"y":[0]}},{"s":[327.597],"t":164,"i":{"x":[1],"y":[1]},"o":{"x":[0],"y":[0]}},{"s":[330.919],"t":165,"i":{"x":[1],"y":[1]},"o":{"x":[0],"y":[0]}},{"s":[334.654],"t":166,"i":{"x":[1],"y":[1]},"o":{"x":[0],"y":[0]}},{"s":[338.86],"t":167,"i":{"x":[1],"y":[1]},"o":{"x":[0],"y":[0]}},{"s":[343.646],"t":168,"i":{"x":[1],"y":[1]},"o":{"x":[0],"y":[0]}},{"s":[347.725],"t":169,"i":{"x":[1],"y":[1]},"o":{"x":[0],"y":[0]}},{"s":[355.361],"t":170,"i":{"x":[1],"y":[1]},"o":{"x":[0],"y":[0]}},{"s":[355.361],"t":171,"i":{"x":[1],"y":[1]},"o":{"x":[0],"y":[0]}},{"s":[353.417],"t":172,"i":{"x":[1],"y":[1]},"o":{"x":[0],"y":[0]}},{"s":[348.288],"t":173,"i":{"x":[1],"y":[1]},"o":{"x":[0],"y":[0]}},{"s":[345.524],"t":174,"i":{"x":[1],"y":[1]},"o":{"x":[0],"y":[0]}},{"s":[343.379],"t":175,"i":{"x":[1],"y":[1]},"o":{"x":[0],"y":[0]}},{"s":[341.531],"t":176,"i":{"x":[1],"y":[1]},"o":{"x":[0],"y":[0]}},{"s":[339.839],"t":177,"i":{"x":[1],"y":[1]},"o":{"x":[0],"y":[0]}},{"s":[338.226],"t":178,"i":{"x":[1],"y":[1]},"o":{"x":[0],"y":[0]}},{"s":[336.661],"t":179,"i":{"x":[1],"y":[1]},"o":{"x":[0],"y":[0]}},{"s":[335.163],"t":180,"i":{"x":[1],"y":[1]},"o":{"x":[0],"y":[0]}},{"s":[333.813],"t":181,"i":{"x":[1],"y":[1]},"o":{"x":[0],"y":[0]}},{"s":[332.774],"t":182,"i":{"x":[1],"y":[1]},"o":{"x":[0],"y":[0]}},{"s":[332.336],"t":183,"i":{"x":[1],"y":[1]},"o":{"x":[0],"y":[0]}},{"s":[324.927],"t":184,"i":{"x":[1],"y":[1]},"o":{"x":[0],"y":[0]}},{"s":[318.897],"t":185,"i":{"x":[1],"y":[1]},"o":{"x":[0],"y":[0]}},{"s":[314.328],"t":186,"i":{"x":[1],"y":[1]},"o":{"x":[0],"y":[0]}},{"s":[310.947],"t":187,"i":{"x":[1],"y":[1]},"o":{"x":[0],"y":[0]}},{"s":[308.527],"t":188,"i":{"x":[1],"y":[1]},"o":{"x":[0],"y":[0]}},{"s":[306.892],"t":189,"i":{"x":[1],"y":[1]},"o":{"x":[0],"y":[0]}},{"s":[305.888],"t":190,"i":{"x":[1],"y":[1]},"o":{"x":[0],"y":[0]}},{"s":[305.362],"t":191,"i":{"x":[1],"y":[1]},"o":{"x":[0],"y":[0]}},{"s":[305.119],"t":193,"i":{"x":[1],"y":[1]},"o":{"x":[0],"y":[0]}},{"s":[303.319],"t":194,"i":{"x":[1],"y":[1]},"o":{"x":[0],"y":[0]}},{"s":[302.955],"t":195,"i":{"x":[1],"y":[1]},"o":{"x":[0],"y":[0]}},{"s":[303.442],"t":196,"i":{"x":[1],"y":[1]},"o":{"x":[0],"y":[0]}},{"s":[304.501],"t":197,"i":{"x":[1],"y":[1]},"o":{"x":[0],"y":[0]}},{"s":[305.777],"t":198,"i":{"x":[1],"y":[1]},"o":{"x":[0],"y":[0]}},{"s":[306.622],"t":199,"i":{"x":[1],"y":[1]},"o":{"x":[0],"y":[0]}},{"s":[306.945],"t":200,"i":{"x":[1],"y":[1]},"o":{"x":[0],"y":[0]}},{"s":[307.179],"t":203,"i":{"x":[1],"y":[1]},"o":{"x":[0],"y":[0]}},{"s":[307.338],"t":204,"i":{"x":[1],"y":[1]},"o":{"x":[0],"y":[0]}},{"s":[307.539],"t":205,"i":{"x":[1],"y":[1]},"o":{"x":[0],"y":[0]}},{"s":[307.776],"t":206,"i":{"x":[1],"y":[1]},"o":{"x":[0],"y":[0]}},{"s":[308.044],"t":207,"i":{"x":[1],"y":[1]},"o":{"x":[0],"y":[0]}},{"s":[308.33],"t":208,"i":{"x":[1],"y":[1]},"o":{"x":[0],"y":[0]}},{"s":[308.626],"t":209,"i":{"x":[1],"y":[1]},"o":{"x":[0],"y":[0]}},{"s":[308.915],"t":210,"i":{"x":[1],"y":[1]},"o":{"x":[0],"y":[0]}},{"s":[309.171],"t":211,"i":{"x":[1],"y":[1]},"o":{"x":[0],"y":[0]}},{"s":[309.343],"t":212,"i":{"x":[1],"y":[1]},"o":{"x":[0],"y":[0]}},{"s":[308.83],"t":213,"i":{"x":[1],"y":[1]},"o":{"x":[0],"y":[0]}},{"s":[308.205],"t":214,"i":{"x":[1],"y":[1]},"o":{"x":[0],"y":[0]}},{"s":[307.851],"t":215,"i":{"x":[1],"y":[1]},"o":{"x":[0],"y":[0]}},{"s":[307.718],"t":216,"i":{"x":[1],"y":[1]},"o":{"x":[0],"y":[0]}},{"s":[304.242],"t":217,"i":{"x":[1],"y":[1]},"o":{"x":[0],"y":[0]}},{"s":[302.391],"t":218,"i":{"x":[1],"y":[1]},"o":{"x":[0],"y":[0]}},{"s":[301.766],"t":219,"i":{"x":[1],"y":[1]},"o":{"x":[0],"y":[0]}},{"s":[302.197],"t":220,"i":{"x":[1],"y":[1]},"o":{"x":[0],"y":[0]}},{"s":[303.571],"t":221,"i":{"x":[1],"y":[1]},"o":{"x":[0],"y":[0]}},{"s":[305.811],"t":222,"i":{"x":[1],"y":[1]},"o":{"x":[0],"y":[0]}},{"s":[308.869],"t":223,"i":{"x":[1],"y":[1]},"o":{"x":[0],"y":[0]}},{"s":[312.713],"t":224,"i":{"x":[1],"y":[1]},"o":{"x":[0],"y":[0]}},{"s":[317.313],"t":225,"i":{"x":[1],"y":[1]},"o":{"x":[0],"y":[0]}},{"s":[322.67],"t":226,"i":{"x":[1],"y":[1]},"o":{"x":[0],"y":[0]}},{"s":[328.789],"t":227,"i":{"x":[1],"y":[1]},"o":{"x":[0],"y":[0]}},{"s":[335.641],"t":228,"i":{"x":[1],"y":[1]},"o":{"x":[0],"y":[0]}},{"s":[342.955],"t":229,"i":{"x":[1],"y":[1]},"o":{"x":[0],"y":[0]}},{"s":[347.725],"t":230,"i":{"x":[1],"y":[1]},"o":{"x":[0],"y":[0]}}]},"p":{"k":[{"s":[59.875,100.26,0],"t":0,"i":{"x":1,"y":1},"o":{"x":0,"y":0}},{"s":[59.875,100.26,0],"t":300,"i":{"x":1,"y":1},"o":{"x":0,"y":0}}],"l":2},"a":{"a":0,"k":[15.66,12.191,0],"ix":1,"l":2},"s":{"a":0,"k":[100,100,100],"ix":6,"l":2}},"ao":0,"ef":[{"ty":5,"nm":"IK","np":3,"mn":"Pseudo/DUIK ik","ix":1,"en":1,"ef":[{"ty":10,"nm":"Controller","mn":"Pseudo/DUIK ik-0001","ix":1,"v":{"a":0,"k":4,"ix":1}}]}],"w":56,"h":102,"ip":0,"op":300.00001221925,"st":0,"bm":0},{"ddd":0,"ind":25,"ty":0,"nm":"R hand 111","parent":24,"refId":"comp_18","sr":1,"ks":{"o":{"a":0,"k":100,"ix":11},"r":{"k":[{"s":[-369.095],"t":110,"i":{"x":[1],"y":[1]},"o":{"x":[0],"y":[0]}},{"s":[-380.926],"t":111,"i":{"x":[1],"y":[1]},"o":{"x":[0],"y":[0]}},{"s":[-402.858],"t":112,"i":{"x":[1],"y":[1]},"o":{"x":[0],"y":[0]}},{"s":[-393.131],"t":113,"i":{"x":[1],"y":[1]},"o":{"x":[0],"y":[0]}},{"s":[-386.528],"t":114,"i":{"x":[1],"y":[1]},"o":{"x":[0],"y":[0]}},{"s":[-383.899],"t":115,"i":{"x":[1],"y":[1]},"o":{"x":[0],"y":[0]}},{"s":[-384.455],"t":116,"i":{"x":[1],"y":[1]},"o":{"x":[0],"y":[0]}},{"s":[-385.145],"t":117,"i":{"x":[1],"y":[1]},"o":{"x":[0],"y":[0]}},{"s":[-385.958],"t":118,"i":{"x":[1],"y":[1]},"o":{"x":[0],"y":[0]}},{"s":[-386.882],"t":119,"i":{"x":[1],"y":[1]},"o":{"x":[0],"y":[0]}},{"s":[-387.907],"t":120,"i":{"x":[1],"y":[1]},"o":{"x":[0],"y":[0]}},{"s":[-389.02],"t":121,"i":{"x":[1],"y":[1]},"o":{"x":[0],"y":[0]}},{"s":[-390.21],"t":122,"i":{"x":[1],"y":[1]},"o":{"x":[0],"y":[0]}},{"s":[-391.468],"t":123,"i":{"x":[1],"y":[1]},"o":{"x":[0],"y":[0]}},{"s":[-392.78],"t":124,"i":{"x":[1],"y":[1]},"o":{"x":[0],"y":[0]}},{"s":[-394.136],"t":125,"i":{"x":[1],"y":[1]},"o":{"x":[0],"y":[0]}},{"s":[-395.525],"t":126,"i":{"x":[1],"y":[1]},"o":{"x":[0],"y":[0]}},{"s":[-396.935],"t":127,"i":{"x":[1],"y":[1]},"o":{"x":[0],"y":[0]}},{"s":[-399.774],"t":129,"i":{"x":[1],"y":[1]},"o":{"x":[0],"y":[0]}},{"s":[-394.308],"t":130,"i":{"x":[1],"y":[1]},"o":{"x":[0],"y":[0]}},{"s":[-389.766],"t":131,"i":{"x":[1],"y":[1]},"o":{"x":[0],"y":[0]}},{"s":[-386.083],"t":132,"i":{"x":[1],"y":[1]},"o":{"x":[0],"y":[0]}},{"s":[-383.517],"t":133,"i":{"x":[1],"y":[1]},"o":{"x":[0],"y":[0]}},{"s":[-382.949],"t":134,"i":{"x":[1],"y":[1]},"o":{"x":[0],"y":[0]}},{"s":[-384.126],"t":135,"i":{"x":[1],"y":[1]},"o":{"x":[0],"y":[0]}},{"s":[-385.223],"t":136,"i":{"x":[1],"y":[1]},"o":{"x":[0],"y":[0]}},{"s":[-386.229],"t":137,"i":{"x":[1],"y":[1]},"o":{"x":[0],"y":[0]}},{"s":[-387.132],"t":138,"i":{"x":[1],"y":[1]},"o":{"x":[0],"y":[0]}},{"s":[-387.922],"t":139,"i":{"x":[1],"y":[1]},"o":{"x":[0],"y":[0]}},{"s":[-388.588],"t":140,"i":{"x":[1],"y":[1]},"o":{"x":[0],"y":[0]}},{"s":[-389.117],"t":141,"i":{"x":[1],"y":[1]},"o":{"x":[0],"y":[0]}},{"s":[-389.499],"t":142,"i":{"x":[1],"y":[1]},"o":{"x":[0],"y":[0]}},{"s":[-389.331],"t":146,"i":{"x":[1],"y":[1]},"o":{"x":[0],"y":[0]}},{"s":[-388.808],"t":147,"i":{"x":[1],"y":[1]},"o":{"x":[0],"y":[0]}},{"s":[-388.071],"t":148,"i":{"x":[1],"y":[1]},"o":{"x":[0],"y":[0]}},{"s":[-387.108],"t":149,"i":{"x":[1],"y":[1]},"o":{"x":[0],"y":[0]}},{"s":[-385.908],"t":150,"i":{"x":[1],"y":[1]},"o":{"x":[0],"y":[0]}},{"s":[-393.209],"t":151,"i":{"x":[1],"y":[1]},"o":{"x":[0],"y":[0]}},{"s":[-399.377],"t":152,"i":{"x":[1],"y":[1]},"o":{"x":[0],"y":[0]}},{"s":[-403.896],"t":153,"i":{"x":[1],"y":[1]},"o":{"x":[0],"y":[0]}},{"s":[-405.986],"t":154,"i":{"x":[1],"y":[1]},"o":{"x":[0],"y":[0]}},{"s":[-404.26],"t":155,"i":{"x":[1],"y":[1]},"o":{"x":[0],"y":[0]}},{"s":[-403.394],"t":156,"i":{"x":[1],"y":[1]},"o":{"x":[0],"y":[0]}},{"s":[-401.551],"t":157,"i":{"x":[1],"y":[1]},"o":{"x":[0],"y":[0]}},{"s":[-399.167],"t":158,"i":{"x":[1],"y":[1]},"o":{"x":[0],"y":[0]}},{"s":[-396.467],"t":159,"i":{"x":[1],"y":[1]},"o":{"x":[0],"y":[0]}},{"s":[-393.606],"t":160,"i":{"x":[1],"y":[1]},"o":{"x":[0],"y":[0]}},{"s":[-390.711],"t":161,"i":{"x":[1],"y":[1]},"o":{"x":[0],"y":[0]}},{"s":[-387.892],"t":162,"i":{"x":[1],"y":[1]},"o":{"x":[0],"y":[0]}},{"s":[-385.257],"t":163,"i":{"x":[1],"y":[1]},"o":{"x":[0],"y":[0]}},{"s":[-382.902],"t":164,"i":{"x":[1],"y":[1]},"o":{"x":[0],"y":[0]}},{"s":[-380.923],"t":165,"i":{"x":[1],"y":[1]},"o":{"x":[0],"y":[0]}},{"s":[-379.417],"t":166,"i":{"x":[1],"y":[1]},"o":{"x":[0],"y":[0]}},{"s":[-378.464],"t":167,"i":{"x":[1],"y":[1]},"o":{"x":[0],"y":[0]}},{"s":[-378.152],"t":168,"i":{"x":[1],"y":[1]},"o":{"x":[0],"y":[0]}},{"s":[-377.79],"t":169,"i":{"x":[1],"y":[1]},"o":{"x":[0],"y":[0]}},{"s":[-379.729],"t":170,"i":{"x":[1],"y":[1]},"o":{"x":[0],"y":[0]}},{"s":[-380.775],"t":171,"i":{"x":[1],"y":[1]},"o":{"x":[0],"y":[0]}},{"s":[-382.884],"t":172,"i":{"x":[1],"y":[1]},"o":{"x":[0],"y":[0]}},{"s":[-384.286],"t":173,"i":{"x":[1],"y":[1]},"o":{"x":[0],"y":[0]}},{"s":[-386.74],"t":174,"i":{"x":[1],"y":[1]},"o":{"x":[0],"y":[0]}},{"s":[-388.229],"t":175,"i":{"x":[1],"y":[1]},"o":{"x":[0],"y":[0]}},{"s":[-387.471],"t":176,"i":{"x":[1],"y":[1]},"o":{"x":[0],"y":[0]}},{"s":[-386.454],"t":177,"i":{"x":[1],"y":[1]},"o":{"x":[0],"y":[0]}},{"s":[-386.817],"t":180,"i":{"x":[1],"y":[1]},"o":{"x":[0],"y":[0]}},{"s":[-387.401],"t":181,"i":{"x":[1],"y":[1]},"o":{"x":[0],"y":[0]}},{"s":[-388.196],"t":182,"i":{"x":[1],"y":[1]},"o":{"x":[0],"y":[0]}},{"s":[-388.93],"t":183,"i":{"x":[1],"y":[1]},"o":{"x":[0],"y":[0]}},{"s":[-384.07],"t":184,"i":{"x":[1],"y":[1]},"o":{"x":[0],"y":[0]}},{"s":[-381.915],"t":185,"i":{"x":[1],"y":[1]},"o":{"x":[0],"y":[0]}},{"s":[-381.596],"t":187,"i":{"x":[1],"y":[1]},"o":{"x":[0],"y":[0]}},{"s":[-382.727],"t":188,"i":{"x":[1],"y":[1]},"o":{"x":[0],"y":[0]}},{"s":[-384.479],"t":189,"i":{"x":[1],"y":[1]},"o":{"x":[0],"y":[0]}},{"s":[-386.728],"t":190,"i":{"x":[1],"y":[1]},"o":{"x":[0],"y":[0]}},{"s":[-389.335],"t":191,"i":{"x":[1],"y":[1]},"o":{"x":[0],"y":[0]}},{"s":[-392.057],"t":192,"i":{"x":[1],"y":[1]},"o":{"x":[0],"y":[0]}},{"s":[-393.925],"t":193,"i":{"x":[1],"y":[1]},"o":{"x":[0],"y":[0]}},{"s":[-392.661],"t":194,"i":{"x":[1],"y":[1]},"o":{"x":[0],"y":[0]}},{"s":[-390.191],"t":195,"i":{"x":[1],"y":[1]},"o":{"x":[0],"y":[0]}},{"s":[-387.379],"t":196,"i":{"x":[1],"y":[1]},"o":{"x":[0],"y":[0]}},{"s":[-384.423],"t":197,"i":{"x":[1],"y":[1]},"o":{"x":[0],"y":[0]}},{"s":[-381.397],"t":198,"i":{"x":[1],"y":[1]},"o":{"x":[0],"y":[0]}},{"s":[-379.059],"t":199,"i":{"x":[1],"y":[1]},"o":{"x":[0],"y":[0]}},{"s":[-378.984],"t":200,"i":{"x":[1],"y":[1]},"o":{"x":[0],"y":[0]}},{"s":[-379.441],"t":201,"i":{"x":[1],"y":[1]},"o":{"x":[0],"y":[0]}},{"s":[-380.253],"t":202,"i":{"x":[1],"y":[1]},"o":{"x":[0],"y":[0]}},{"s":[-381.283],"t":203,"i":{"x":[1],"y":[1]},"o":{"x":[0],"y":[0]}},{"s":[-382.475],"t":204,"i":{"x":[1],"y":[1]},"o":{"x":[0],"y":[0]}},{"s":[-383.792],"t":205,"i":{"x":[1],"y":[1]},"o":{"x":[0],"y":[0]}},{"s":[-385.207],"t":206,"i":{"x":[1],"y":[1]},"o":{"x":[0],"y":[0]}},{"s":[-386.698],"t":207,"i":{"x":[1],"y":[1]},"o":{"x":[0],"y":[0]}},{"s":[-388.25],"t":208,"i":{"x":[1],"y":[1]},"o":{"x":[0],"y":[0]}},{"s":[-389.838],"t":209,"i":{"x":[1],"y":[1]},"o":{"x":[0],"y":[0]}},{"s":[-391.444],"t":210,"i":{"x":[1],"y":[1]},"o":{"x":[0],"y":[0]}},{"s":[-393.048],"t":211,"i":{"x":[1],"y":[1]},"o":{"x":[0],"y":[0]}},{"s":[-394.602],"t":212,"i":{"x":[1],"y":[1]},"o":{"x":[0],"y":[0]}},{"s":[-395.996],"t":213,"i":{"x":[1],"y":[1]},"o":{"x":[0],"y":[0]}},{"s":[-397.835],"t":214,"i":{"x":[1],"y":[1]},"o":{"x":[0],"y":[0]}},{"s":[-399.401],"t":215,"i":{"x":[1],"y":[1]},"o":{"x":[0],"y":[0]}},{"s":[-400.206],"t":216,"i":{"x":[1],"y":[1]},"o":{"x":[0],"y":[0]}},{"s":[-399.749],"t":217,"i":{"x":[1],"y":[1]},"o":{"x":[0],"y":[0]}},{"s":[-397.439],"t":218,"i":{"x":[1],"y":[1]},"o":{"x":[0],"y":[0]}},{"s":[-394.581],"t":219,"i":{"x":[1],"y":[1]},"o":{"x":[0],"y":[0]}},{"s":[-391.603],"t":220,"i":{"x":[1],"y":[1]},"o":{"x":[0],"y":[0]}},{"s":[-388.68],"t":221,"i":{"x":[1],"y":[1]},"o":{"x":[0],"y":[0]}},{"s":[-385.923],"t":222,"i":{"x":[1],"y":[1]},"o":{"x":[0],"y":[0]}},{"s":[-383.42],"t":223,"i":{"x":[1],"y":[1]},"o":{"x":[0],"y":[0]}},{"s":[-381.243],"t":224,"i":{"x":[1],"y":[1]},"o":{"x":[0],"y":[0]}},{"s":[-379.448],"t":225,"i":{"x":[1],"y":[1]},"o":{"x":[0],"y":[0]}},{"s":[-378.133],"t":226,"i":{"x":[1],"y":[1]},"o":{"x":[0],"y":[0]}},{"s":[-377.395],"t":227,"i":{"x":[1],"y":[1]},"o":{"x":[0],"y":[0]}},{"s":[-377.333],"t":228,"i":{"x":[1],"y":[1]},"o":{"x":[0],"y":[0]}},{"s":[-377.939],"t":229,"i":{"x":[1],"y":[1]},"o":{"x":[0],"y":[0]}}]},"p":{"k":[{"s":[45.129,89.975,0],"t":0,"i":{"x":1,"y":1},"o":{"x":0,"y":0}},{"s":[45.129,89.975,0],"t":300,"i":{"x":1,"y":1},"o":{"x":0,"y":0}}],"l":2},"a":{"a":0,"k":[36.203,18.558,0],"ix":1,"l":2},"s":{"a":0,"k":[100,100,100],"ix":6,"l":2}},"ao":0,"ef":[{"ty":5,"nm":"IK","np":3,"mn":"Pseudo/DUIK ik","ix":1,"en":1,"ef":[{"ty":10,"nm":"Controller","mn":"Pseudo/DUIK ik-0001","ix":1,"v":{"a":0,"k":4,"ix":1}}]}],"w":68,"h":77,"ip":0,"op":300.00001221925,"st":0,"bm":0},{"ddd":0,"ind":27,"ty":2,"nm":"Layer 21","parent":11,"refId":"image_33","sr":1,"ks":{"o":{"a":0,"k":100,"ix":11},"r":{"a":0,"k":2.21,"ix":10},"p":{"a":0,"k":[83.058,91.531,0],"ix":2,"l":2},"a":{"a":0,"k":[65.506,40.398,0],"ix":1,"l":2},"s":{"a":0,"k":[100,100,100],"ix":6,"l":2}},"ao":0,"ip":0,"op":300.00001221925,"st":0,"bm":0}]},{"id":"comp_1","nm":"L hand 11 Comp 1","fr":29.9700012207031,"layers":[{"ddd":0,"ind":2,"ty":2,"nm":"L hand 11/usman.ai","cl":"ai","refId":"image_0","sr":1,"ks":{"o":{"a":0,"k":100,"ix":11},"r":{"a":0,"k":0,"ix":10},"p":{"a":0,"k":[16,52,0],"ix":2,"l":2},"a":{"a":0,"k":[16,52,0],"ix":1,"l":2},"s":{"a":0,"k":[100,100,100],"ix":6,"l":2}},"ao":0,"ip":0,"op":307.000012504366,"st":0,"bm":0}]},{"id":"comp_2","nm":"L hand 1 Comp 1","fr":29.9700012207031,"layers":[{"ddd":0,"ind":2,"ty":2,"nm":"L hand 1/usman.ai","cl":"ai","refId":"image_1","sr":1,"ks":{"o":{"a":0,"k":100,"ix":11},"r":{"a":0,"k":0,"ix":10},"p":{"a":0,"k":[25.5,61.5,0],"ix":2,"l":2},"a":{"a":0,"k":[25.5,61.5,0],"ix":1,"l":2},"s":{"a":0,"k":[100,100,100],"ix":6,"l":2}},"ao":0,"ip":0,"op":307.000012504366,"st":0,"bm":0}]},{"id":"comp_3","nm":"Pre-comp 2","fr":29.9700012207031,"layers":[{"ddd":0,"ind":1,"ty":2,"nm":"Layer 8","refId":"image_4","sr":1,"ks":{"o":{"a":0,"k":100,"ix":11},"r":{"a":0,"k":0,"ix":10},"p":{"a":0,"k":[70.24,54.382,0],"ix":2,"l":2},"a":{"a":0,"k":[70.09,44.831,0],"ix":1,"l":2},"s":{"a":0,"k":[100,100,100],"ix":6,"l":2}},"ao":0,"ip":0,"op":300.00001221925,"st":0,"bm":0},{"ddd":0,"ind":2,"ty":2,"nm":"Asset 6.png","cl":"png","refId":"image_5","sr":1,"ks":{"o":{"a":0,"k":100,"ix":11},"r":{"a":0,"k":0,"ix":10},"p":{"a":0,"k":[92,123.75,0],"ix":2,"l":2},"a":{"a":0,"k":[31,5,0],"ix":1,"l":2},"s":{"a":0,"k":[20.161,80,100],"ix":6,"l":2}},"ao":0,"ef":[{"ty":21,"nm":"Fill","np":9,"mn":"ADBE Fill","ix":1,"en":1,"ef":[{"ty":10,"nm":"Fill Mask","mn":"ADBE Fill-0001","ix":1,"v":{"a":0,"k":0,"ix":1}},{"ty":7,"nm":"All Masks","mn":"ADBE Fill-0007","ix":2,"v":{"a":0,"k":0,"ix":2}},{"ty":2,"nm":"Color","mn":"ADBE Fill-0002","ix":3,"v":{"a":0,"k":[0.964705944061,0.690196096897,0.57647061348,1],"ix":3}},{"ty":7,"nm":"Invert","mn":"ADBE Fill-0006","ix":4,"v":{"a":0,"k":0,"ix":4}},{"ty":0,"nm":"Horizontal Feather","mn":"ADBE Fill-0003","ix":5,"v":{"a":0,"k":0,"ix":5}},{"ty":0,"nm":"Vertical Feather","mn":"ADBE Fill-0004","ix":6,"v":{"a":0,"k":0,"ix":6}},{"ty":0,"nm":"Opacity","mn":"ADBE Fill-0005","ix":7,"v":{"a":0,"k":1,"ix":7}}]}],"ip":105.000004276738,"op":130.000005295009,"st":105.000004276738,"bm":0},{"ddd":0,"ind":3,"ty":2,"nm":"Asset 6.png","cl":"png","refId":"image_5","sr":1,"ks":{"o":{"a":0,"k":100,"ix":11},"r":{"a":0,"k":0,"ix":10},"p":{"a":0,"k":[92,123.75,0],"ix":2,"l":2},"a":{"a":0,"k":[31,5,0],"ix":1,"l":2},"s":{"a":0,"k":[20.161,80,100],"ix":6,"l":2}},"ao":0,"ef":[{"ty":21,"nm":"Fill","np":9,"mn":"ADBE Fill","ix":1,"en":1,"ef":[{"ty":10,"nm":"Fill Mask","mn":"ADBE Fill-0001","ix":1,"v":{"a":0,"k":0,"ix":1}},{"ty":7,"nm":"All Masks","mn":"ADBE Fill-0007","ix":2,"v":{"a":0,"k":0,"ix":2}},{"ty":2,"nm":"Color","mn":"ADBE Fill-0002","ix":3,"v":{"a":0,"k":[0.964705944061,0.690196096897,0.57647061348,1],"ix":3}},{"ty":7,"nm":"Invert","mn":"ADBE Fill-0006","ix":4,"v":{"a":0,"k":0,"ix":4}},{"ty":0,"nm":"Horizontal Feather","mn":"ADBE Fill-0003","ix":5,"v":{"a":0,"k":0,"ix":5}},{"ty":0,"nm":"Vertical Feather","mn":"ADBE Fill-0004","ix":6,"v":{"a":0,"k":0,"ix":6}},{"ty":0,"nm":"Opacity","mn":"ADBE Fill-0005","ix":7,"v":{"a":0,"k":1,"ix":7}}]}],"ip":0,"op":91.000003706506,"st":0,"bm":0},{"ddd":0,"ind":4,"ty":0,"nm":"ezgif-frame-001","refId":"comp_4","sr":1,"ks":{"o":{"a":0,"k":100,"ix":11},"r":{"a":0,"k":5.075,"ix":10},"p":{"a":0,"k":[91.5,123.5,0],"ix":2,"l":2},"a":{"a":0,"k":[250,250,0],"ix":1,"l":2},"s":{"a":0,"k":[13.727,13.727,100],"ix":6,"l":2}},"ao":0,"w":500,"h":500,"ip":91.000003706506,"op":105.000004276738,"st":60.0000024438501,"bm":0},{"ddd":0,"ind":5,"ty":0,"nm":"ezgif-frame-001","refId":"comp_4","sr":1,"ks":{"o":{"a":0,"k":100,"ix":11},"r":{"a":0,"k":5.075,"ix":10},"p":{"a":0,"k":[91.5,123.5,0],"ix":2,"l":2},"a":{"a":0,"k":[250,250,0],"ix":1,"l":2},"s":{"a":0,"k":[13.727,13.727,100],"ix":6,"l":2}},"ao":0,"w":500,"h":500,"ip":130.000005295009,"op":200.000008146167,"st":120.0000048877,"bm":0},{"ddd":0,"ind":6,"ty":0,"nm":"ezgif-frame-001","refId":"comp_4","sr":1,"ks":{"o":{"a":0,"k":100,"ix":11},"r":{"a":0,"k":5.075,"ix":10},"p":{"a":0,"k":[91.5,123.5,0],"ix":2,"l":2},"a":{"a":0,"k":[250,250,0],"ix":1,"l":2},"s":{"a":0,"k":[13.727,13.727,100],"ix":6,"l":2}},"ao":0,"w":500,"h":500,"ip":200.000008146167,"op":280.000011404634,"st":200.000008146167,"bm":0},{"ddd":0,"ind":7,"ty":0,"nm":"ezgif-frame-001","refId":"comp_4","sr":1,"ks":{"o":{"a":0,"k":100,"ix":11},"r":{"a":0,"k":5.075,"ix":10},"p":{"a":0,"k":[91.5,123.5,0],"ix":2,"l":2},"a":{"a":0,"k":[250,250,0],"ix":1,"l":2},"s":{"a":0,"k":[13.727,13.727,100],"ix":6,"l":2}},"ao":0,"w":500,"h":500,"ip":280.000011404634,"op":302.000012300712,"st":280.000011404634,"bm":0},{"ddd":0,"ind":12,"ty":2,"nm":"R eye ball","parent":18,"refId":"image_15","sr":1,"ks":{"o":{"a":0,"k":100,"ix":11},"r":{"a":0,"k":0,"ix":10},"p":{"a":1,"k":[{"i":{"x":0.833,"y":0.833},"o":{"x":0.167,"y":0.167},"t":9,"s":[71.995,82.572,0],"to":[0.59,-0.322,0],"ti":[-0.59,0.322,0]},{"i":{"x":0.833,"y":0.833},"o":{"x":0.167,"y":0.167},"t":10,"s":[75.534,80.641,0],"to":[0,0,0],"ti":[0,0,0]},{"i":{"x":0.833,"y":0.833},"o":{"x":0.167,"y":0.167},"t":30,"s":[75.534,80.641,0],"to":[-0.5,-0.01,0],"ti":[0.5,0.01,0]},{"i":{"x":0.833,"y":0.833},"o":{"x":0.167,"y":0.167},"t":31,"s":[72.534,80.582,0],"to":[0,0,0],"ti":[0,0,0]},{"i":{"x":0.833,"y":0.833},"o":{"x":0.167,"y":0.167},"t":50,"s":[72.534,80.582,0],"to":[0.16,0.337,0],"ti":[-0.16,-0.337,0]},{"i":{"x":0.833,"y":0.833},"o":{"x":0.167,"y":0.167},"t":51,"s":[73.495,82.601,0],"to":[0,0,0],"ti":[0,0,0]},{"i":{"x":0.833,"y":0.833},"o":{"x":0.167,"y":0.167},"t":90,"s":[73.495,82.601,0],"to":[0.269,-0.095,0],"ti":[-0.269,0.095,0]},{"i":{"x":0.833,"y":0.833},"o":{"x":0.167,"y":0.167},"t":91,"s":[75.106,82.033,0],"to":[0,0,0],"ti":[0,0,0]},{"i":{"x":0.833,"y":0.833},"o":{"x":0.167,"y":0.167},"t":120,"s":[75.106,82.033,0],"to":[-0.269,0.128,0],"ti":[0.269,-0.128,0]},{"i":{"x":0.833,"y":0.833},"o":{"x":0.167,"y":0.167},"t":121,"s":[73.491,82.801,0],"to":[0,0,0],"ti":[0,0,0]},{"i":{"x":0.833,"y":0.833},"o":{"x":0.167,"y":0.167},"t":150,"s":[73.491,82.801,0],"to":[0.171,-0.23,0],"ti":[-0.171,0.23,0]},{"i":{"x":0.833,"y":0.833},"o":{"x":0.167,"y":0.167},"t":151,"s":[74.518,81.421,0],"to":[0,0,0],"ti":[0,0,0]},{"i":{"x":0.833,"y":0.833},"o":{"x":0.167,"y":0.167},"t":180,"s":[74.518,81.421,0],"to":[-0.202,0.096,0],"ti":[0.202,-0.096,0]},{"t":181.000007372281,"s":[73.307,81.997,0]}],"ix":2,"l":2},"a":{"a":0,"k":[5.954,5.954,0],"ix":1,"l":2},"s":{"a":1,"k":[{"i":{"x":[0.833,0.833,0.833],"y":[0.833,0.833,0.833]},"o":{"x":[0.167,0.167,0.167],"y":[0.167,0.167,0.167]},"t":0,"s":[100,100,100]},{"i":{"x":[0.833,0.833,0.833],"y":[0.833,0.833,0.833]},"o":{"x":[0.167,0.167,0.167],"y":[0.167,0.167,0.167]},"t":2,"s":[100,0,100]},{"i":{"x":[0.833,0.833,0.833],"y":[0.833,0.833,0.833]},"o":{"x":[0.167,0.167,0.167],"y":[0.167,0.167,0.167]},"t":4,"s":[100,100,100]},{"i":{"x":[0.833,0.833,0.833],"y":[0.833,0.833,0.833]},"o":{"x":[0.167,0.167,0.167],"y":[0.167,0.167,0.167]},"t":20,"s":[100,100,100]},{"i":{"x":[0.833,0.833,0.833],"y":[0.833,0.833,0.833]},"o":{"x":[0.167,0.167,0.167],"y":[0.167,0.167,0.167]},"t":22,"s":[100,0,100]},{"i":{"x":[0.833,0.833,0.833],"y":[0.833,0.833,0.833]},"o":{"x":[0.167,0.167,0.167],"y":[0.167,0.167,0.167]},"t":24,"s":[100,100,100]},{"i":{"x":[0.833,0.833,0.833],"y":[0.833,0.833,0.833]},"o":{"x":[0.167,0.167,0.167],"y":[0.167,0.167,0.167]},"t":50,"s":[100,100,100]},{"i":{"x":[0.833,0.833,0.833],"y":[0.833,0.833,0.833]},"o":{"x":[0.167,0.167,0.167],"y":[0.167,0.167,0.167]},"t":52,"s":[100,0,100]},{"i":{"x":[0.833,0.833,0.833],"y":[0.833,0.833,0.833]},"o":{"x":[0.167,0.167,0.167],"y":[0.167,0.167,0.167]},"t":54,"s":[100,100,100]},{"i":{"x":[0.833,0.833,0.833],"y":[0.833,0.833,0.833]},"o":{"x":[0.167,0.167,0.167],"y":[0.167,0.167,0.167]},"t":70,"s":[100,100,100]},{"i":{"x":[0.833,0.833,0.833],"y":[0.833,0.833,0.833]},"o":{"x":[0.167,0.167,0.167],"y":[0.167,0.167,0.167]},"t":72,"s":[100,0,100]},{"i":{"x":[0.833,0.833,0.833],"y":[0.833,0.833,0.833]},"o":{"x":[0.167,0.167,0.167],"y":[0.167,0.167,0.167]},"t":74,"s":[100,100,100]},{"i":{"x":[0.833,0.833,0.833],"y":[0.833,0.833,0.833]},"o":{"x":[0.167,0.167,0.167],"y":[0.167,0.167,0.167]},"t":90,"s":[100,100,100]},{"i":{"x":[0.833,0.833,0.833],"y":[0.833,0.833,0.833]},"o":{"x":[0.167,0.167,0.167],"y":[0.167,0.167,0.167]},"t":92,"s":[100,0,100]},{"i":{"x":[0.833,0.833,0.833],"y":[0.833,0.833,0.833]},"o":{"x":[0.167,0.167,0.167],"y":[0.167,0.167,0.167]},"t":94,"s":[100,100,100]},{"i":{"x":[0.833,0.833,0.833],"y":[0.833,0.833,0.833]},"o":{"x":[0.167,0.167,0.167],"y":[0.167,0.167,0.167]},"t":110,"s":[100,100,100]},{"i":{"x":[0.833,0.833,0.833],"y":[0.833,0.833,0.833]},"o":{"x":[0.167,0.167,0.167],"y":[0.167,0.167,0.167]},"t":112,"s":[100,0,100]},{"i":{"x":[0.833,0.833,0.833],"y":[0.833,0.833,0.833]},"o":{"x":[0.167,0.167,0.167],"y":[0.167,0.167,0.167]},"t":114,"s":[100,100,100]},{"i":{"x":[0.833,0.833,0.833],"y":[0.833,0.833,0.833]},"o":{"x":[0.167,0.167,0.167],"y":[0.167,0.167,0.167]},"t":140,"s":[100,100,100]},{"i":{"x":[0.833,0.833,0.833],"y":[0.833,0.833,0.833]},"o":{"x":[0.167,0.167,0.167],"y":[0.167,0.167,0.167]},"t":142,"s":[100,0,100]},{"i":{"x":[0.833,0.833,0.833],"y":[0.833,0.833,0.833]},"o":{"x":[0.167,0.167,0.167],"y":[0.167,0.167,0.167]},"t":144,"s":[100,100,100]},{"i":{"x":[0.833,0.833,0.833],"y":[0.833,0.833,0.833]},"o":{"x":[0.167,0.167,0.167],"y":[0.167,0.167,0.167]},"t":170,"s":[100,100,100]},{"i":{"x":[0.833,0.833,0.833],"y":[0.833,0.833,0.833]},"o":{"x":[0.167,0.167,0.167],"y":[0.167,0.167,0.167]},"t":172,"s":[100,0,100]},{"i":{"x":[0.833,0.833,0.833],"y":[0.833,0.833,0.833]},"o":{"x":[0.167,0.167,0.167],"y":[0.167,0.167,0.167]},"t":174,"s":[100,100,100]},{"i":{"x":[0.833,0.833,0.833],"y":[0.833,0.833,0.833]},"o":{"x":[0.167,0.167,0.167],"y":[0.167,0.167,0.167]},"t":180,"s":[100,100,100]},{"i":{"x":[0.833,0.833,0.833],"y":[0.833,0.833,0.833]},"o":{"x":[0.167,0.167,0.167],"y":[0.167,0.167,0.167]},"t":182,"s":[100,0,100]},{"i":{"x":[0.833,0.833,0.833],"y":[0.833,0.833,0.833]},"o":{"x":[0.167,0.167,0.167],"y":[0.167,0.167,0.167]},"t":184,"s":[100,100,100]},{"i":{"x":[0.833,0.833,0.833],"y":[0.833,0.833,0.833]},"o":{"x":[0.167,0.167,0.167],"y":[0.167,0.167,0.167]},"t":200,"s":[100,100,100]},{"i":{"x":[0.833,0.833,0.833],"y":[0.833,0.833,0.833]},"o":{"x":[0.167,0.167,0.167],"y":[0.167,0.167,0.167]},"t":202,"s":[100,0,100]},{"i":{"x":[0.833,0.833,0.833],"y":[0.833,0.833,0.833]},"o":{"x":[0.167,0.167,0.167],"y":[0.167,0.167,0.167]},"t":204,"s":[100,100,100]},{"i":{"x":[0.833,0.833,0.833],"y":[0.833,0.833,0.833]},"o":{"x":[0.167,0.167,0.167],"y":[0.167,0.167,0.167]},"t":220,"s":[100,100,100]},{"i":{"x":[0.833,0.833,0.833],"y":[0.833,0.833,0.833]},"o":{"x":[0.167,0.167,0.167],"y":[0.167,0.167,0.167]},"t":222,"s":[100,0,100]},{"i":{"x":[0.833,0.833,0.833],"y":[0.833,0.833,0.833]},"o":{"x":[0.167,0.167,0.167],"y":[0.167,0.167,0.167]},"t":224,"s":[100,100,100]},{"i":{"x":[0.833,0.833,0.833],"y":[0.833,0.833,0.833]},"o":{"x":[0.167,0.167,0.167],"y":[0.167,0.167,0.167]},"t":240,"s":[100,100,100]},{"i":{"x":[0.833,0.833,0.833],"y":[0.833,0.833,0.833]},"o":{"x":[0.167,0.167,0.167],"y":[0.167,0.167,0.167]},"t":242,"s":[100,0,100]},{"t":244.000009938324,"s":[100,100,100]}],"ix":6,"l":2}},"ao":0,"ip":0,"op":306.000012463636,"st":0,"bm":0},{"ddd":0,"ind":13,"ty":2,"nm":"L eye ball","parent":18,"refId":"image_16","sr":1,"ks":{"o":{"a":0,"k":100,"ix":11},"r":{"a":0,"k":0,"ix":10},"p":{"a":1,"k":[{"i":{"x":0.833,"y":0.833},"o":{"x":0.167,"y":0.167},"t":9,"s":[47.303,82.572,0],"to":[0.59,-0.322,0],"ti":[-0.59,0.322,0]},{"i":{"x":0.833,"y":0.833},"o":{"x":0.167,"y":0.167},"t":10,"s":[50.841,80.641,0],"to":[0,0,0],"ti":[0,0,0]},{"i":{"x":0.833,"y":0.833},"o":{"x":0.167,"y":0.167},"t":30,"s":[50.841,80.641,0],"to":[-0.5,-0.01,0],"ti":[0.5,0.01,0]},{"i":{"x":0.833,"y":0.833},"o":{"x":0.167,"y":0.167},"t":31,"s":[47.842,80.582,0],"to":[0,0,0],"ti":[0,0,0]},{"i":{"x":0.833,"y":0.833},"o":{"x":0.167,"y":0.167},"t":50,"s":[47.842,80.582,0],"to":[0.16,0.337,0],"ti":[-0.16,-0.337,0]},{"i":{"x":0.833,"y":0.833},"o":{"x":0.167,"y":0.167},"t":51,"s":[48.802,82.601,0],"to":[0,0,0],"ti":[0,0,0]},{"i":{"x":0.833,"y":0.833},"o":{"x":0.167,"y":0.167},"t":90,"s":[48.802,82.601,0],"to":[0.269,-0.095,0],"ti":[-0.269,0.095,0]},{"i":{"x":0.833,"y":0.833},"o":{"x":0.167,"y":0.167},"t":91,"s":[50.414,82.033,0],"to":[0,0,0],"ti":[0,0,0]},{"i":{"x":0.833,"y":0.833},"o":{"x":0.167,"y":0.167},"t":120,"s":[50.414,82.033,0],"to":[-0.269,0.128,0],"ti":[0.269,-0.128,0]},{"i":{"x":0.833,"y":0.833},"o":{"x":0.167,"y":0.167},"t":121,"s":[48.798,82.801,0],"to":[0,0,0],"ti":[0,0,0]},{"i":{"x":0.833,"y":0.833},"o":{"x":0.167,"y":0.167},"t":150,"s":[48.798,82.801,0],"to":[0.171,-0.23,0],"ti":[-0.171,0.23,0]},{"i":{"x":0.833,"y":0.833},"o":{"x":0.167,"y":0.167},"t":151,"s":[49.826,81.421,0],"to":[0,0,0],"ti":[0,0,0]},{"i":{"x":0.833,"y":0.833},"o":{"x":0.167,"y":0.167},"t":180,"s":[49.826,81.421,0],"to":[-0.202,0.096,0],"ti":[0.202,-0.096,0]},{"t":181.000007372281,"s":[48.614,81.997,0]}],"ix":2,"l":2},"a":{"a":0,"k":[5.953,5.954,0],"ix":1,"l":2},"s":{"a":1,"k":[{"i":{"x":[0.833,0.833,0.833],"y":[0.833,0.833,0.833]},"o":{"x":[0.167,0.167,0.167],"y":[0.167,0.167,0.167]},"t":0,"s":[100,100,100]},{"i":{"x":[0.833,0.833,0.833],"y":[0.833,0.833,0.833]},"o":{"x":[0.167,0.167,0.167],"y":[0.167,0.167,0.167]},"t":2,"s":[100,0,100]},{"i":{"x":[0.833,0.833,0.833],"y":[0.833,0.833,0.833]},"o":{"x":[0.167,0.167,0.167],"y":[0.167,0.167,0.167]},"t":4,"s":[100,100,100]},{"i":{"x":[0.833,0.833,0.833],"y":[0.833,0.833,0.833]},"o":{"x":[0.167,0.167,0.167],"y":[0.167,0.167,0.167]},"t":20,"s":[100,100,100]},{"i":{"x":[0.833,0.833,0.833],"y":[0.833,0.833,0.833]},"o":{"x":[0.167,0.167,0.167],"y":[0.167,0.167,0.167]},"t":22,"s":[100,0,100]},{"i":{"x":[0.833,0.833,0.833],"y":[0.833,0.833,0.833]},"o":{"x":[0.167,0.167,0.167],"y":[0.167,0.167,0.167]},"t":24,"s":[100,100,100]},{"i":{"x":[0.833,0.833,0.833],"y":[0.833,0.833,0.833]},"o":{"x":[0.167,0.167,0.167],"y":[0.167,0.167,0.167]},"t":50,"s":[100,100,100]},{"i":{"x":[0.833,0.833,0.833],"y":[0.833,0.833,0.833]},"o":{"x":[0.167,0.167,0.167],"y":[0.167,0.167,0.167]},"t":52,"s":[100,0,100]},{"i":{"x":[0.833,0.833,0.833],"y":[0.833,0.833,0.833]},"o":{"x":[0.167,0.167,0.167],"y":[0.167,0.167,0.167]},"t":54,"s":[100,100,100]},{"i":{"x":[0.833,0.833,0.833],"y":[0.833,0.833,0.833]},"o":{"x":[0.167,0.167,0.167],"y":[0.167,0.167,0.167]},"t":70,"s":[100,100,100]},{"i":{"x":[0.833,0.833,0.833],"y":[0.833,0.833,0.833]},"o":{"x":[0.167,0.167,0.167],"y":[0.167,0.167,0.167]},"t":72,"s":[100,0,100]},{"i":{"x":[0.833,0.833,0.833],"y":[0.833,0.833,0.833]},"o":{"x":[0.167,0.167,0.167],"y":[0.167,0.167,0.167]},"t":74,"s":[100,100,100]},{"i":{"x":[0.833,0.833,0.833],"y":[0.833,0.833,0.833]},"o":{"x":[0.167,0.167,0.167],"y":[0.167,0.167,0.167]},"t":90,"s":[100,100,100]},{"i":{"x":[0.833,0.833,0.833],"y":[0.833,0.833,0.833]},"o":{"x":[0.167,0.167,0.167],"y":[0.167,0.167,0.167]},"t":92,"s":[100,0,100]},{"i":{"x":[0.833,0.833,0.833],"y":[0.833,0.833,0.833]},"o":{"x":[0.167,0.167,0.167],"y":[0.167,0.167,0.167]},"t":94,"s":[100,100,100]},{"i":{"x":[0.833,0.833,0.833],"y":[0.833,0.833,0.833]},"o":{"x":[0.167,0.167,0.167],"y":[0.167,0.167,0.167]},"t":110,"s":[100,100,100]},{"i":{"x":[0.833,0.833,0.833],"y":[0.833,0.833,0.833]},"o":{"x":[0.167,0.167,0.167],"y":[0.167,0.167,0.167]},"t":112,"s":[100,0,100]},{"i":{"x":[0.833,0.833,0.833],"y":[0.833,0.833,0.833]},"o":{"x":[0.167,0.167,0.167],"y":[0.167,0.167,0.167]},"t":114,"s":[100,100,100]},{"i":{"x":[0.833,0.833,0.833],"y":[0.833,0.833,0.833]},"o":{"x":[0.167,0.167,0.167],"y":[0.167,0.167,0.167]},"t":140,"s":[100,100,100]},{"i":{"x":[0.833,0.833,0.833],"y":[0.833,0.833,0.833]},"o":{"x":[0.167,0.167,0.167],"y":[0.167,0.167,0.167]},"t":142,"s":[100,0,100]},{"i":{"x":[0.833,0.833,0.833],"y":[0.833,0.833,0.833]},"o":{"x":[0.167,0.167,0.167],"y":[0.167,0.167,0.167]},"t":144,"s":[100,100,100]},{"i":{"x":[0.833,0.833,0.833],"y":[0.833,0.833,0.833]},"o":{"x":[0.167,0.167,0.167],"y":[0.167,0.167,0.167]},"t":170,"s":[100,100,100]},{"i":{"x":[0.833,0.833,0.833],"y":[0.833,0.833,0.833]},"o":{"x":[0.167,0.167,0.167],"y":[0.167,0.167,0.167]},"t":172,"s":[100,0,100]},{"i":{"x":[0.833,0.833,0.833],"y":[0.833,0.833,0.833]},"o":{"x":[0.167,0.167,0.167],"y":[0.167,0.167,0.167]},"t":174,"s":[100,100,100]},{"i":{"x":[0.833,0.833,0.833],"y":[0.833,0.833,0.833]},"o":{"x":[0.167,0.167,0.167],"y":[0.167,0.167,0.167]},"t":180,"s":[100,100,100]},{"i":{"x":[0.833,0.833,0.833],"y":[0.833,0.833,0.833]},"o":{"x":[0.167,0.167,0.167],"y":[0.167,0.167,0.167]},"t":182,"s":[100,0,100]},{"i":{"x":[0.833,0.833,0.833],"y":[0.833,0.833,0.833]},"o":{"x":[0.167,0.167,0.167],"y":[0.167,0.167,0.167]},"t":184,"s":[100,100,100]},{"i":{"x":[0.833,0.833,0.833],"y":[0.833,0.833,0.833]},"o":{"x":[0.167,0.167,0.167],"y":[0.167,0.167,0.167]},"t":200,"s":[100,100,100]},{"i":{"x":[0.833,0.833,0.833],"y":[0.833,0.833,0.833]},"o":{"x":[0.167,0.167,0.167],"y":[0.167,0.167,0.167]},"t":202,"s":[100,0,100]},{"i":{"x":[0.833,0.833,0.833],"y":[0.833,0.833,0.833]},"o":{"x":[0.167,0.167,0.167],"y":[0.167,0.167,0.167]},"t":204,"s":[100,100,100]},{"i":{"x":[0.833,0.833,0.833],"y":[0.833,0.833,0.833]},"o":{"x":[0.167,0.167,0.167],"y":[0.167,0.167,0.167]},"t":220,"s":[100,100,100]},{"i":{"x":[0.833,0.833,0.833],"y":[0.833,0.833,0.833]},"o":{"x":[0.167,0.167,0.167],"y":[0.167,0.167,0.167]},"t":222,"s":[100,0,100]},{"i":{"x":[0.833,0.833,0.833],"y":[0.833,0.833,0.833]},"o":{"x":[0.167,0.167,0.167],"y":[0.167,0.167,0.167]},"t":224,"s":[100,100,100]},{"i":{"x":[0.833,0.833,0.833],"y":[0.833,0.833,0.833]},"o":{"x":[0.167,0.167,0.167],"y":[0.167,0.167,0.167]},"t":240,"s":[100,100,100]},{"i":{"x":[0.833,0.833,0.833],"y":[0.833,0.833,0.833]},"o":{"x":[0.167,0.167,0.167],"y":[0.167,0.167,0.167]},"t":242,"s":[100,0,100]},{"t":244.000009938324,"s":[100,100,100]}],"ix":6,"l":2}},"ao":0,"ip":0,"op":306.000012463636,"st":0,"bm":0},{"ddd":0,"ind":15,"ty":0,"nm":"R eye brow","parent":18,"refId":"comp_5","sr":1,"ks":{"o":{"a":0,"k":100,"ix":11},"r":{"a":0,"k":0,"ix":10},"p":{"a":1,"k":[{"i":{"x":0.833,"y":0.833},"o":{"x":0.167,"y":0.167},"t":9,"s":[75.219,69.93,0],"to":[0.342,-0.41,0],"ti":[-0.342,0.41,0]},{"i":{"x":0.833,"y":0.833},"o":{"x":0.167,"y":0.167},"t":10,"s":[77.268,67.47,0],"to":[0,0,0],"ti":[0,0,0]},{"i":{"x":0.833,"y":0.833},"o":{"x":0.167,"y":0.167},"t":30,"s":[77.268,67.47,0],"to":[-0.332,-0.09,0],"ti":[0.332,0.09,0]},{"i":{"x":0.833,"y":0.833},"o":{"x":0.167,"y":0.167},"t":31,"s":[75.279,66.93,0],"to":[0,0,0],"ti":[0,0,0]},{"i":{"x":0.833,"y":0.833},"o":{"x":0.167,"y":0.167},"t":50,"s":[75.279,66.93,0],"to":[0.157,0.503,0],"ti":[-0.157,-0.503,0]},{"t":51.0000020772726,"s":[76.219,69.95,0]}],"ix":2,"l":2},"a":{"a":0,"k":[11.869,6.797,0],"ix":1,"l":2},"s":{"a":0,"k":[100,100,100],"ix":6,"l":2}},"ao":0,"w":24,"h":14,"ip":0,"op":306.000012463636,"st":0,"bm":0},{"ddd":0,"ind":16,"ty":0,"nm":"L eye brow","parent":18,"refId":"comp_6","sr":1,"ks":{"o":{"a":0,"k":100,"ix":11},"r":{"a":0,"k":0,"ix":10},"p":{"a":1,"k":[{"i":{"x":0.833,"y":0.833},"o":{"x":0.167,"y":0.167},"t":9,"s":[42.709,69.098,0],"to":[0.342,-0.41,0],"ti":[-0.342,0.41,0]},{"i":{"x":0.833,"y":0.833},"o":{"x":0.167,"y":0.167},"t":10,"s":[44.758,66.638,0],"to":[0,0,0],"ti":[0,0,0]},{"i":{"x":0.833,"y":0.833},"o":{"x":0.167,"y":0.167},"t":30,"s":[44.758,66.638,0],"to":[-0.332,-0.09,0],"ti":[0.332,0.09,0]},{"i":{"x":0.833,"y":0.833},"o":{"x":0.167,"y":0.167},"t":31,"s":[42.769,66.099,0],"to":[0,0,0],"ti":[0,0,0]},{"i":{"x":0.833,"y":0.833},"o":{"x":0.167,"y":0.167},"t":50,"s":[42.769,66.099,0],"to":[0.157,0.503,0],"ti":[-0.157,-0.503,0]},{"t":51.0000020772726,"s":[43.709,69.118,0]}],"ix":2,"l":2},"a":{"a":0,"k":[14.207,7.274,0],"ix":1,"l":2},"s":{"a":0,"k":[100,100,100],"ix":6,"l":2}},"ao":0,"w":29,"h":15,"ip":0,"op":306.000012463636,"st":0,"bm":0},{"ddd":0,"ind":17,"ty":2,"nm":"sara face","refId":"image_19","sr":1,"ks":{"o":{"a":0,"k":100,"ix":11},"r":{"a":0,"k":0,"ix":10},"p":{"a":0,"k":[80.452,90.551,0],"ix":2,"l":2},"a":{"a":0,"k":[48.553,58.451,0],"ix":1,"l":2},"s":{"a":0,"k":[100,100,100],"ix":6,"l":2}},"ao":0,"ip":0,"op":300.00001221925,"st":0,"bm":0},{"ddd":0,"ind":18,"ty":3,"nm":"face","sr":1,"ks":{"o":{"a":0,"k":100,"ix":11},"r":{"a":0,"k":-1.136,"ix":10},"p":{"a":0,"k":[87.348,139.909,0],"ix":2,"l":2},"a":{"a":0,"k":[54.496,138.305,0],"ix":1,"l":2},"s":{"a":0,"k":[100,100,100],"ix":6,"l":2}},"ao":0,"ip":0,"op":306.000012463636,"st":0,"bm":0}]},{"id":"comp_4","nm":"ezgif-frame-001","fr":29.9700012207031,"layers":[{"ddd":0,"ind":1,"ty":2,"nm":"ezgif-frame-001.png","cl":"png","refId":"image_6","sr":1,"ks":{"o":{"a":0,"k":100,"ix":11},"r":{"a":0,"k":0,"ix":10},"p":{"a":0,"k":[250,250,0],"ix":2,"l":2},"a":{"a":0,"k":[250,250,0],"ix":1,"l":2},"s":{"a":0,"k":[100,100,100],"ix":6,"l":2}},"ao":0,"ip":0,"op":3.00000012219251,"st":0,"bm":0},{"ddd":0,"ind":2,"ty":2,"nm":"ezgif-frame-005.png","cl":"png","refId":"image_7","sr":1,"ks":{"o":{"a":0,"k":100,"ix":11},"r":{"a":0,"k":0,"ix":10},"p":{"a":0,"k":[250,250,0],"ix":2,"l":2},"a":{"a":0,"k":[250,250,0],"ix":1,"l":2},"s":{"a":0,"k":[100,100,100],"ix":6,"l":2}},"ao":0,"ip":3.00000012219251,"op":6.00000024438501,"st":2.00000008146167,"bm":0},{"ddd":0,"ind":3,"ty":2,"nm":"ezgif-frame-006.png","cl":"png","refId":"image_8","sr":1,"ks":{"o":{"a":0,"k":100,"ix":11},"r":{"a":0,"k":0,"ix":10},"p":{"a":0,"k":[250,250,0],"ix":2,"l":2},"a":{"a":0,"k":[250,250,0],"ix":1,"l":2},"s":{"a":0,"k":[100,100,100],"ix":6,"l":2}},"ao":0,"ip":6.00000024438501,"op":9.00000036657752,"st":4.00000016292334,"bm":0},{"ddd":0,"ind":4,"ty":2,"nm":"ezgif-frame-007.png","cl":"png","refId":"image_9","sr":1,"ks":{"o":{"a":0,"k":100,"ix":11},"r":{"a":0,"k":0,"ix":10},"p":{"a":0,"k":[250,250,0],"ix":2,"l":2},"a":{"a":0,"k":[250,250,0],"ix":1,"l":2},"s":{"a":0,"k":[100,100,100],"ix":6,"l":2}},"ao":0,"ip":9.00000036657752,"op":12.00000048877,"st":6.00000024438501,"bm":0},{"ddd":0,"ind":5,"ty":2,"nm":"ezgif-frame-008.png","cl":"png","refId":"image_10","sr":1,"ks":{"o":{"a":0,"k":100,"ix":11},"r":{"a":0,"k":0,"ix":10},"p":{"a":0,"k":[250,250,0],"ix":2,"l":2},"a":{"a":0,"k":[250,250,0],"ix":1,"l":2},"s":{"a":0,"k":[100,100,100],"ix":6,"l":2}},"ao":0,"ip":12.00000048877,"op":15.0000006109625,"st":8.00000032584668,"bm":0},{"ddd":0,"ind":6,"ty":2,"nm":"ezgif-frame-010.png","cl":"png","refId":"image_11","sr":1,"ks":{"o":{"a":0,"k":100,"ix":11},"r":{"a":0,"k":0,"ix":10},"p":{"a":0,"k":[250,250,0],"ix":2,"l":2},"a":{"a":0,"k":[250,250,0],"ix":1,"l":2},"s":{"a":0,"k":[100,100,100],"ix":6,"l":2}},"ao":0,"ip":15.0000006109625,"op":18.000000733155,"st":0,"bm":0},{"ddd":0,"ind":7,"ty":2,"nm":"ezgif-frame-011.png","cl":"png","refId":"image_12","sr":1,"ks":{"o":{"a":0,"k":100,"ix":11},"r":{"a":0,"k":0,"ix":10},"p":{"a":0,"k":[250,250,0],"ix":2,"l":2},"a":{"a":0,"k":[250,250,0],"ix":1,"l":2},"s":{"a":0,"k":[100,100,100],"ix":6,"l":2}},"ao":0,"ip":18.000000733155,"op":21.0000008553475,"st":2.00000008146167,"bm":0},{"ddd":0,"ind":8,"ty":2,"nm":"ezgif-frame-014.png","cl":"png","refId":"image_13","sr":1,"ks":{"o":{"a":0,"k":100,"ix":11},"r":{"a":0,"k":0,"ix":10},"p":{"a":0,"k":[250,250,0],"ix":2,"l":2},"a":{"a":0,"k":[250,250,0],"ix":1,"l":2},"s":{"a":0,"k":[100,100,100],"ix":6,"l":2}},"ao":0,"ip":21.0000008553475,"op":24.00000097754,"st":7.00000028511585,"bm":0},{"ddd":0,"ind":9,"ty":2,"nm":"ezgif-frame-016.png","cl":"png","refId":"image_14","sr":1,"ks":{"o":{"a":0,"k":100,"ix":11},"r":{"a":0,"k":0,"ix":10},"p":{"a":0,"k":[250,250,0],"ix":2,"l":2},"a":{"a":0,"k":[250,250,0],"ix":1,"l":2},"s":{"a":0,"k":[100,100,100],"ix":6,"l":2}},"ao":0,"ip":24.00000097754,"op":27.0000010997325,"st":3.00000012219251,"bm":0},{"ddd":0,"ind":10,"ty":2,"nm":"ezgif-frame-001.png","cl":"png","refId":"image_6","sr":1,"ks":{"o":{"a":0,"k":100,"ix":11},"r":{"a":0,"k":0,"ix":10},"p":{"a":0,"k":[250,250,0],"ix":2,"l":2},"a":{"a":0,"k":[250,250,0],"ix":1,"l":2},"s":{"a":0,"k":[100,100,100],"ix":6,"l":2}},"ao":0,"ip":27.0000010997325,"op":30.0000012219251,"st":27.0000010997325,"bm":0},{"ddd":0,"ind":11,"ty":2,"nm":"ezgif-frame-005.png","cl":"png","refId":"image_7","sr":1,"ks":{"o":{"a":0,"k":100,"ix":11},"r":{"a":0,"k":0,"ix":10},"p":{"a":0,"k":[250,250,0],"ix":2,"l":2},"a":{"a":0,"k":[250,250,0],"ix":1,"l":2},"s":{"a":0,"k":[100,100,100],"ix":6,"l":2}},"ao":0,"ip":30.0000012219251,"op":33.0000013441176,"st":29.0000011811942,"bm":0},{"ddd":0,"ind":12,"ty":2,"nm":"ezgif-frame-006.png","cl":"png","refId":"image_8","sr":1,"ks":{"o":{"a":0,"k":100,"ix":11},"r":{"a":0,"k":0,"ix":10},"p":{"a":0,"k":[250,250,0],"ix":2,"l":2},"a":{"a":0,"k":[250,250,0],"ix":1,"l":2},"s":{"a":0,"k":[100,100,100],"ix":6,"l":2}},"ao":0,"ip":33.0000013441176,"op":36.0000014663101,"st":31.0000012626559,"bm":0},{"ddd":0,"ind":13,"ty":2,"nm":"ezgif-frame-007.png","cl":"png","refId":"image_9","sr":1,"ks":{"o":{"a":0,"k":100,"ix":11},"r":{"a":0,"k":0,"ix":10},"p":{"a":0,"k":[250,250,0],"ix":2,"l":2},"a":{"a":0,"k":[250,250,0],"ix":1,"l":2},"s":{"a":0,"k":[100,100,100],"ix":6,"l":2}},"ao":0,"ip":36.0000014663101,"op":39.0000015885026,"st":33.0000013441176,"bm":0},{"ddd":0,"ind":14,"ty":2,"nm":"ezgif-frame-008.png","cl":"png","refId":"image_10","sr":1,"ks":{"o":{"a":0,"k":100,"ix":11},"r":{"a":0,"k":0,"ix":10},"p":{"a":0,"k":[250,250,0],"ix":2,"l":2},"a":{"a":0,"k":[250,250,0],"ix":1,"l":2},"s":{"a":0,"k":[100,100,100],"ix":6,"l":2}},"ao":0,"ip":39.0000015885026,"op":42.0000017106951,"st":35.0000014255792,"bm":0},{"ddd":0,"ind":15,"ty":2,"nm":"ezgif-frame-010.png","cl":"png","refId":"image_11","sr":1,"ks":{"o":{"a":0,"k":100,"ix":11},"r":{"a":0,"k":0,"ix":10},"p":{"a":0,"k":[250,250,0],"ix":2,"l":2},"a":{"a":0,"k":[250,250,0],"ix":1,"l":2},"s":{"a":0,"k":[100,100,100],"ix":6,"l":2}},"ao":0,"ip":42.0000017106951,"op":45.0000018328876,"st":27.0000010997325,"bm":0},{"ddd":0,"ind":16,"ty":2,"nm":"ezgif-frame-011.png","cl":"png","refId":"image_12","sr":1,"ks":{"o":{"a":0,"k":100,"ix":11},"r":{"a":0,"k":0,"ix":10},"p":{"a":0,"k":[250,250,0],"ix":2,"l":2},"a":{"a":0,"k":[250,250,0],"ix":1,"l":2},"s":{"a":0,"k":[100,100,100],"ix":6,"l":2}},"ao":0,"ip":45.0000018328876,"op":48.0000019550801,"st":29.0000011811942,"bm":0},{"ddd":0,"ind":17,"ty":2,"nm":"ezgif-frame-014.png","cl":"png","refId":"image_13","sr":1,"ks":{"o":{"a":0,"k":100,"ix":11},"r":{"a":0,"k":0,"ix":10},"p":{"a":0,"k":[250,250,0],"ix":2,"l":2},"a":{"a":0,"k":[250,250,0],"ix":1,"l":2},"s":{"a":0,"k":[100,100,100],"ix":6,"l":2}},"ao":0,"ip":48.0000019550801,"op":51.0000020772726,"st":34.0000013848484,"bm":0},{"ddd":0,"ind":18,"ty":2,"nm":"ezgif-frame-016.png","cl":"png","refId":"image_14","sr":1,"ks":{"o":{"a":0,"k":100,"ix":11},"r":{"a":0,"k":0,"ix":10},"p":{"a":0,"k":[250,250,0],"ix":2,"l":2},"a":{"a":0,"k":[250,250,0],"ix":1,"l":2},"s":{"a":0,"k":[100,100,100],"ix":6,"l":2}},"ao":0,"ip":51.0000020772726,"op":54.0000021994651,"st":30.0000012219251,"bm":0},{"ddd":0,"ind":19,"ty":2,"nm":"ezgif-frame-001.png","cl":"png","refId":"image_6","sr":1,"ks":{"o":{"a":0,"k":100,"ix":11},"r":{"a":0,"k":0,"ix":10},"p":{"a":0,"k":[250,250,0],"ix":2,"l":2},"a":{"a":0,"k":[250,250,0],"ix":1,"l":2},"s":{"a":0,"k":[100,100,100],"ix":6,"l":2}},"ao":0,"ip":54.0000021994651,"op":57.0000023216576,"st":54.0000021994651,"bm":0},{"ddd":0,"ind":20,"ty":2,"nm":"ezgif-frame-005.png","cl":"png","refId":"image_7","sr":1,"ks":{"o":{"a":0,"k":100,"ix":11},"r":{"a":0,"k":0,"ix":10},"p":{"a":0,"k":[250,250,0],"ix":2,"l":2},"a":{"a":0,"k":[250,250,0],"ix":1,"l":2},"s":{"a":0,"k":[100,100,100],"ix":6,"l":2}},"ao":0,"ip":57.0000023216576,"op":60.0000024438501,"st":56.0000022809268,"bm":0},{"ddd":0,"ind":21,"ty":2,"nm":"ezgif-frame-006.png","cl":"png","refId":"image_8","sr":1,"ks":{"o":{"a":0,"k":100,"ix":11},"r":{"a":0,"k":0,"ix":10},"p":{"a":0,"k":[250,250,0],"ix":2,"l":2},"a":{"a":0,"k":[250,250,0],"ix":1,"l":2},"s":{"a":0,"k":[100,100,100],"ix":6,"l":2}},"ao":0,"ip":60.0000024438501,"op":63.0000025660426,"st":58.0000023623884,"bm":0},{"ddd":0,"ind":22,"ty":2,"nm":"ezgif-frame-007.png","cl":"png","refId":"image_9","sr":1,"ks":{"o":{"a":0,"k":100,"ix":11},"r":{"a":0,"k":0,"ix":10},"p":{"a":0,"k":[250,250,0],"ix":2,"l":2},"a":{"a":0,"k":[250,250,0],"ix":1,"l":2},"s":{"a":0,"k":[100,100,100],"ix":6,"l":2}},"ao":0,"ip":63.0000025660426,"op":66.0000026882351,"st":60.0000024438501,"bm":0},{"ddd":0,"ind":23,"ty":2,"nm":"ezgif-frame-008.png","cl":"png","refId":"image_10","sr":1,"ks":{"o":{"a":0,"k":100,"ix":11},"r":{"a":0,"k":0,"ix":10},"p":{"a":0,"k":[250,250,0],"ix":2,"l":2},"a":{"a":0,"k":[250,250,0],"ix":1,"l":2},"s":{"a":0,"k":[100,100,100],"ix":6,"l":2}},"ao":0,"ip":66.0000026882351,"op":69.0000028104276,"st":62.0000025253118,"bm":0},{"ddd":0,"ind":24,"ty":2,"nm":"ezgif-frame-010.png","cl":"png","refId":"image_11","sr":1,"ks":{"o":{"a":0,"k":100,"ix":11},"r":{"a":0,"k":0,"ix":10},"p":{"a":0,"k":[250,250,0],"ix":2,"l":2},"a":{"a":0,"k":[250,250,0],"ix":1,"l":2},"s":{"a":0,"k":[100,100,100],"ix":6,"l":2}},"ao":0,"ip":69.0000028104276,"op":72.0000029326201,"st":54.0000021994651,"bm":0},{"ddd":0,"ind":25,"ty":2,"nm":"ezgif-frame-011.png","cl":"png","refId":"image_12","sr":1,"ks":{"o":{"a":0,"k":100,"ix":11},"r":{"a":0,"k":0,"ix":10},"p":{"a":0,"k":[250,250,0],"ix":2,"l":2},"a":{"a":0,"k":[250,250,0],"ix":1,"l":2},"s":{"a":0,"k":[100,100,100],"ix":6,"l":2}},"ao":0,"ip":72.0000029326201,"op":75.0000030548126,"st":56.0000022809268,"bm":0},{"ddd":0,"ind":26,"ty":2,"nm":"ezgif-frame-014.png","cl":"png","refId":"image_13","sr":1,"ks":{"o":{"a":0,"k":100,"ix":11},"r":{"a":0,"k":0,"ix":10},"p":{"a":0,"k":[250,250,0],"ix":2,"l":2},"a":{"a":0,"k":[250,250,0],"ix":1,"l":2},"s":{"a":0,"k":[100,100,100],"ix":6,"l":2}},"ao":0,"ip":75.0000030548126,"op":78.0000031770051,"st":61.0000024845809,"bm":0},{"ddd":0,"ind":27,"ty":2,"nm":"ezgif-frame-016.png","cl":"png","refId":"image_14","sr":1,"ks":{"o":{"a":0,"k":100,"ix":11},"r":{"a":0,"k":0,"ix":10},"p":{"a":0,"k":[250,250,0],"ix":2,"l":2},"a":{"a":0,"k":[250,250,0],"ix":1,"l":2},"s":{"a":0,"k":[100,100,100],"ix":6,"l":2}},"ao":0,"ip":78.0000031770051,"op":81.0000032991976,"st":57.0000023216576,"bm":0}]},{"id":"comp_5","nm":"R eye brow Comp 1","fr":29.9700012207031,"layers":[{"ddd":0,"ind":1,"ty":2,"nm":"Layer 11","refId":"image_17","sr":1,"ks":{"o":{"a":0,"k":100,"ix":11},"r":{"a":0,"k":0,"ix":10},"p":{"a":0,"k":[11.889,6.759,0],"ix":2,"l":2},"a":{"a":0,"k":[9.389,2.759,0],"ix":1,"l":2},"s":{"a":0,"k":[100,100,100],"ix":6,"l":2}},"ao":0,"ip":0,"op":300.00001221925,"st":0,"bm":0}]},{"id":"comp_6","nm":"L eye brow Comp 1","fr":29.9700012207031,"layers":[{"ddd":0,"ind":1,"ty":2,"nm":"Layer 12","refId":"image_18","sr":1,"ks":{"o":{"a":0,"k":100,"ix":11},"r":{"a":0,"k":0,"ix":10},"p":{"a":0,"k":[13.886,6.692,0],"ix":2,"l":2},"a":{"a":0,"k":[9.386,2.692,0],"ix":1,"l":2},"s":{"a":0,"k":[100,100,100],"ix":6,"l":2}},"ao":0,"ip":0,"op":300.00001221925,"st":0,"bm":0}]},{"id":"comp_7","nm":"neck Comp 1","fr":29.9700012207031,"layers":[{"ddd":0,"ind":1,"ty":2,"nm":"Layer 7","refId":"image_20","sr":1,"ks":{"o":{"a":0,"k":100,"ix":11},"r":{"a":0,"k":8.408,"ix":10},"p":{"a":0,"k":[18.72,13.662,0],"ix":2,"l":2},"a":{"a":0,"k":[20.72,17.162,0],"ix":1,"l":2},"s":{"a":0,"k":[100,100,100],"ix":6,"l":2}},"ao":0,"ip":0,"op":303.000012341443,"st":0,"bm":0}]},{"id":"comp_8","nm":"body Comp 1","fr":29.9700012207031,"layers":[{"ddd":0,"ind":2,"ty":2,"nm":"body/usman.ai","cl":"ai","refId":"image_22","sr":1,"ks":{"o":{"a":0,"k":100,"ix":11},"r":{"a":0,"k":0,"ix":10},"p":{"a":0,"k":[80,108,0],"ix":2,"l":2},"a":{"a":0,"k":[80,108,0],"ix":1,"l":2},"s":{"a":0,"k":[100,100,100],"ix":6,"l":2}},"ao":0,"ip":0,"op":307.000012504366,"st":0,"bm":0}]},{"id":"comp_9","nm":"body down Comp 1","fr":29.9700012207031,"layers":[{"ddd":0,"ind":2,"ty":2,"nm":"body down/usman.ai","cl":"ai","refId":"image_23","sr":1,"ks":{"o":{"a":0,"k":100,"ix":11},"r":{"a":0,"k":0,"ix":10},"p":{"a":0,"k":[56,27.5,0],"ix":2,"l":2},"a":{"a":0,"k":[56,27.5,0],"ix":1,"l":2},"s":{"a":0,"k":[100,100,100],"ix":6,"l":2}},"ao":0,"ip":0,"op":307.000012504366,"st":0,"bm":0}]},{"id":"comp_10","nm":"L leg 1 Comp 1","fr":29.9700012207031,"layers":[{"ddd":0,"ind":2,"ty":2,"nm":"L leg 11/usman.ai","cl":"ai","refId":"image_24","sr":1,"ks":{"o":{"a":0,"k":100,"ix":11},"r":{"a":0,"k":0,"ix":10},"p":{"a":0,"k":[27.5,95.5,0],"ix":2,"l":2},"a":{"a":0,"k":[27.5,95.5,0],"ix":1,"l":2},"s":{"a":0,"k":[100,100,100],"ix":6,"l":2}},"ao":0,"ip":0,"op":307.000012504366,"st":0,"bm":0}]},{"id":"comp_11","nm":"L leg 11 Comp 1","fr":29.9700012207031,"layers":[{"ddd":0,"ind":2,"ty":2,"nm":"L leg 1/usman.ai","cl":"ai","refId":"image_25","sr":1,"ks":{"o":{"a":0,"k":100,"ix":11},"r":{"a":0,"k":0,"ix":10},"p":{"a":0,"k":[23.5,87.5,0],"ix":2,"l":2},"a":{"a":0,"k":[23.5,87.5,0],"ix":1,"l":2},"s":{"a":0,"k":[100,100,100],"ix":6,"l":2}},"ao":0,"ip":0,"op":308.000012545097,"st":0,"bm":0}]},{"id":"comp_12","nm":"L shoes 111 Comp 1","fr":29.9700012207031,"layers":[{"ddd":0,"ind":1,"ty":2,"nm":"Layer 20","refId":"image_26","sr":1,"ks":{"o":{"a":0,"k":100,"ix":11},"r":{"a":0,"k":0,"ix":10},"p":{"a":0,"k":[13,4.083,0],"ix":2,"l":2},"a":{"a":0,"k":[15.25,6.583,0],"ix":1,"l":2},"s":{"a":0,"k":[100,100,100],"ix":6,"l":2}},"ao":0,"ip":0,"op":300.00001221925,"st":0,"bm":0}]},{"id":"comp_13","nm":"R leg 1 Comp 1","fr":29.9700012207031,"layers":[{"ddd":0,"ind":2,"ty":2,"nm":"R leg 1/usman.ai","cl":"ai","refId":"image_27","sr":1,"ks":{"o":{"a":0,"k":100,"ix":11},"r":{"a":0,"k":0,"ix":10},"p":{"a":0,"k":[27.5,95.5,0],"ix":2,"l":2},"a":{"a":0,"k":[27.5,95.5,0],"ix":1,"l":2},"s":{"a":0,"k":[100,100,100],"ix":6,"l":2}},"ao":0,"ip":0,"op":308.000012545097,"st":0,"bm":0}]},{"id":"comp_14","nm":"R leg 11 Comp 1","fr":29.9700012207031,"layers":[{"ddd":0,"ind":2,"ty":2,"nm":"R leg 11/usman.ai","cl":"ai","refId":"image_28","sr":1,"ks":{"o":{"a":0,"k":100,"ix":11},"r":{"a":0,"k":0,"ix":10},"p":{"a":0,"k":[23.5,87.5,0],"ix":2,"l":2},"a":{"a":0,"k":[23.5,87.5,0],"ix":1,"l":2},"s":{"a":0,"k":[100,100,100],"ix":6,"l":2}},"ao":0,"ip":0,"op":307.000012504366,"st":0,"bm":0}]},{"id":"comp_15","nm":"R shoes 111 Comp 1","fr":29.9700012207031,"layers":[{"ddd":0,"ind":1,"ty":2,"nm":"Layer 21","refId":"image_29","sr":1,"ks":{"o":{"a":0,"k":100,"ix":11},"r":{"a":0,"k":0,"ix":10},"p":{"a":0,"k":[13.375,3.333,0],"ix":2,"l":2},"a":{"a":0,"k":[15.625,5.833,0],"ix":1,"l":2},"s":{"a":0,"k":[100,100,100],"ix":6,"l":2}},"ao":0,"ip":0,"op":300.00001221925,"st":0,"bm":0}]},{"id":"comp_16","nm":"R hand 1 Comp 1","fr":29.9700012207031,"layers":[{"ddd":0,"ind":2,"ty":2,"nm":"R hand 1/usman.ai","cl":"ai","refId":"image_30","sr":1,"ks":{"o":{"a":0,"k":100,"ix":11},"r":{"a":0,"k":0,"ix":10},"p":{"a":0,"k":[39,59.5,0],"ix":2,"l":2},"a":{"a":0,"k":[39,59.5,0],"ix":1,"l":2},"s":{"a":0,"k":[100,100,100],"ix":6,"l":2}},"ao":0,"ip":0,"op":307.000012504366,"st":0,"bm":0}]},{"id":"comp_17","nm":"R hand 11 Comp 1","fr":29.9700012207031,"layers":[{"ddd":0,"ind":2,"ty":2,"nm":"R hand 11/usman.ai","cl":"ai","refId":"image_31","sr":1,"ks":{"o":{"a":0,"k":100,"ix":11},"r":{"a":0,"k":0,"ix":10},"p":{"a":0,"k":[28,51,0],"ix":2,"l":2},"a":{"a":0,"k":[28,51,0],"ix":1,"l":2},"s":{"a":0,"k":[100,100,100],"ix":6,"l":2}},"ao":0,"ip":0,"op":307.000012504366,"st":0,"bm":0}]},{"id":"comp_18","nm":"R hand 111 Comp 1","fr":29.9700012207031,"layers":[{"ddd":0,"ind":1,"ty":2,"nm":"Layer 7","refId":"image_32","sr":1,"ks":{"o":{"a":0,"k":100,"ix":11},"r":{"a":0,"k":163.429,"ix":10},"p":{"a":0,"k":[35.364,12.63,0],"ix":2,"l":2},"a":{"a":0,"k":[13.555,64.929,0],"ix":1,"l":2},"s":{"a":0,"k":[99.303,99.303,100],"ix":6,"l":2}},"ao":0,"ip":0,"op":307.000012504366,"st":0,"bm":0}]}],"layers":[{"ddd":0,"ind":1,"ty":0,"nm":"usman","refId":"comp_0","sr":1,"ks":{"o":{"a":0,"k":100,"ix":11},"r":{"a":0,"k":0,"ix":10},"p":{"a":0,"k":[225,399.5,0],"ix":2,"l":2},"a":{"a":0,"k":[960,540,0],"ix":1,"l":2},"s":{"a":0,"k":[100,100,100],"ix":6,"l":2}},"ao":0,"w":1920,"h":1080,"ip":0,"op":300.00001221925,"st":0,"bm":0}],"markers":[]}