{"v":"5.9.1","fr":29.9700012207031,"ip":0,"op":200.000008146167,"w":450,"h":799,"nm":"usman 2","ddd":0,"assets":[{"id":"image_0","w":32,"h":104,"u":"images/","p":"img_0.png","e":0},{"id":"image_1","w":51,"h":123,"u":"images/","p":"img_1.png","e":0},{"id":"image_2","w":37,"h":47,"u":"images/","p":"img_2.png","e":0},{"id":"image_3","w":187,"h":204,"u":"images/","p":"img_3.png","e":0},{"id":"image_4","w":62,"h":10,"u":"images/","p":"img_4.png","e":0},{"id":"image_5","w":12,"h":12,"u":"images/","p":"img_5.png","e":0},{"id":"image_6","w":12,"h":12,"u":"images/","p":"img_6.png","e":0},{"id":"image_7","w":24,"h":14,"u":"images/","p":"img_7.png","e":0},{"id":"image_8","w":29,"h":15,"u":"images/","p":"img_8.png","e":0},{"id":"image_9","w":108,"h":145,"u":"images/","p":"img_9.png","e":0},{"id":"image_10","w":38,"h":63,"u":"images/","p":"img_10.png","e":0},{"id":"image_11","w":138,"h":376,"u":"images/","p":"img_11.png","e":0},{"id":"image_12","w":160,"h":216,"u":"images/","p":"img_12.png","e":0},{"id":"image_13","w":112,"h":55,"u":"images/","p":"img_13.png","e":0},{"id":"image_14","w":55,"h":191,"u":"images/","p":"img_14.png","e":0},{"id":"image_15","w":47,"h":175,"u":"images/","p":"img_15.png","e":0},{"id":"image_16","w":70,"h":47,"u":"images/","p":"img_16.png","e":0},{"id":"image_17","w":55,"h":191,"u":"images/","p":"img_17.png","e":0},{"id":"image_18","w":47,"h":175,"u":"images/","p":"img_18.png","e":0},{"id":"image_19","w":70,"h":47,"u":"images/","p":"img_19.png","e":0},{"id":"image_20","w":78,"h":119,"u":"images/","p":"img_20.png","e":0},{"id":"image_21","w":56,"h":102,"u":"images/","p":"img_21.png","e":0},{"id":"image_22","w":50,"h":74,"u":"images/","p":"img_22.png","e":0},{"id":"comp_0","nm":"usman","fr":29.9700012207031,"layers":[{"ddd":0,"ind":3,"ty":3,"nm":"C | body down","sr":1,"ks":{"o":{"a":0,"k":100,"ix":11},"r":{"a":0,"k":-0.136,"ix":10},"p":{"a":0,"k":[950.869,554.289,0],"ix":2,"l":2},"a":{"a":0,"k":[0,0,0],"ix":1,"l":2},"s":{"k":[{"s":[100,100,100],"t":98.0000039916218,"i":{"x":[1,1,1],"y":[1,1,1]},"o":{"x":[0,0,0],"y":[0,0,0]}},{"s":[100,100,100],"t":298.000003991622,"i":{"x":[1,1,1],"y":[1,1,1]},"o":{"x":[0,0,0],"y":[0,0,0]}}],"l":2}},"ao":0,"ef":[{"ty":5,"nm":"Controller","np":14,"mn":"Pseudo/DUIK Ctrl v02","ix":1,"en":1,"ef":[{"ty":6,"nm":"Icon","mn":"Pseudo/DUIK Ctrl v02-0001","ix":1,"v":0},{"ty":2,"nm":"Color","mn":"Pseudo/DUIK Ctrl v02-0002","ix":2,"v":{"a":0,"k":[0.92549020052,0.0941176489,0.0941176489,1],"ix":2}},{"ty":3,"nm":"Position","mn":"Pseudo/DUIK Ctrl v02-0003","ix":3,"v":{"a":0,"k":[0,0],"ix":3}},{"ty":0,"nm":"Size","mn":"Pseudo/DUIK Ctrl v02-0004","ix":4,"v":{"a":0,"k":100,"ix":4}},{"ty":7,"nm":"Flip","mn":"Pseudo/DUIK Ctrl v02-0005","ix":5,"v":{"a":0,"k":0,"ix":5}},{"ty":0,"nm":"Orientation","mn":"Pseudo/DUIK Ctrl v02-0006","ix":6,"v":{"a":0,"k":0,"ix":6}},{"ty":0,"nm":"Opacity","mn":"Pseudo/DUIK Ctrl v02-0007","ix":7,"v":{"a":0,"k":100,"ix":7}},{"ty":6,"nm":"","mn":"Pseudo/DUIK Ctrl v02-0008","ix":8,"v":0},{"ty":6,"nm":"Anchor","mn":"Pseudo/DUIK Ctrl v02-0009","ix":9,"v":0},{"ty":2,"nm":"Color","mn":"Pseudo/DUIK Ctrl v02-0010","ix":10,"v":{"a":0,"k":[0,0,0,1],"ix":10}},{"ty":0,"nm":"Size","mn":"Pseudo/DUIK Ctrl v02-0011","ix":11,"v":{"a":0,"k":100,"ix":11}},{"ty":6,"nm":"","mn":"Pseudo/DUIK Ctrl v02-0012","ix":12,"v":0}]}],"ip":0,"op":312.000012708021,"st":0,"bm":0},{"ddd":0,"ind":6,"ty":0,"nm":"L hand 11","parent":7,"refId":"comp_1","sr":1,"ks":{"o":{"a":0,"k":100,"ix":11},"r":{"k":[{"s":[-132.291],"t":98.0000039916218,"i":{"x":[1],"y":[1]},"o":{"x":[0],"y":[0]}},{"s":[-132.291],"t":298.000003991622,"i":{"x":[1],"y":[1]},"o":{"x":[0],"y":[0]}}]},"p":{"k":[{"s":[21.475,106.612,0],"t":98.0000039916218,"i":{"x":1,"y":1},"o":{"x":0,"y":0}},{"s":[21.475,106.612,0],"t":298.000003991622,"i":{"x":1,"y":1},"o":{"x":0,"y":0}}],"l":2},"a":{"a":0,"k":[16.014,9.389,0],"ix":1,"l":2},"s":{"a":0,"k":[100,100,100],"ix":6,"l":2}},"ao":0,"ef":[{"ty":5,"nm":"IK","np":3,"mn":"Pseudo/DUIK ik","ix":1,"en":1,"ef":[{"ty":10,"nm":"Controller","mn":"Pseudo/DUIK ik-0001","ix":1,"v":{"a":0,"k":5,"ix":1}}]}],"w":32,"h":104,"ip":0,"op":300.00001221925,"st":0,"bm":0},{"ddd":0,"ind":7,"ty":0,"nm":"L hand 1","parent":15,"refId":"comp_2","sr":1,"ks":{"o":{"a":0,"k":100,"ix":11},"r":{"k":[{"s":[638.574],"t":98.0000039916218,"i":{"x":[1],"y":[1]},"o":{"x":[0],"y":[0]}},{"s":[638.574],"t":298.000003991622,"i":{"x":[1],"y":[1]},"o":{"x":[0],"y":[0]}}]},"p":{"a":0,"k":[12.195,46.709,0],"ix":2,"l":2},"a":{"a":0,"k":[27.841,17.53,0],"ix":1,"l":2},"s":{"a":0,"k":[100,100,100],"ix":6,"l":2}},"ao":0,"ef":[{"ty":5,"nm":"IK","np":3,"mn":"Pseudo/DUIK ik","ix":1,"en":1,"ef":[{"ty":10,"nm":"Controller","mn":"Pseudo/DUIK ik-0001","ix":1,"v":{"a":0,"k":5,"ix":1}}]}],"w":51,"h":123,"ip":0,"op":300.00001221925,"st":0,"bm":0},{"ddd":0,"ind":8,"ty":2,"nm":"L hand 111","parent":6,"refId":"image_2","sr":1,"ks":{"o":{"a":0,"k":100,"ix":11},"r":{"k":[{"s":[-703.883],"t":98.0000039916218,"i":{"x":[1],"y":[1]},"o":{"x":[0],"y":[0]}},{"s":[-703.883],"t":298.000003991622,"i":{"x":[1],"y":[1]},"o":{"x":[0],"y":[0]}}]},"p":{"k":[{"s":[14.023,92.736,0],"t":98.0000039916218,"i":{"x":1,"y":1},"o":{"x":0,"y":0}},{"s":[14.023,92.736,0],"t":298.000003991622,"i":{"x":1,"y":1},"o":{"x":0,"y":0}}],"l":2},"a":{"a":0,"k":[7.696,7.781,0],"ix":1,"l":2},"s":{"a":0,"k":[100,100,100],"ix":6,"l":2}},"ao":0,"ef":[{"ty":5,"nm":"IK","np":3,"mn":"Pseudo/DUIK ik","ix":1,"en":1,"ef":[{"ty":10,"nm":"Controller","mn":"Pseudo/DUIK ik-0001","ix":1,"v":{"a":0,"k":5,"ix":1}}]}],"ip":0,"op":312.000012708021,"st":0,"bm":0},{"ddd":0,"ind":9,"ty":4,"nm":"Shape Layer 1","td":1,"sr":1,"ks":{"o":{"a":0,"k":100,"ix":11},"r":{"a":0,"k":0,"ix":10},"p":{"a":0,"k":[960,540,0],"ix":2,"l":2},"a":{"a":0,"k":[0,0,0],"ix":1,"l":2},"s":{"a":0,"k":[100,100,100],"ix":6,"l":2}},"ao":0,"shapes":[{"ty":"gr","it":[{"ind":0,"ty":"sh","ix":1,"ks":{"a":0,"k":{"i":[[0,0],[0,0],[0,0],[0,0],[0,0]],"o":[[0,0],[0,0],[0,0],[0,0],[0,0]],"v":[[-38.75,-10.75],[-60.25,-25.25],[-65.5,79],[-1.75,48.5],[2.5,8]],"c":true},"ix":2},"nm":"Path 1","mn":"ADBE Vector Shape - Group","hd":false},{"ty":"st","c":{"a":0,"k":[1,1,1,1],"ix":3},"o":{"a":0,"k":100,"ix":4},"w":{"a":0,"k":2,"ix":5},"lc":1,"lj":1,"ml":4,"bm":0,"nm":"Stroke 1","mn":"ADBE Vector Graphic - Stroke","hd":false},{"ty":"fl","c":{"a":0,"k":[1,0.03529400171,0.03529400171,1],"ix":4},"o":{"a":0,"k":100,"ix":5},"r":1,"bm":0,"nm":"Fill 1","mn":"ADBE Vector Graphic - Fill","hd":false},{"ty":"tr","p":{"a":0,"k":[0,0],"ix":2},"a":{"a":0,"k":[0,0],"ix":1},"s":{"a":0,"k":[100,100],"ix":3},"r":{"a":0,"k":0,"ix":6},"o":{"a":0,"k":100,"ix":7},"sk":{"a":0,"k":0,"ix":4},"sa":{"a":0,"k":0,"ix":5},"nm":"Transform"}],"nm":"Shape 1","np":3,"cix":2,"bm":0,"ix":1,"mn":"ADBE Vector Group","hd":false}],"ip":0,"op":19.0000007738859,"st":0,"bm":0},{"ddd":0,"ind":10,"ty":2,"nm":"Asset 7.png","cl":"png","parent":8,"tt":2,"refId":"image_3","sr":1,"ks":{"o":{"a":0,"k":100,"ix":11},"r":{"a":1,"k":[{"i":{"x":[0.833],"y":[0.833]},"o":{"x":[0.167],"y":[0.167]},"t":19,"s":[55.803]},{"i":{"x":[0.833],"y":[0.833]},"o":{"x":[0.167],"y":[0.167]},"t":26,"s":[128.083]},{"i":{"x":[0.833],"y":[0.833]},"o":{"x":[0.167],"y":[0.167]},"t":80,"s":[133.915]},{"t":91.000003706506,"s":[198.002]}],"ix":10},"p":{"a":0,"k":[15.337,27.882,0],"ix":2,"l":2},"a":{"a":0,"k":[93.5,102,0],"ix":1,"l":2},"s":{"a":0,"k":[30.392,30.392,100],"ix":6,"l":2}},"ao":0,"ip":11.0000004480392,"op":312.000012708021,"st":0,"bm":0},{"ddd":0,"ind":11,"ty":0,"nm":"Pre-comp 2","parent":15,"refId":"comp_3","sr":1,"ks":{"o":{"a":0,"k":100,"ix":11},"r":{"a":1,"k":[{"i":{"x":[0.833],"y":[0.833]},"o":{"x":[0.167],"y":[0.167]},"t":80,"s":[12.872]},{"i":{"x":[0.833],"y":[0.833]},"o":{"x":[0.167],"y":[0.167]},"t":91,"s":[-11.317]},{"i":{"x":[0.833],"y":[0.833]},"o":{"x":[0.167],"y":[0.167]},"t":111,"s":[-8.969]},{"i":{"x":[0.833],"y":[0.833]},"o":{"x":[0.167],"y":[0.167]},"t":135,"s":[-11.502]},{"i":{"x":[0.833],"y":[0.833]},"o":{"x":[0.167],"y":[0.167]},"t":164,"s":[-10.01]},{"t":195.000007942513,"s":[-11.758]}],"ix":10},"p":{"a":0,"k":[91.429,14.471,0],"ix":2,"l":2},"a":{"a":0,"k":[62.359,156.75,0],"ix":1,"l":2},"s":{"a":0,"k":[100,100,100],"ix":6,"l":2}},"ao":0,"w":114,"h":176,"ip":0,"op":300.00001221925,"st":0,"bm":0},{"ddd":0,"ind":13,"ty":0,"nm":"neck","parent":15,"refId":"comp_4","sr":1,"ks":{"o":{"a":0,"k":100,"ix":11},"r":{"a":0,"k":0,"ix":10},"p":{"a":0,"k":[82.742,8.443,0],"ix":2,"l":2},"a":{"a":0,"k":[17.445,46.355,0],"ix":1,"l":2},"s":{"a":0,"k":[100,100,100],"ix":6,"l":2}},"ao":0,"w":35,"h":57,"ip":0,"op":300.00001221925,"st":0,"bm":0},{"ddd":0,"ind":14,"ty":2,"nm":"Layer 9","parent":15,"refId":"image_11","sr":1,"ks":{"o":{"a":0,"k":100,"ix":11},"r":{"a":0,"k":0,"ix":10},"p":{"a":0,"k":[83.933,13.822,0],"ix":2,"l":2},"a":{"a":0,"k":[60.738,2.972,0],"ix":1,"l":2},"s":{"a":0,"k":[100,100,100],"ix":6,"l":2}},"ao":0,"hasMask":true,"masksProperties":[{"inv":false,"mode":"n","pt":{"a":0,"k":{"i":[[0,0]],"o":[[0,0]],"v":[[-69.245,205.796]],"c":false},"ix":1},"o":{"a":0,"k":100,"ix":3},"x":{"a":0,"k":0,"ix":4},"nm":"Mask 1"}],"ip":0,"op":319.000012993136,"st":0,"bm":0},{"ddd":0,"ind":15,"ty":0,"nm":"body","parent":16,"refId":"comp_5","sr":1,"ks":{"o":{"a":0,"k":100,"ix":11},"r":{"a":0,"k":0,"ix":10},"p":{"a":0,"k":[57.276,11.561,0],"ix":2,"l":2},"a":{"a":0,"k":[87.594,196.08,0],"ix":1,"l":2},"s":{"a":0,"k":[100,100,100],"ix":6,"l":2}},"ao":0,"w":160,"h":216,"ip":0,"op":300.00001221925,"st":0,"bm":0},{"ddd":0,"ind":16,"ty":0,"nm":"body down","parent":3,"refId":"comp_6","sr":1,"ks":{"o":{"a":0,"k":100,"ix":11},"r":{"a":0,"k":0,"ix":10},"p":{"a":0,"k":[0,0,0],"ix":2,"l":2},"a":{"a":0,"k":[55.512,27.228,0],"ix":1,"l":2},"s":{"a":0,"k":[100,100,100],"ix":6,"l":2}},"ao":0,"w":112,"h":55,"ip":0,"op":300.00001221925,"st":0,"bm":0},{"ddd":0,"ind":17,"ty":0,"nm":"L leg 1","parent":16,"refId":"comp_7","sr":1,"ks":{"o":{"a":0,"k":100,"ix":11},"r":{"k":[{"s":[0.044],"t":98.0000039916218,"i":{"x":[1],"y":[1]},"o":{"x":[0],"y":[0]}},{"s":[0.044],"t":298.000003991622,"i":{"x":[1],"y":[1]},"o":{"x":[0],"y":[0]}}]},"p":{"a":0,"k":[28.228,29.348,0],"ix":2,"l":2},"a":{"a":0,"k":[28.131,27.282,0],"ix":1,"l":2},"s":{"a":0,"k":[100,100,100],"ix":6,"l":2}},"ao":0,"ef":[{"ty":5,"nm":"IK","np":3,"mn":"Pseudo/DUIK ik","ix":1,"en":1,"ef":[{"ty":10,"nm":"Controller","mn":"Pseudo/DUIK ik-0001","ix":1,"v":{"a":0,"k":2,"ix":1}}]}],"w":55,"h":191,"ip":0,"op":300.00001221925,"st":0,"bm":0},{"ddd":0,"ind":18,"ty":0,"nm":"L leg 11","parent":17,"refId":"comp_8","sr":1,"ks":{"o":{"a":0,"k":100,"ix":11},"r":{"k":[{"s":[0.531],"t":98.0000039916218,"i":{"x":[1],"y":[1]},"o":{"x":[0],"y":[0]}},{"s":[0.531],"t":298.000003991622,"i":{"x":[1],"y":[1]},"o":{"x":[0],"y":[0]}}]},"p":{"k":[{"s":[26.794,167.135,0],"t":98.0000039916218,"i":{"x":1,"y":1},"o":{"x":0,"y":0}},{"s":[26.794,167.135,0],"t":298.000003991622,"i":{"x":1,"y":1},"o":{"x":0,"y":0}}],"l":2},"a":{"a":0,"k":[23.11,13.364,0],"ix":1,"l":2},"s":{"a":0,"k":[100,100,100],"ix":6,"l":2}},"ao":0,"ef":[{"ty":5,"nm":"IK","np":3,"mn":"Pseudo/DUIK ik","ix":1,"en":1,"ef":[{"ty":10,"nm":"Controller","mn":"Pseudo/DUIK ik-0001","ix":1,"v":{"a":0,"k":2,"ix":1}}]}],"w":47,"h":175,"ip":0,"op":300.00001221925,"st":0,"bm":0},{"ddd":0,"ind":19,"ty":0,"nm":"L shoes 111","parent":18,"refId":"comp_9","sr":1,"ks":{"o":{"a":0,"k":100,"ix":11},"r":{"k":[{"s":[-2.921],"t":98.0000039916218,"i":{"x":[1],"y":[1]},"o":{"x":[0],"y":[0]}},{"s":[-2.921],"t":298.000003991622,"i":{"x":[1],"y":[1]},"o":{"x":[0],"y":[0]}}]},"p":{"k":[{"s":[23.062,175.846,0],"t":98.0000039916218,"i":{"x":1,"y":1},"o":{"x":0,"y":0}},{"s":[23.062,175.846,0],"t":298.000003991622,"i":{"x":1,"y":1},"o":{"x":0,"y":0}}],"l":2},"a":{"a":0,"k":[12.302,21.598,0],"ix":1,"l":2},"s":{"a":0,"k":[100,100,100],"ix":6,"l":2}},"ao":0,"ef":[{"ty":5,"nm":"IK","np":3,"mn":"Pseudo/DUIK ik","ix":1,"en":1,"ef":[{"ty":10,"nm":"Controller","mn":"Pseudo/DUIK ik-0001","ix":1,"v":{"a":0,"k":2,"ix":1}}]}],"w":70,"h":57,"ip":0,"op":300.00001221925,"st":0,"bm":0},{"ddd":0,"ind":20,"ty":0,"nm":"R leg 1","parent":16,"refId":"comp_10","sr":1,"ks":{"o":{"a":0,"k":100,"ix":11},"r":{"k":[{"s":[712.618],"t":98.0000039916218,"i":{"x":[1],"y":[1]},"o":{"x":[0],"y":[0]}},{"s":[712.618],"t":298.000003991622,"i":{"x":[1],"y":[1]},"o":{"x":[0],"y":[0]}}]},"p":{"a":0,"k":[85.046,30.598,0],"ix":2,"l":2},"a":{"a":0,"k":[29.867,25.014,0],"ix":1,"l":2},"s":{"a":0,"k":[100,100,100],"ix":6,"l":2}},"ao":0,"ef":[{"ty":5,"nm":"IK","np":3,"mn":"Pseudo/DUIK ik","ix":1,"en":1,"ef":[{"ty":10,"nm":"Controller","mn":"Pseudo/DUIK ik-0001","ix":1,"v":{"a":0,"k":0,"ix":1}}]},{"ty":5,"nm":"IK 2","np":3,"mn":"Pseudo/DUIK ik","ix":2,"en":1,"ef":[{"ty":10,"nm":"Controller","mn":"Pseudo/DUIK ik-0001","ix":1,"v":{"a":0,"k":0,"ix":1}}]},{"ty":5,"nm":"IK 3","np":3,"mn":"Pseudo/DUIK ik","ix":3,"en":1,"ef":[{"ty":10,"nm":"Controller","mn":"Pseudo/DUIK ik-0001","ix":1,"v":{"a":0,"k":1,"ix":1}}]}],"w":55,"h":191,"ip":0,"op":300.00001221925,"st":0,"bm":0},{"ddd":0,"ind":21,"ty":0,"nm":"R leg 11","parent":20,"refId":"comp_11","sr":1,"ks":{"o":{"a":0,"k":100,"ix":11},"r":{"k":[{"s":[8.699],"t":98.0000039916218,"i":{"x":[1],"y":[1]},"o":{"x":[0],"y":[0]}},{"s":[8.699],"t":298.000003991622,"i":{"x":[1],"y":[1]},"o":{"x":[0],"y":[0]}}]},"p":{"k":[{"s":[28.176,167.782,0],"t":98.0000039916218,"i":{"x":1,"y":1},"o":{"x":0,"y":0}},{"s":[28.176,167.782,0],"t":298.000003991622,"i":{"x":1,"y":1},"o":{"x":0,"y":0}}],"l":2},"a":{"a":0,"k":[24.095,15.001,0],"ix":1,"l":2},"s":{"a":0,"k":[100,100,100],"ix":6,"l":2}},"ao":0,"ef":[{"ty":5,"nm":"IK","np":3,"mn":"Pseudo/DUIK ik","ix":1,"en":1,"ef":[{"ty":10,"nm":"Controller","mn":"Pseudo/DUIK ik-0001","ix":1,"v":{"a":0,"k":0,"ix":1}}]},{"ty":5,"nm":"IK 2","np":3,"mn":"Pseudo/DUIK ik","ix":2,"en":1,"ef":[{"ty":10,"nm":"Controller","mn":"Pseudo/DUIK ik-0001","ix":1,"v":{"a":0,"k":0,"ix":1}}]},{"ty":5,"nm":"IK 3","np":3,"mn":"Pseudo/DUIK ik","ix":3,"en":1,"ef":[{"ty":10,"nm":"Controller","mn":"Pseudo/DUIK ik-0001","ix":1,"v":{"a":0,"k":1,"ix":1}}]}],"w":47,"h":175,"ip":0,"op":300.00001221925,"st":0,"bm":0},{"ddd":0,"ind":22,"ty":0,"nm":"R shoes 111","parent":21,"refId":"comp_12","sr":1,"ks":{"o":{"a":0,"k":100,"ix":11},"r":{"k":[{"s":[718.896],"t":110.000003991622,"i":{"x":[1],"y":[1]},"o":{"x":[0],"y":[0]}},{"s":[717.85],"t":111.000003991622,"i":{"x":[1],"y":[1]},"o":{"x":[0],"y":[0]}},{"s":[715.356],"t":112.000003991622,"i":{"x":[1],"y":[1]},"o":{"x":[0],"y":[0]}},{"s":[712.379],"t":113.000003991622,"i":{"x":[1],"y":[1]},"o":{"x":[0],"y":[0]}},{"s":[709.885],"t":114.000003991622,"i":{"x":[1],"y":[1]},"o":{"x":[0],"y":[0]}},{"s":[708.839],"t":115.000003991622,"i":{"x":[1],"y":[1]},"o":{"x":[0],"y":[0]}},{"s":[709.885],"t":116.000003991622,"i":{"x":[1],"y":[1]},"o":{"x":[0],"y":[0]}},{"s":[712.379],"t":117.000003991622,"i":{"x":[1],"y":[1]},"o":{"x":[0],"y":[0]}},{"s":[715.356],"t":118.000003991622,"i":{"x":[1],"y":[1]},"o":{"x":[0],"y":[0]}},{"s":[717.85],"t":119.000003991622,"i":{"x":[1],"y":[1]},"o":{"x":[0],"y":[0]}},{"s":[718.896],"t":120.000003991622,"i":{"x":[1],"y":[1]},"o":{"x":[0],"y":[0]}},{"s":[718.896],"t":140.000003991622,"i":{"x":[1],"y":[1]},"o":{"x":[0],"y":[0]}},{"s":[717.85],"t":141.000003991622,"i":{"x":[1],"y":[1]},"o":{"x":[0],"y":[0]}},{"s":[715.356],"t":142.000003991622,"i":{"x":[1],"y":[1]},"o":{"x":[0],"y":[0]}},{"s":[712.379],"t":143.000003991622,"i":{"x":[1],"y":[1]},"o":{"x":[0],"y":[0]}},{"s":[709.885],"t":144.000003991622,"i":{"x":[1],"y":[1]},"o":{"x":[0],"y":[0]}},{"s":[708.839],"t":145.000003991622,"i":{"x":[1],"y":[1]},"o":{"x":[0],"y":[0]}},{"s":[709.885],"t":146.000003991622,"i":{"x":[1],"y":[1]},"o":{"x":[0],"y":[0]}},{"s":[712.379],"t":147.000003991622,"i":{"x":[1],"y":[1]},"o":{"x":[0],"y":[0]}},{"s":[715.356],"t":148.000003991622,"i":{"x":[1],"y":[1]},"o":{"x":[0],"y":[0]}},{"s":[717.85],"t":149.000003991622,"i":{"x":[1],"y":[1]},"o":{"x":[0],"y":[0]}},{"s":[718.896],"t":150.000003991622,"i":{"x":[1],"y":[1]},"o":{"x":[0],"y":[0]}},{"s":[718.896],"t":181.000003991622,"i":{"x":[1],"y":[1]},"o":{"x":[0],"y":[0]}},{"s":[717.85],"t":182.000003991622,"i":{"x":[1],"y":[1]},"o":{"x":[0],"y":[0]}},{"s":[715.356],"t":183.000003991622,"i":{"x":[1],"y":[1]},"o":{"x":[0],"y":[0]}},{"s":[712.379],"t":184.000003991622,"i":{"x":[1],"y":[1]},"o":{"x":[0],"y":[0]}},{"s":[709.885],"t":185.000003991622,"i":{"x":[1],"y":[1]},"o":{"x":[0],"y":[0]}},{"s":[708.839],"t":186.000003991622,"i":{"x":[1],"y":[1]},"o":{"x":[0],"y":[0]}},{"s":[709.885],"t":187.000003991622,"i":{"x":[1],"y":[1]},"o":{"x":[0],"y":[0]}},{"s":[712.379],"t":188.000003991622,"i":{"x":[1],"y":[1]},"o":{"x":[0],"y":[0]}},{"s":[715.356],"t":189.000003991622,"i":{"x":[1],"y":[1]},"o":{"x":[0],"y":[0]}},{"s":[717.85],"t":190.000003991622,"i":{"x":[1],"y":[1]},"o":{"x":[0],"y":[0]}},{"s":[718.896],"t":191.000003991622,"i":{"x":[1],"y":[1]},"o":{"x":[0],"y":[0]}},{"s":[718.896],"t":225.000003991622,"i":{"x":[1],"y":[1]},"o":{"x":[0],"y":[0]}},{"s":[717.85],"t":226.000003991622,"i":{"x":[1],"y":[1]},"o":{"x":[0],"y":[0]}},{"s":[715.356],"t":227.000003991622,"i":{"x":[1],"y":[1]},"o":{"x":[0],"y":[0]}},{"s":[712.379],"t":228.000003991622,"i":{"x":[1],"y":[1]},"o":{"x":[0],"y":[0]}},{"s":[709.885],"t":229.000003991622,"i":{"x":[1],"y":[1]},"o":{"x":[0],"y":[0]}},{"s":[708.839],"t":230.000003991622,"i":{"x":[1],"y":[1]},"o":{"x":[0],"y":[0]}},{"s":[709.885],"t":231.000003991622,"i":{"x":[1],"y":[1]},"o":{"x":[0],"y":[0]}},{"s":[712.379],"t":232.000003991622,"i":{"x":[1],"y":[1]},"o":{"x":[0],"y":[0]}},{"s":[715.356],"t":233.000003991622,"i":{"x":[1],"y":[1]},"o":{"x":[0],"y":[0]}},{"s":[717.85],"t":234.000003991622,"i":{"x":[1],"y":[1]},"o":{"x":[0],"y":[0]}},{"s":[718.896],"t":235.000003991622,"i":{"x":[1],"y":[1]},"o":{"x":[0],"y":[0]}},{"s":[718.896],"t":255.000003991622,"i":{"x":[1],"y":[1]},"o":{"x":[0],"y":[0]}},{"s":[717.85],"t":256.000003991622,"i":{"x":[1],"y":[1]},"o":{"x":[0],"y":[0]}},{"s":[715.356],"t":257.000003991622,"i":{"x":[1],"y":[1]},"o":{"x":[0],"y":[0]}},{"s":[712.379],"t":258.000003991622,"i":{"x":[1],"y":[1]},"o":{"x":[0],"y":[0]}},{"s":[709.885],"t":259.000003991622,"i":{"x":[1],"y":[1]},"o":{"x":[0],"y":[0]}},{"s":[708.839],"t":260.000003991622,"i":{"x":[1],"y":[1]},"o":{"x":[0],"y":[0]}},{"s":[709.885],"t":261.000003991622,"i":{"x":[1],"y":[1]},"o":{"x":[0],"y":[0]}},{"s":[712.379],"t":262.000003991622,"i":{"x":[1],"y":[1]},"o":{"x":[0],"y":[0]}},{"s":[715.356],"t":263.000003991622,"i":{"x":[1],"y":[1]},"o":{"x":[0],"y":[0]}},{"s":[717.85],"t":264.000003991622,"i":{"x":[1],"y":[1]},"o":{"x":[0],"y":[0]}},{"s":[718.896],"t":265.000003991622,"i":{"x":[1],"y":[1]},"o":{"x":[0],"y":[0]}},{"s":[718.896],"t":286.000003991622,"i":{"x":[1],"y":[1]},"o":{"x":[0],"y":[0]}},{"s":[717.85],"t":287.000003991622,"i":{"x":[1],"y":[1]},"o":{"x":[0],"y":[0]}},{"s":[715.356],"t":288.000003991622,"i":{"x":[1],"y":[1]},"o":{"x":[0],"y":[0]}},{"s":[712.379],"t":289.000003991622,"i":{"x":[1],"y":[1]},"o":{"x":[0],"y":[0]}},{"s":[709.885],"t":290.000003991622,"i":{"x":[1],"y":[1]},"o":{"x":[0],"y":[0]}},{"s":[708.839],"t":291.000003991622,"i":{"x":[1],"y":[1]},"o":{"x":[0],"y":[0]}},{"s":[709.885],"t":292.000003991622,"i":{"x":[1],"y":[1]},"o":{"x":[0],"y":[0]}},{"s":[712.379],"t":293.000003991622,"i":{"x":[1],"y":[1]},"o":{"x":[0],"y":[0]}},{"s":[715.356],"t":294.000003991622,"i":{"x":[1],"y":[1]},"o":{"x":[0],"y":[0]}},{"s":[717.85],"t":295.000003991622,"i":{"x":[1],"y":[1]},"o":{"x":[0],"y":[0]}},{"s":[718.896],"t":296.000003991622,"i":{"x":[1],"y":[1]},"o":{"x":[0],"y":[0]}}]},"p":{"k":[{"s":[24.336,172.8,0],"t":98.0000039916218,"i":{"x":1,"y":1},"o":{"x":0,"y":0}},{"s":[24.336,172.8,0],"t":298.000003991622,"i":{"x":1,"y":1},"o":{"x":0,"y":0}}],"l":2},"a":{"a":0,"k":[12.03,17.904,0],"ix":1,"l":2},"s":{"a":0,"k":[100,100,100],"ix":6,"l":2}},"ao":0,"ef":[{"ty":5,"nm":"IK","np":3,"mn":"Pseudo/DUIK ik","ix":1,"en":1,"ef":[{"ty":10,"nm":"Controller","mn":"Pseudo/DUIK ik-0001","ix":1,"v":{"a":0,"k":0,"ix":1}}]},{"ty":5,"nm":"IK 2","np":3,"mn":"Pseudo/DUIK ik","ix":2,"en":1,"ef":[{"ty":10,"nm":"Controller","mn":"Pseudo/DUIK ik-0001","ix":1,"v":{"a":0,"k":0,"ix":1}}]},{"ty":5,"nm":"IK 3","np":3,"mn":"Pseudo/DUIK ik","ix":3,"en":1,"ef":[{"ty":10,"nm":"Controller","mn":"Pseudo/DUIK ik-0001","ix":1,"v":{"a":0,"k":1,"ix":1}}]}],"w":70,"h":57,"ip":0,"op":300.00001221925,"st":0,"bm":0},{"ddd":0,"ind":23,"ty":0,"nm":"R hand 1","parent":15,"refId":"comp_13","sr":1,"ks":{"o":{"a":0,"k":100,"ix":11},"r":{"k":[{"s":[20.933],"t":110.000003991622,"i":{"x":[1],"y":[1]},"o":{"x":[0],"y":[0]}},{"s":[20.632],"t":111.000003991622,"i":{"x":[1],"y":[1]},"o":{"x":[0],"y":[0]}},{"s":[20.039],"t":113.000003991622,"i":{"x":[1],"y":[1]},"o":{"x":[0],"y":[0]}},{"s":[19.142],"t":116.000003991622,"i":{"x":[1],"y":[1]},"o":{"x":[0],"y":[0]}},{"s":[18.841],"t":117.000003991622,"i":{"x":[1],"y":[1]},"o":{"x":[0],"y":[0]}},{"s":[18.542],"t":118.000003991622,"i":{"x":[1],"y":[1]},"o":{"x":[0],"y":[0]}},{"s":[18.243],"t":119.000003991622,"i":{"x":[1],"y":[1]},"o":{"x":[0],"y":[0]}},{"s":[17.94],"t":120.000003991622,"i":{"x":[1],"y":[1]},"o":{"x":[0],"y":[0]}},{"s":[17.94],"t":151.000003991622,"i":{"x":[1],"y":[1]},"o":{"x":[0],"y":[0]}},{"s":[17.994],"t":152.000003991622,"i":{"x":[1],"y":[1]},"o":{"x":[0],"y":[0]}},{"s":[18.05],"t":153.000003991622,"i":{"x":[1],"y":[1]},"o":{"x":[0],"y":[0]}},{"s":[18.105],"t":154.000003991622,"i":{"x":[1],"y":[1]},"o":{"x":[0],"y":[0]}},{"s":[18.159],"t":155.000003991622,"i":{"x":[1],"y":[1]},"o":{"x":[0],"y":[0]}},{"s":[18.213],"t":156.000003991622,"i":{"x":[1],"y":[1]},"o":{"x":[0],"y":[0]}},{"s":[18.266],"t":157.000003991622,"i":{"x":[1],"y":[1]},"o":{"x":[0],"y":[0]}},{"s":[18.32],"t":158.000003991622,"i":{"x":[1],"y":[1]},"o":{"x":[0],"y":[0]}},{"s":[18.374],"t":159.000003991622,"i":{"x":[1],"y":[1]},"o":{"x":[0],"y":[0]}},{"s":[18.537],"t":162.000003991622,"i":{"x":[1],"y":[1]},"o":{"x":[0],"y":[0]}},{"s":[18.809],"t":167.000003991622,"i":{"x":[1],"y":[1]},"o":{"x":[0],"y":[0]}},{"s":[18.863],"t":168.000003991622,"i":{"x":[1],"y":[1]},"o":{"x":[0],"y":[0]}},{"s":[18.918],"t":169.000003991622,"i":{"x":[1],"y":[1]},"o":{"x":[0],"y":[0]}},{"s":[18.972],"t":170.000003991622,"i":{"x":[1],"y":[1]},"o":{"x":[0],"y":[0]}},{"s":[19.081],"t":172.000003991622,"i":{"x":[1],"y":[1]},"o":{"x":[0],"y":[0]}},{"s":[19.136],"t":173.000003991622,"i":{"x":[1],"y":[1]},"o":{"x":[0],"y":[0]}},{"s":[19.244],"t":175.000003991622,"i":{"x":[1],"y":[1]},"o":{"x":[0],"y":[0]}},{"s":[19.299],"t":176.000003991622,"i":{"x":[1],"y":[1]},"o":{"x":[0],"y":[0]}},{"s":[19.354],"t":177.000003991622,"i":{"x":[1],"y":[1]},"o":{"x":[0],"y":[0]}},{"s":[19.409],"t":178.000003991622,"i":{"x":[1],"y":[1]},"o":{"x":[0],"y":[0]}},{"s":[19.463],"t":179.000003991622,"i":{"x":[1],"y":[1]},"o":{"x":[0],"y":[0]}},{"s":[19.517],"t":180.000003991622,"i":{"x":[1],"y":[1]},"o":{"x":[0],"y":[0]}},{"s":[19.569],"t":181.000003991622,"i":{"x":[1],"y":[1]},"o":{"x":[0],"y":[0]}},{"s":[19.525],"t":182.000003991622,"i":{"x":[1],"y":[1]},"o":{"x":[0],"y":[0]}},{"s":[19.48],"t":183.000003991622,"i":{"x":[1],"y":[1]},"o":{"x":[0],"y":[0]}},{"s":[19.436],"t":184.000003991622,"i":{"x":[1],"y":[1]},"o":{"x":[0],"y":[0]}},{"s":[19.391],"t":185.000003991622,"i":{"x":[1],"y":[1]},"o":{"x":[0],"y":[0]}},{"s":[19.346],"t":186.000003991622,"i":{"x":[1],"y":[1]},"o":{"x":[0],"y":[0]}},{"s":[19.301],"t":187.000003991622,"i":{"x":[1],"y":[1]},"o":{"x":[0],"y":[0]}},{"s":[19.256],"t":188.000003991622,"i":{"x":[1],"y":[1]},"o":{"x":[0],"y":[0]}},{"s":[19.212],"t":189.000003991622,"i":{"x":[1],"y":[1]},"o":{"x":[0],"y":[0]}},{"s":[19.168],"t":190.000003991622,"i":{"x":[1],"y":[1]},"o":{"x":[0],"y":[0]}},{"s":[19.079],"t":192.000003991622,"i":{"x":[1],"y":[1]},"o":{"x":[0],"y":[0]}},{"s":[19.035],"t":193.000003991622,"i":{"x":[1],"y":[1]},"o":{"x":[0],"y":[0]}},{"s":[18.856],"t":197.000003991622,"i":{"x":[1],"y":[1]},"o":{"x":[0],"y":[0]}},{"s":[18.812],"t":198.000003991622,"i":{"x":[1],"y":[1]},"o":{"x":[0],"y":[0]}},{"s":[18.767],"t":199.000003991622,"i":{"x":[1],"y":[1]},"o":{"x":[0],"y":[0]}},{"s":[18.723],"t":200.000003991622,"i":{"x":[1],"y":[1]},"o":{"x":[0],"y":[0]}},{"s":[18.634],"t":202.000003991622,"i":{"x":[1],"y":[1]},"o":{"x":[0],"y":[0]}},{"s":[18.368],"t":208.000003991622,"i":{"x":[1],"y":[1]},"o":{"x":[0],"y":[0]}},{"s":[18.146],"t":213.000003991622,"i":{"x":[1],"y":[1]},"o":{"x":[0],"y":[0]}},{"s":[18.102],"t":214.000003991622,"i":{"x":[1],"y":[1]},"o":{"x":[0],"y":[0]}},{"s":[18.058],"t":215.000003991622,"i":{"x":[1],"y":[1]},"o":{"x":[0],"y":[0]}},{"s":[18.014],"t":216.000003991622,"i":{"x":[1],"y":[1]},"o":{"x":[0],"y":[0]}},{"s":[17.971],"t":217.000003991622,"i":{"x":[1],"y":[1]},"o":{"x":[0],"y":[0]}},{"s":[17.927],"t":218.000003991622,"i":{"x":[1],"y":[1]},"o":{"x":[0],"y":[0]}},{"s":[17.883],"t":219.000003991622,"i":{"x":[1],"y":[1]},"o":{"x":[0],"y":[0]}},{"s":[17.839],"t":220.000003991622,"i":{"x":[1],"y":[1]},"o":{"x":[0],"y":[0]}},{"s":[17.795],"t":221.000003991622,"i":{"x":[1],"y":[1]},"o":{"x":[0],"y":[0]}},{"s":[17.75],"t":222.000003991622,"i":{"x":[1],"y":[1]},"o":{"x":[0],"y":[0]}},{"s":[17.704],"t":223.000003991622,"i":{"x":[1],"y":[1]},"o":{"x":[0],"y":[0]}},{"s":[17.659],"t":224.000003991622,"i":{"x":[1],"y":[1]},"o":{"x":[0],"y":[0]}},{"s":[17.615],"t":225.000003991622,"i":{"x":[1],"y":[1]},"o":{"x":[0],"y":[0]}}]},"p":{"a":0,"k":[138.832,43.359,0],"ix":2,"l":2},"a":{"a":0,"k":[21.503,19.406,0],"ix":1,"l":2},"s":{"a":0,"k":[100,100,100],"ix":6,"l":2}},"ao":0,"ef":[{"ty":5,"nm":"IK","np":3,"mn":"Pseudo/DUIK ik","ix":1,"en":1,"ef":[{"ty":10,"nm":"Controller","mn":"Pseudo/DUIK ik-0001","ix":1,"v":{"a":0,"k":4,"ix":1}}]}],"w":78,"h":119,"ip":0,"op":300.00001221925,"st":0,"bm":0},{"ddd":0,"ind":24,"ty":0,"nm":"R hand 11","parent":23,"refId":"comp_14","sr":1,"ks":{"o":{"a":0,"k":100,"ix":11},"r":{"k":[{"s":[355.361],"t":98.0000039916218,"i":{"x":[1],"y":[1]},"o":{"x":[0],"y":[0]}},{"s":[355.361],"t":298.000003991622,"i":{"x":[1],"y":[1]},"o":{"x":[0],"y":[0]}}]},"p":{"k":[{"s":[59.875,100.26,0],"t":98.0000039916218,"i":{"x":1,"y":1},"o":{"x":0,"y":0}},{"s":[59.875,100.26,0],"t":298.000003991622,"i":{"x":1,"y":1},"o":{"x":0,"y":0}}],"l":2},"a":{"a":0,"k":[15.66,12.191,0],"ix":1,"l":2},"s":{"a":0,"k":[100,100,100],"ix":6,"l":2}},"ao":0,"ef":[{"ty":5,"nm":"IK","np":3,"mn":"Pseudo/DUIK ik","ix":1,"en":1,"ef":[{"ty":10,"nm":"Controller","mn":"Pseudo/DUIK ik-0001","ix":1,"v":{"a":0,"k":4,"ix":1}}]}],"w":56,"h":102,"ip":0,"op":300.00001221925,"st":0,"bm":0},{"ddd":0,"ind":25,"ty":0,"nm":"R hand 111","parent":24,"refId":"comp_15","sr":1,"ks":{"o":{"a":0,"k":100,"ix":11},"r":{"k":[{"s":[-368.794],"t":111.000003991622,"i":{"x":[1],"y":[1]},"o":{"x":[0],"y":[0]}},{"s":[-368.201],"t":113.000003991622,"i":{"x":[1],"y":[1]},"o":{"x":[0],"y":[0]}},{"s":[-367.304],"t":116.000003991622,"i":{"x":[1],"y":[1]},"o":{"x":[0],"y":[0]}},{"s":[-367.004],"t":117.000003991622,"i":{"x":[1],"y":[1]},"o":{"x":[0],"y":[0]}},{"s":[-366.704],"t":118.000003991622,"i":{"x":[1],"y":[1]},"o":{"x":[0],"y":[0]}},{"s":[-366.405],"t":119.000003991622,"i":{"x":[1],"y":[1]},"o":{"x":[0],"y":[0]}},{"s":[-366.754],"t":163.000003991622,"i":{"x":[1],"y":[1]},"o":{"x":[0],"y":[0]}},{"s":[-367.08],"t":169.000003991622,"i":{"x":[1],"y":[1]},"o":{"x":[0],"y":[0]}},{"s":[-367.461],"t":176.000003991622,"i":{"x":[1],"y":[1]},"o":{"x":[0],"y":[0]}},{"s":[-367.108],"t":195.000003991622,"i":{"x":[1],"y":[1]},"o":{"x":[0],"y":[0]}},{"s":[-366.752],"t":203.000003991622,"i":{"x":[1],"y":[1]},"o":{"x":[0],"y":[0]}},{"s":[-366.397],"t":211.000003991622,"i":{"x":[1],"y":[1]},"o":{"x":[0],"y":[0]}},{"s":[-366.045],"t":219.000003991622,"i":{"x":[1],"y":[1]},"o":{"x":[0],"y":[0]}}]},"p":{"k":[{"s":[45.129,89.975,0],"t":98.0000039916218,"i":{"x":1,"y":1},"o":{"x":0,"y":0}},{"s":[45.129,89.975,0],"t":298.000003991622,"i":{"x":1,"y":1},"o":{"x":0,"y":0}}],"l":2},"a":{"a":0,"k":[36.203,18.558,0],"ix":1,"l":2},"s":{"a":0,"k":[100,100,100],"ix":6,"l":2}},"ao":0,"ef":[{"ty":5,"nm":"IK","np":3,"mn":"Pseudo/DUIK ik","ix":1,"en":1,"ef":[{"ty":10,"nm":"Controller","mn":"Pseudo/DUIK ik-0001","ix":1,"v":{"a":0,"k":4,"ix":1}}]}],"w":68,"h":77,"ip":0,"op":300.00001221925,"st":0,"bm":0}]},{"id":"comp_1","nm":"L hand 11 Comp 1","fr":29.9700012207031,"layers":[{"ddd":0,"ind":2,"ty":2,"nm":"L hand 11/usman.ai","cl":"ai","refId":"image_0","sr":1,"ks":{"o":{"a":0,"k":100,"ix":11},"r":{"a":0,"k":0,"ix":10},"p":{"a":0,"k":[16,52,0],"ix":2,"l":2},"a":{"a":0,"k":[16,52,0],"ix":1,"l":2},"s":{"a":0,"k":[100,100,100],"ix":6,"l":2}},"ao":0,"ip":0,"op":307.000012504366,"st":0,"bm":0}]},{"id":"comp_2","nm":"L hand 1 Comp 1","fr":29.9700012207031,"layers":[{"ddd":0,"ind":2,"ty":2,"nm":"L hand 1/usman.ai","cl":"ai","refId":"image_1","sr":1,"ks":{"o":{"a":0,"k":100,"ix":11},"r":{"a":0,"k":0,"ix":10},"p":{"a":0,"k":[25.5,61.5,0],"ix":2,"l":2},"a":{"a":0,"k":[25.5,61.5,0],"ix":1,"l":2},"s":{"a":0,"k":[100,100,100],"ix":6,"l":2}},"ao":0,"ip":0,"op":307.000012504366,"st":0,"bm":0}]},{"id":"comp_3","nm":"Pre-comp 2","fr":29.9700012207031,"layers":[{"ddd":0,"ind":1,"ty":2,"nm":"Asset 6.png","cl":"png","refId":"image_4","sr":1,"ks":{"o":{"a":0,"k":100,"ix":11},"r":{"a":0,"k":0,"ix":10},"p":{"a":0,"k":[62.5,123.75,0],"ix":2,"l":2},"a":{"a":0,"k":[31,5,0],"ix":1,"l":2},"s":{"a":0,"k":[20.161,80,100],"ix":6,"l":2}},"ao":0,"ef":[{"ty":21,"nm":"Fill","np":9,"mn":"ADBE Fill","ix":1,"en":1,"ef":[{"ty":10,"nm":"Fill Mask","mn":"ADBE Fill-0001","ix":1,"v":{"a":0,"k":0,"ix":1}},{"ty":7,"nm":"All Masks","mn":"ADBE Fill-0007","ix":2,"v":{"a":0,"k":0,"ix":2}},{"ty":2,"nm":"Color","mn":"ADBE Fill-0002","ix":3,"v":{"a":0,"k":[0.964705944061,0.690196096897,0.57647061348,1],"ix":3}},{"ty":7,"nm":"Invert","mn":"ADBE Fill-0006","ix":4,"v":{"a":0,"k":0,"ix":4}},{"ty":0,"nm":"Horizontal Feather","mn":"ADBE Fill-0003","ix":5,"v":{"a":0,"k":0,"ix":5}},{"ty":0,"nm":"Vertical Feather","mn":"ADBE Fill-0004","ix":6,"v":{"a":0,"k":0,"ix":6}},{"ty":0,"nm":"Opacity","mn":"ADBE Fill-0005","ix":7,"v":{"a":0,"k":1,"ix":7}}]}],"ip":0,"op":305.000012422905,"st":0,"bm":0},{"ddd":0,"ind":10,"ty":2,"nm":"R eye ball","parent":15,"refId":"image_5","sr":1,"ks":{"o":{"a":0,"k":100,"ix":11},"r":{"a":0,"k":0,"ix":10},"p":{"a":1,"k":[{"i":{"x":0.833,"y":0.833},"o":{"x":0.167,"y":0.167},"t":9,"s":[71.995,82.572,0],"to":[0.59,-0.322,0],"ti":[-0.59,0.322,0]},{"i":{"x":0.833,"y":0.833},"o":{"x":0.167,"y":0.167},"t":10,"s":[75.534,80.641,0],"to":[0,0,0],"ti":[0,0,0]},{"i":{"x":0.833,"y":0.833},"o":{"x":0.167,"y":0.167},"t":30,"s":[75.534,80.641,0],"to":[-0.5,-0.01,0],"ti":[0.5,0.01,0]},{"i":{"x":0.833,"y":0.833},"o":{"x":0.167,"y":0.167},"t":31,"s":[72.534,80.582,0],"to":[0,0,0],"ti":[0,0,0]},{"i":{"x":0.833,"y":0.833},"o":{"x":0.167,"y":0.167},"t":50,"s":[72.534,80.582,0],"to":[0.16,0.337,0],"ti":[-0.16,-0.337,0]},{"i":{"x":0.833,"y":0.833},"o":{"x":0.167,"y":0.167},"t":51,"s":[73.495,82.601,0],"to":[0,0,0],"ti":[0,0,0]},{"i":{"x":0.833,"y":0.833},"o":{"x":0.167,"y":0.167},"t":90,"s":[73.495,82.601,0],"to":[0.269,-0.095,0],"ti":[-0.269,0.095,0]},{"i":{"x":0.833,"y":0.833},"o":{"x":0.167,"y":0.167},"t":91,"s":[75.106,82.033,0],"to":[0,0,0],"ti":[0,0,0]},{"i":{"x":0.833,"y":0.833},"o":{"x":0.167,"y":0.167},"t":120,"s":[75.106,82.033,0],"to":[-0.269,0.128,0],"ti":[0.269,-0.128,0]},{"i":{"x":0.833,"y":0.833},"o":{"x":0.167,"y":0.167},"t":121,"s":[73.491,82.801,0],"to":[0,0,0],"ti":[0,0,0]},{"i":{"x":0.833,"y":0.833},"o":{"x":0.167,"y":0.167},"t":150,"s":[73.491,82.801,0],"to":[0.171,-0.23,0],"ti":[-0.171,0.23,0]},{"i":{"x":0.833,"y":0.833},"o":{"x":0.167,"y":0.167},"t":151,"s":[74.518,81.421,0],"to":[0,0,0],"ti":[0,0,0]},{"i":{"x":0.833,"y":0.833},"o":{"x":0.167,"y":0.167},"t":180,"s":[74.518,81.421,0],"to":[-0.202,0.096,0],"ti":[0.202,-0.096,0]},{"t":181.000007372281,"s":[73.307,81.997,0]}],"ix":2,"l":2},"a":{"a":0,"k":[5.954,5.954,0],"ix":1,"l":2},"s":{"a":1,"k":[{"i":{"x":[0.833,0.833,0.833],"y":[0.833,0.833,0.833]},"o":{"x":[0.167,0.167,0.167],"y":[0.167,0.167,0.167]},"t":0,"s":[100,100,100]},{"i":{"x":[0.833,0.833,0.833],"y":[0.833,0.833,0.833]},"o":{"x":[0.167,0.167,0.167],"y":[0.167,0.167,0.167]},"t":2,"s":[100,0,100]},{"i":{"x":[0.833,0.833,0.833],"y":[0.833,0.833,0.833]},"o":{"x":[0.167,0.167,0.167],"y":[0.167,0.167,0.167]},"t":4,"s":[100,100,100]},{"i":{"x":[0.833,0.833,0.833],"y":[0.833,0.833,0.833]},"o":{"x":[0.167,0.167,0.167],"y":[0.167,0.167,0.167]},"t":20,"s":[100,100,100]},{"i":{"x":[0.833,0.833,0.833],"y":[0.833,0.833,0.833]},"o":{"x":[0.167,0.167,0.167],"y":[0.167,0.167,0.167]},"t":22,"s":[100,0,100]},{"i":{"x":[0.833,0.833,0.833],"y":[0.833,0.833,0.833]},"o":{"x":[0.167,0.167,0.167],"y":[0.167,0.167,0.167]},"t":24,"s":[100,100,100]},{"i":{"x":[0.833,0.833,0.833],"y":[0.833,0.833,0.833]},"o":{"x":[0.167,0.167,0.167],"y":[0.167,0.167,0.167]},"t":50,"s":[100,100,100]},{"i":{"x":[0.833,0.833,0.833],"y":[0.833,0.833,0.833]},"o":{"x":[0.167,0.167,0.167],"y":[0.167,0.167,0.167]},"t":52,"s":[100,0,100]},{"i":{"x":[0.833,0.833,0.833],"y":[0.833,0.833,0.833]},"o":{"x":[0.167,0.167,0.167],"y":[0.167,0.167,0.167]},"t":54,"s":[100,100,100]},{"i":{"x":[0.833,0.833,0.833],"y":[0.833,0.833,0.833]},"o":{"x":[0.167,0.167,0.167],"y":[0.167,0.167,0.167]},"t":70,"s":[100,100,100]},{"i":{"x":[0.833,0.833,0.833],"y":[0.833,0.833,0.833]},"o":{"x":[0.167,0.167,0.167],"y":[0.167,0.167,0.167]},"t":72,"s":[100,0,100]},{"i":{"x":[0.833,0.833,0.833],"y":[0.833,0.833,0.833]},"o":{"x":[0.167,0.167,0.167],"y":[0.167,0.167,0.167]},"t":74,"s":[100,100,100]},{"i":{"x":[0.833,0.833,0.833],"y":[0.833,0.833,0.833]},"o":{"x":[0.167,0.167,0.167],"y":[0.167,0.167,0.167]},"t":90,"s":[100,100,100]},{"i":{"x":[0.833,0.833,0.833],"y":[0.833,0.833,0.833]},"o":{"x":[0.167,0.167,0.167],"y":[0.167,0.167,0.167]},"t":92,"s":[100,0,100]},{"i":{"x":[0.833,0.833,0.833],"y":[0.833,0.833,0.833]},"o":{"x":[0.167,0.167,0.167],"y":[0.167,0.167,0.167]},"t":94,"s":[100,100,100]},{"i":{"x":[0.833,0.833,0.833],"y":[0.833,0.833,0.833]},"o":{"x":[0.167,0.167,0.167],"y":[0.167,0.167,0.167]},"t":110,"s":[100,100,100]},{"i":{"x":[0.833,0.833,0.833],"y":[0.833,0.833,0.833]},"o":{"x":[0.167,0.167,0.167],"y":[0.167,0.167,0.167]},"t":112,"s":[100,0,100]},{"i":{"x":[0.833,0.833,0.833],"y":[0.833,0.833,0.833]},"o":{"x":[0.167,0.167,0.167],"y":[0.167,0.167,0.167]},"t":114,"s":[100,100,100]},{"i":{"x":[0.833,0.833,0.833],"y":[0.833,0.833,0.833]},"o":{"x":[0.167,0.167,0.167],"y":[0.167,0.167,0.167]},"t":140,"s":[100,100,100]},{"i":{"x":[0.833,0.833,0.833],"y":[0.833,0.833,0.833]},"o":{"x":[0.167,0.167,0.167],"y":[0.167,0.167,0.167]},"t":142,"s":[100,0,100]},{"i":{"x":[0.833,0.833,0.833],"y":[0.833,0.833,0.833]},"o":{"x":[0.167,0.167,0.167],"y":[0.167,0.167,0.167]},"t":144,"s":[100,100,100]},{"i":{"x":[0.833,0.833,0.833],"y":[0.833,0.833,0.833]},"o":{"x":[0.167,0.167,0.167],"y":[0.167,0.167,0.167]},"t":170,"s":[100,100,100]},{"i":{"x":[0.833,0.833,0.833],"y":[0.833,0.833,0.833]},"o":{"x":[0.167,0.167,0.167],"y":[0.167,0.167,0.167]},"t":172,"s":[100,0,100]},{"i":{"x":[0.833,0.833,0.833],"y":[0.833,0.833,0.833]},"o":{"x":[0.167,0.167,0.167],"y":[0.167,0.167,0.167]},"t":174,"s":[100,100,100]},{"i":{"x":[0.833,0.833,0.833],"y":[0.833,0.833,0.833]},"o":{"x":[0.167,0.167,0.167],"y":[0.167,0.167,0.167]},"t":180,"s":[100,100,100]},{"i":{"x":[0.833,0.833,0.833],"y":[0.833,0.833,0.833]},"o":{"x":[0.167,0.167,0.167],"y":[0.167,0.167,0.167]},"t":182,"s":[100,0,100]},{"i":{"x":[0.833,0.833,0.833],"y":[0.833,0.833,0.833]},"o":{"x":[0.167,0.167,0.167],"y":[0.167,0.167,0.167]},"t":184,"s":[100,100,100]},{"i":{"x":[0.833,0.833,0.833],"y":[0.833,0.833,0.833]},"o":{"x":[0.167,0.167,0.167],"y":[0.167,0.167,0.167]},"t":200,"s":[100,100,100]},{"i":{"x":[0.833,0.833,0.833],"y":[0.833,0.833,0.833]},"o":{"x":[0.167,0.167,0.167],"y":[0.167,0.167,0.167]},"t":202,"s":[100,0,100]},{"i":{"x":[0.833,0.833,0.833],"y":[0.833,0.833,0.833]},"o":{"x":[0.167,0.167,0.167],"y":[0.167,0.167,0.167]},"t":204,"s":[100,100,100]},{"i":{"x":[0.833,0.833,0.833],"y":[0.833,0.833,0.833]},"o":{"x":[0.167,0.167,0.167],"y":[0.167,0.167,0.167]},"t":220,"s":[100,100,100]},{"i":{"x":[0.833,0.833,0.833],"y":[0.833,0.833,0.833]},"o":{"x":[0.167,0.167,0.167],"y":[0.167,0.167,0.167]},"t":222,"s":[100,0,100]},{"i":{"x":[0.833,0.833,0.833],"y":[0.833,0.833,0.833]},"o":{"x":[0.167,0.167,0.167],"y":[0.167,0.167,0.167]},"t":224,"s":[100,100,100]},{"i":{"x":[0.833,0.833,0.833],"y":[0.833,0.833,0.833]},"o":{"x":[0.167,0.167,0.167],"y":[0.167,0.167,0.167]},"t":240,"s":[100,100,100]},{"i":{"x":[0.833,0.833,0.833],"y":[0.833,0.833,0.833]},"o":{"x":[0.167,0.167,0.167],"y":[0.167,0.167,0.167]},"t":242,"s":[100,0,100]},{"t":244.000009938324,"s":[100,100,100]}],"ix":6,"l":2}},"ao":0,"ip":0,"op":306.000012463636,"st":0,"bm":0},{"ddd":0,"ind":11,"ty":2,"nm":"L eye ball","parent":15,"refId":"image_6","sr":1,"ks":{"o":{"a":0,"k":100,"ix":11},"r":{"a":0,"k":0,"ix":10},"p":{"a":1,"k":[{"i":{"x":0.833,"y":0.833},"o":{"x":0.167,"y":0.167},"t":9,"s":[47.303,82.572,0],"to":[0.59,-0.322,0],"ti":[-0.59,0.322,0]},{"i":{"x":0.833,"y":0.833},"o":{"x":0.167,"y":0.167},"t":10,"s":[50.841,80.641,0],"to":[0,0,0],"ti":[0,0,0]},{"i":{"x":0.833,"y":0.833},"o":{"x":0.167,"y":0.167},"t":30,"s":[50.841,80.641,0],"to":[-0.5,-0.01,0],"ti":[0.5,0.01,0]},{"i":{"x":0.833,"y":0.833},"o":{"x":0.167,"y":0.167},"t":31,"s":[47.842,80.582,0],"to":[0,0,0],"ti":[0,0,0]},{"i":{"x":0.833,"y":0.833},"o":{"x":0.167,"y":0.167},"t":50,"s":[47.842,80.582,0],"to":[0.16,0.337,0],"ti":[-0.16,-0.337,0]},{"i":{"x":0.833,"y":0.833},"o":{"x":0.167,"y":0.167},"t":51,"s":[48.802,82.601,0],"to":[0,0,0],"ti":[0,0,0]},{"i":{"x":0.833,"y":0.833},"o":{"x":0.167,"y":0.167},"t":90,"s":[48.802,82.601,0],"to":[0.269,-0.095,0],"ti":[-0.269,0.095,0]},{"i":{"x":0.833,"y":0.833},"o":{"x":0.167,"y":0.167},"t":91,"s":[50.414,82.033,0],"to":[0,0,0],"ti":[0,0,0]},{"i":{"x":0.833,"y":0.833},"o":{"x":0.167,"y":0.167},"t":120,"s":[50.414,82.033,0],"to":[-0.269,0.128,0],"ti":[0.269,-0.128,0]},{"i":{"x":0.833,"y":0.833},"o":{"x":0.167,"y":0.167},"t":121,"s":[48.798,82.801,0],"to":[0,0,0],"ti":[0,0,0]},{"i":{"x":0.833,"y":0.833},"o":{"x":0.167,"y":0.167},"t":150,"s":[48.798,82.801,0],"to":[0.171,-0.23,0],"ti":[-0.171,0.23,0]},{"i":{"x":0.833,"y":0.833},"o":{"x":0.167,"y":0.167},"t":151,"s":[49.826,81.421,0],"to":[0,0,0],"ti":[0,0,0]},{"i":{"x":0.833,"y":0.833},"o":{"x":0.167,"y":0.167},"t":180,"s":[49.826,81.421,0],"to":[-0.202,0.096,0],"ti":[0.202,-0.096,0]},{"t":181.000007372281,"s":[48.614,81.997,0]}],"ix":2,"l":2},"a":{"a":0,"k":[5.953,5.954,0],"ix":1,"l":2},"s":{"a":1,"k":[{"i":{"x":[0.833,0.833,0.833],"y":[0.833,0.833,0.833]},"o":{"x":[0.167,0.167,0.167],"y":[0.167,0.167,0.167]},"t":0,"s":[100,100,100]},{"i":{"x":[0.833,0.833,0.833],"y":[0.833,0.833,0.833]},"o":{"x":[0.167,0.167,0.167],"y":[0.167,0.167,0.167]},"t":2,"s":[100,0,100]},{"i":{"x":[0.833,0.833,0.833],"y":[0.833,0.833,0.833]},"o":{"x":[0.167,0.167,0.167],"y":[0.167,0.167,0.167]},"t":4,"s":[100,100,100]},{"i":{"x":[0.833,0.833,0.833],"y":[0.833,0.833,0.833]},"o":{"x":[0.167,0.167,0.167],"y":[0.167,0.167,0.167]},"t":20,"s":[100,100,100]},{"i":{"x":[0.833,0.833,0.833],"y":[0.833,0.833,0.833]},"o":{"x":[0.167,0.167,0.167],"y":[0.167,0.167,0.167]},"t":22,"s":[100,0,100]},{"i":{"x":[0.833,0.833,0.833],"y":[0.833,0.833,0.833]},"o":{"x":[0.167,0.167,0.167],"y":[0.167,0.167,0.167]},"t":24,"s":[100,100,100]},{"i":{"x":[0.833,0.833,0.833],"y":[0.833,0.833,0.833]},"o":{"x":[0.167,0.167,0.167],"y":[0.167,0.167,0.167]},"t":50,"s":[100,100,100]},{"i":{"x":[0.833,0.833,0.833],"y":[0.833,0.833,0.833]},"o":{"x":[0.167,0.167,0.167],"y":[0.167,0.167,0.167]},"t":52,"s":[100,0,100]},{"i":{"x":[0.833,0.833,0.833],"y":[0.833,0.833,0.833]},"o":{"x":[0.167,0.167,0.167],"y":[0.167,0.167,0.167]},"t":54,"s":[100,100,100]},{"i":{"x":[0.833,0.833,0.833],"y":[0.833,0.833,0.833]},"o":{"x":[0.167,0.167,0.167],"y":[0.167,0.167,0.167]},"t":70,"s":[100,100,100]},{"i":{"x":[0.833,0.833,0.833],"y":[0.833,0.833,0.833]},"o":{"x":[0.167,0.167,0.167],"y":[0.167,0.167,0.167]},"t":72,"s":[100,0,100]},{"i":{"x":[0.833,0.833,0.833],"y":[0.833,0.833,0.833]},"o":{"x":[0.167,0.167,0.167],"y":[0.167,0.167,0.167]},"t":74,"s":[100,100,100]},{"i":{"x":[0.833,0.833,0.833],"y":[0.833,0.833,0.833]},"o":{"x":[0.167,0.167,0.167],"y":[0.167,0.167,0.167]},"t":90,"s":[100,100,100]},{"i":{"x":[0.833,0.833,0.833],"y":[0.833,0.833,0.833]},"o":{"x":[0.167,0.167,0.167],"y":[0.167,0.167,0.167]},"t":92,"s":[100,0,100]},{"i":{"x":[0.833,0.833,0.833],"y":[0.833,0.833,0.833]},"o":{"x":[0.167,0.167,0.167],"y":[0.167,0.167,0.167]},"t":94,"s":[100,100,100]},{"i":{"x":[0.833,0.833,0.833],"y":[0.833,0.833,0.833]},"o":{"x":[0.167,0.167,0.167],"y":[0.167,0.167,0.167]},"t":110,"s":[100,100,100]},{"i":{"x":[0.833,0.833,0.833],"y":[0.833,0.833,0.833]},"o":{"x":[0.167,0.167,0.167],"y":[0.167,0.167,0.167]},"t":112,"s":[100,0,100]},{"i":{"x":[0.833,0.833,0.833],"y":[0.833,0.833,0.833]},"o":{"x":[0.167,0.167,0.167],"y":[0.167,0.167,0.167]},"t":114,"s":[100,100,100]},{"i":{"x":[0.833,0.833,0.833],"y":[0.833,0.833,0.833]},"o":{"x":[0.167,0.167,0.167],"y":[0.167,0.167,0.167]},"t":140,"s":[100,100,100]},{"i":{"x":[0.833,0.833,0.833],"y":[0.833,0.833,0.833]},"o":{"x":[0.167,0.167,0.167],"y":[0.167,0.167,0.167]},"t":142,"s":[100,0,100]},{"i":{"x":[0.833,0.833,0.833],"y":[0.833,0.833,0.833]},"o":{"x":[0.167,0.167,0.167],"y":[0.167,0.167,0.167]},"t":144,"s":[100,100,100]},{"i":{"x":[0.833,0.833,0.833],"y":[0.833,0.833,0.833]},"o":{"x":[0.167,0.167,0.167],"y":[0.167,0.167,0.167]},"t":170,"s":[100,100,100]},{"i":{"x":[0.833,0.833,0.833],"y":[0.833,0.833,0.833]},"o":{"x":[0.167,0.167,0.167],"y":[0.167,0.167,0.167]},"t":172,"s":[100,0,100]},{"i":{"x":[0.833,0.833,0.833],"y":[0.833,0.833,0.833]},"o":{"x":[0.167,0.167,0.167],"y":[0.167,0.167,0.167]},"t":174,"s":[100,100,100]},{"i":{"x":[0.833,0.833,0.833],"y":[0.833,0.833,0.833]},"o":{"x":[0.167,0.167,0.167],"y":[0.167,0.167,0.167]},"t":180,"s":[100,100,100]},{"i":{"x":[0.833,0.833,0.833],"y":[0.833,0.833,0.833]},"o":{"x":[0.167,0.167,0.167],"y":[0.167,0.167,0.167]},"t":182,"s":[100,0,100]},{"i":{"x":[0.833,0.833,0.833],"y":[0.833,0.833,0.833]},"o":{"x":[0.167,0.167,0.167],"y":[0.167,0.167,0.167]},"t":184,"s":[100,100,100]},{"i":{"x":[0.833,0.833,0.833],"y":[0.833,0.833,0.833]},"o":{"x":[0.167,0.167,0.167],"y":[0.167,0.167,0.167]},"t":200,"s":[100,100,100]},{"i":{"x":[0.833,0.833,0.833],"y":[0.833,0.833,0.833]},"o":{"x":[0.167,0.167,0.167],"y":[0.167,0.167,0.167]},"t":202,"s":[100,0,100]},{"i":{"x":[0.833,0.833,0.833],"y":[0.833,0.833,0.833]},"o":{"x":[0.167,0.167,0.167],"y":[0.167,0.167,0.167]},"t":204,"s":[100,100,100]},{"i":{"x":[0.833,0.833,0.833],"y":[0.833,0.833,0.833]},"o":{"x":[0.167,0.167,0.167],"y":[0.167,0.167,0.167]},"t":220,"s":[100,100,100]},{"i":{"x":[0.833,0.833,0.833],"y":[0.833,0.833,0.833]},"o":{"x":[0.167,0.167,0.167],"y":[0.167,0.167,0.167]},"t":222,"s":[100,0,100]},{"i":{"x":[0.833,0.833,0.833],"y":[0.833,0.833,0.833]},"o":{"x":[0.167,0.167,0.167],"y":[0.167,0.167,0.167]},"t":224,"s":[100,100,100]},{"i":{"x":[0.833,0.833,0.833],"y":[0.833,0.833,0.833]},"o":{"x":[0.167,0.167,0.167],"y":[0.167,0.167,0.167]},"t":240,"s":[100,100,100]},{"i":{"x":[0.833,0.833,0.833],"y":[0.833,0.833,0.833]},"o":{"x":[0.167,0.167,0.167],"y":[0.167,0.167,0.167]},"t":242,"s":[100,0,100]},{"t":244.000009938324,"s":[100,100,100]}],"ix":6,"l":2}},"ao":0,"ip":0,"op":306.000012463636,"st":0,"bm":0},{"ddd":0,"ind":13,"ty":2,"nm":"R eye brow","parent":15,"refId":"image_7","sr":1,"ks":{"o":{"a":0,"k":100,"ix":11},"r":{"a":0,"k":0,"ix":10},"p":{"a":1,"k":[{"i":{"x":0.833,"y":0.833},"o":{"x":0.167,"y":0.167},"t":9,"s":[75.219,69.93,0],"to":[0.342,-0.41,0],"ti":[-0.342,0.41,0]},{"i":{"x":0.833,"y":0.833},"o":{"x":0.167,"y":0.167},"t":10,"s":[77.268,67.47,0],"to":[0,0,0],"ti":[0,0,0]},{"i":{"x":0.833,"y":0.833},"o":{"x":0.167,"y":0.167},"t":30,"s":[77.268,67.47,0],"to":[-0.332,-0.09,0],"ti":[0.332,0.09,0]},{"i":{"x":0.833,"y":0.833},"o":{"x":0.167,"y":0.167},"t":31,"s":[75.279,66.93,0],"to":[0,0,0],"ti":[0,0,0]},{"i":{"x":0.833,"y":0.833},"o":{"x":0.167,"y":0.167},"t":50,"s":[75.279,66.93,0],"to":[0.157,0.503,0],"ti":[-0.157,-0.503,0]},{"t":51.0000020772726,"s":[76.219,69.95,0]}],"ix":2,"l":2},"a":{"a":0,"k":[11.869,6.797,0],"ix":1,"l":2},"s":{"a":0,"k":[100,100,100],"ix":6,"l":2}},"ao":0,"ip":0,"op":306.000012463636,"st":0,"bm":0},{"ddd":0,"ind":14,"ty":2,"nm":"L eye brow","parent":15,"refId":"image_8","sr":1,"ks":{"o":{"a":0,"k":100,"ix":11},"r":{"a":0,"k":0,"ix":10},"p":{"a":1,"k":[{"i":{"x":0.833,"y":0.833},"o":{"x":0.167,"y":0.167},"t":9,"s":[42.709,69.098,0],"to":[0.342,-0.41,0],"ti":[-0.342,0.41,0]},{"i":{"x":0.833,"y":0.833},"o":{"x":0.167,"y":0.167},"t":10,"s":[44.758,66.638,0],"to":[0,0,0],"ti":[0,0,0]},{"i":{"x":0.833,"y":0.833},"o":{"x":0.167,"y":0.167},"t":30,"s":[44.758,66.638,0],"to":[-0.332,-0.09,0],"ti":[0.332,0.09,0]},{"i":{"x":0.833,"y":0.833},"o":{"x":0.167,"y":0.167},"t":31,"s":[42.769,66.099,0],"to":[0,0,0],"ti":[0,0,0]},{"i":{"x":0.833,"y":0.833},"o":{"x":0.167,"y":0.167},"t":50,"s":[42.769,66.099,0],"to":[0.157,0.503,0],"ti":[-0.157,-0.503,0]},{"t":51.0000020772726,"s":[43.709,69.118,0]}],"ix":2,"l":2},"a":{"a":0,"k":[14.207,7.274,0],"ix":1,"l":2},"s":{"a":0,"k":[100,100,100],"ix":6,"l":2}},"ao":0,"ip":0,"op":306.000012463636,"st":0,"bm":0},{"ddd":0,"ind":15,"ty":2,"nm":"face","refId":"image_9","sr":1,"ks":{"o":{"a":0,"k":100,"ix":11},"r":{"a":0,"k":-1.136,"ix":10},"p":{"a":0,"k":[57.848,139.909,0],"ix":2,"l":2},"a":{"a":0,"k":[54.496,138.305,0],"ix":1,"l":2},"s":{"a":0,"k":[100,100,100],"ix":6,"l":2}},"ao":0,"ip":0,"op":306.000012463636,"st":0,"bm":0}]},{"id":"comp_4","nm":"neck Comp 1","fr":29.9700012207031,"layers":[{"ddd":0,"ind":1,"ty":2,"nm":"Layer 7","refId":"image_10","sr":1,"ks":{"o":{"a":0,"k":100,"ix":11},"r":{"a":0,"k":8.408,"ix":10},"p":{"a":0,"k":[18.72,13.662,0],"ix":2,"l":2},"a":{"a":0,"k":[20.72,17.162,0],"ix":1,"l":2},"s":{"a":0,"k":[100,100,100],"ix":6,"l":2}},"ao":0,"ip":0,"op":303.000012341443,"st":0,"bm":0}]},{"id":"comp_5","nm":"body Comp 1","fr":29.9700012207031,"layers":[{"ddd":0,"ind":2,"ty":2,"nm":"body/usman.ai","cl":"ai","refId":"image_12","sr":1,"ks":{"o":{"a":0,"k":100,"ix":11},"r":{"a":0,"k":0,"ix":10},"p":{"a":0,"k":[80,108,0],"ix":2,"l":2},"a":{"a":0,"k":[80,108,0],"ix":1,"l":2},"s":{"a":0,"k":[100,100,100],"ix":6,"l":2}},"ao":0,"ip":0,"op":307.000012504366,"st":0,"bm":0}]},{"id":"comp_6","nm":"body down Comp 1","fr":29.9700012207031,"layers":[{"ddd":0,"ind":2,"ty":2,"nm":"body down/usman.ai","cl":"ai","refId":"image_13","sr":1,"ks":{"o":{"a":0,"k":100,"ix":11},"r":{"a":0,"k":0,"ix":10},"p":{"a":0,"k":[56,27.5,0],"ix":2,"l":2},"a":{"a":0,"k":[56,27.5,0],"ix":1,"l":2},"s":{"a":0,"k":[100,100,100],"ix":6,"l":2}},"ao":0,"ip":0,"op":307.000012504366,"st":0,"bm":0}]},{"id":"comp_7","nm":"L leg 1 Comp 1","fr":29.9700012207031,"layers":[{"ddd":0,"ind":2,"ty":2,"nm":"L leg 11/usman.ai","cl":"ai","refId":"image_14","sr":1,"ks":{"o":{"a":0,"k":100,"ix":11},"r":{"a":0,"k":0,"ix":10},"p":{"a":0,"k":[27.5,95.5,0],"ix":2,"l":2},"a":{"a":0,"k":[27.5,95.5,0],"ix":1,"l":2},"s":{"a":0,"k":[100,100,100],"ix":6,"l":2}},"ao":0,"ip":0,"op":307.000012504366,"st":0,"bm":0}]},{"id":"comp_8","nm":"L leg 11 Comp 1","fr":29.9700012207031,"layers":[{"ddd":0,"ind":2,"ty":2,"nm":"L leg 1/usman.ai","cl":"ai","refId":"image_15","sr":1,"ks":{"o":{"a":0,"k":100,"ix":11},"r":{"a":0,"k":0,"ix":10},"p":{"a":0,"k":[23.5,87.5,0],"ix":2,"l":2},"a":{"a":0,"k":[23.5,87.5,0],"ix":1,"l":2},"s":{"a":0,"k":[100,100,100],"ix":6,"l":2}},"ao":0,"ip":0,"op":308.000012545097,"st":0,"bm":0}]},{"id":"comp_9","nm":"L shoes 111 Comp 1","fr":29.9700012207031,"layers":[{"ddd":0,"ind":2,"ty":2,"nm":"L shoes 111/usman.ai","cl":"ai","refId":"image_16","sr":1,"ks":{"o":{"a":0,"k":100,"ix":11},"r":{"a":0,"k":0,"ix":10},"p":{"a":0,"k":[35,28.5,0],"ix":2,"l":2},"a":{"a":0,"k":[35,23.5,0],"ix":1,"l":2},"s":{"a":0,"k":[100,100,100],"ix":6,"l":2}},"ao":0,"ip":0,"op":307.000012504366,"st":0,"bm":0}]},{"id":"comp_10","nm":"R leg 1 Comp 1","fr":29.9700012207031,"layers":[{"ddd":0,"ind":2,"ty":2,"nm":"R leg 1/usman.ai","cl":"ai","refId":"image_17","sr":1,"ks":{"o":{"a":0,"k":100,"ix":11},"r":{"a":0,"k":0,"ix":10},"p":{"a":0,"k":[27.5,95.5,0],"ix":2,"l":2},"a":{"a":0,"k":[27.5,95.5,0],"ix":1,"l":2},"s":{"a":0,"k":[100,100,100],"ix":6,"l":2}},"ao":0,"ip":0,"op":308.000012545097,"st":0,"bm":0}]},{"id":"comp_11","nm":"R leg 11 Comp 1","fr":29.9700012207031,"layers":[{"ddd":0,"ind":2,"ty":2,"nm":"R leg 11/usman.ai","cl":"ai","refId":"image_18","sr":1,"ks":{"o":{"a":0,"k":100,"ix":11},"r":{"a":0,"k":0,"ix":10},"p":{"a":0,"k":[23.5,87.5,0],"ix":2,"l":2},"a":{"a":0,"k":[23.5,87.5,0],"ix":1,"l":2},"s":{"a":0,"k":[100,100,100],"ix":6,"l":2}},"ao":0,"ip":0,"op":307.000012504366,"st":0,"bm":0}]},{"id":"comp_12","nm":"R shoes 111 Comp 1","fr":29.9700012207031,"layers":[{"ddd":0,"ind":2,"ty":2,"nm":"R shoes 111/usman.ai","cl":"ai","refId":"image_19","sr":1,"ks":{"o":{"a":0,"k":100,"ix":11},"r":{"a":0,"k":0,"ix":10},"p":{"a":0,"k":[35,28.5,0],"ix":2,"l":2},"a":{"a":0,"k":[35,23.5,0],"ix":1,"l":2},"s":{"a":0,"k":[100,100,100],"ix":6,"l":2}},"ao":0,"ip":0,"op":307.000012504366,"st":0,"bm":0}]},{"id":"comp_13","nm":"R hand 1 Comp 1","fr":29.9700012207031,"layers":[{"ddd":0,"ind":2,"ty":2,"nm":"R hand 1/usman.ai","cl":"ai","refId":"image_20","sr":1,"ks":{"o":{"a":0,"k":100,"ix":11},"r":{"a":0,"k":0,"ix":10},"p":{"a":0,"k":[39,59.5,0],"ix":2,"l":2},"a":{"a":0,"k":[39,59.5,0],"ix":1,"l":2},"s":{"a":0,"k":[100,100,100],"ix":6,"l":2}},"ao":0,"ip":0,"op":307.000012504366,"st":0,"bm":0}]},{"id":"comp_14","nm":"R hand 11 Comp 1","fr":29.9700012207031,"layers":[{"ddd":0,"ind":2,"ty":2,"nm":"R hand 11/usman.ai","cl":"ai","refId":"image_21","sr":1,"ks":{"o":{"a":0,"k":100,"ix":11},"r":{"a":0,"k":0,"ix":10},"p":{"a":0,"k":[28,51,0],"ix":2,"l":2},"a":{"a":0,"k":[28,51,0],"ix":1,"l":2},"s":{"a":0,"k":[100,100,100],"ix":6,"l":2}},"ao":0,"ip":0,"op":307.000012504366,"st":0,"bm":0}]},{"id":"comp_15","nm":"R hand 111 Comp 1","fr":29.9700012207031,"layers":[{"ddd":0,"ind":1,"ty":2,"nm":"Layer 7","refId":"image_22","sr":1,"ks":{"o":{"a":0,"k":100,"ix":11},"r":{"a":0,"k":163.429,"ix":10},"p":{"a":0,"k":[35.364,12.63,0],"ix":2,"l":2},"a":{"a":0,"k":[13.555,64.929,0],"ix":1,"l":2},"s":{"a":0,"k":[99.303,99.303,100],"ix":6,"l":2}},"ao":0,"ip":0,"op":307.000012504366,"st":0,"bm":0}]}],"layers":[{"ddd":0,"ind":1,"ty":0,"nm":"usman","refId":"comp_0","sr":1,"ks":{"o":{"a":0,"k":100,"ix":11},"r":{"a":0,"k":0,"ix":10},"p":{"a":0,"k":[225,399.5,0],"ix":2,"l":2},"a":{"a":0,"k":[960,540,0],"ix":1,"l":2},"s":{"a":0,"k":[100,100,100],"ix":6,"l":2}},"ao":0,"w":1920,"h":1080,"ip":-3.00000012219251,"op":202.000008227629,"st":-98.0000039916218,"bm":0}],"markers":[]}