{"v":"5.9.1","fr":29.9700012207031,"ip":0,"op":206.000008390552,"w":260,"h":271,"nm":"icon animation","ddd":0,"assets":[{"id":"image_0","w":170,"h":156,"u":"images/","p":"img_0.png","e":0}],"layers":[{"ddd":0,"ind":2,"ty":2,"nm":"Layer 1","refId":"image_0","sr":1,"ks":{"o":{"a":0,"k":100,"ix":11},"r":{"a":0,"k":0,"ix":10},"p":{"a":0,"k":[130,135.5,0],"ix":2,"l":2},"a":{"a":0,"k":[84.772,77.875,0],"ix":1,"l":2},"s":{"k":[{"s":[0,0,100],"t":0,"i":{"x":[1,1,1],"y":[1,1,1]},"o":{"x":[0,0,0],"y":[0,0,0]}},{"s":[112,112,100],"t":7,"i":{"x":[1,1,1],"y":[1,1,1]},"o":{"x":[0,0,0],"y":[0,0,0]}},{"s":[128.522,128.522,100],"t":8,"i":{"x":[1,1,1],"y":[1,1,1]},"o":{"x":[0,0,0],"y":[0,0,0]}},{"s":[137.545,137.545,100],"t":9,"i":{"x":[1,1,1],"y":[1,1,1]},"o":{"x":[0,0,0],"y":[0,0,0]}},{"s":[139.658,139.658,100],"t":10,"i":{"x":[1,1,1],"y":[1,1,1]},"o":{"x":[0,0,0],"y":[0,0,0]}},{"s":[136.464,136.464,100],"t":11,"i":{"x":[1,1,1],"y":[1,1,1]},"o":{"x":[0,0,0],"y":[0,0,0]}},{"s":[130.011,130.011,100],"t":12,"i":{"x":[1,1,1],"y":[1,1,1]},"o":{"x":[0,0,0],"y":[0,0,0]}},{"s":[122.323,122.323,100],"t":13,"i":{"x":[1,1,1],"y":[1,1,1]},"o":{"x":[0,0,0],"y":[0,0,0]}},{"s":[115.058,115.058,100],"t":14,"i":{"x":[1,1,1],"y":[1,1,1]},"o":{"x":[0,0,0],"y":[0,0,0]}},{"s":[109.334,109.334,100],"t":15,"i":{"x":[1,1,1],"y":[1,1,1]},"o":{"x":[0,0,0],"y":[0,0,0]}},{"s":[105.688,105.688,100],"t":16,"i":{"x":[1,1,1],"y":[1,1,1]},"o":{"x":[0,0,0],"y":[0,0,0]}},{"s":[104.151,104.151,100],"t":17,"i":{"x":[1,1,1],"y":[1,1,1]},"o":{"x":[0,0,0],"y":[0,0,0]}},{"s":[104.386,104.386,100],"t":18,"i":{"x":[1,1,1],"y":[1,1,1]},"o":{"x":[0,0,0],"y":[0,0,0]}},{"s":[105.851,105.851,100],"t":19,"i":{"x":[1,1,1],"y":[1,1,1]},"o":{"x":[0,0,0],"y":[0,0,0]}},{"s":[107.947,107.947,100],"t":20,"i":{"x":[1,1,1],"y":[1,1,1]},"o":{"x":[0,0,0],"y":[0,0,0]}},{"s":[110.138,110.138,100],"t":21,"i":{"x":[1,1,1],"y":[1,1,1]},"o":{"x":[0,0,0],"y":[0,0,0]}},{"s":[112.025,112.025,100],"t":22,"i":{"x":[1,1,1],"y":[1,1,1]},"o":{"x":[0,0,0],"y":[0,0,0]}},{"s":[113.372,113.372,100],"t":23,"i":{"x":[1,1,1],"y":[1,1,1]},"o":{"x":[0,0,0],"y":[0,0,0]}},{"s":[114.103,114.103,100],"t":24,"i":{"x":[1,1,1],"y":[1,1,1]},"o":{"x":[0,0,0],"y":[0,0,0]}},{"s":[114.269,114.269,100],"t":25,"i":{"x":[1,1,1],"y":[1,1,1]},"o":{"x":[0,0,0],"y":[0,0,0]}},{"s":[114.002,114.002,100],"t":26,"i":{"x":[1,1,1],"y":[1,1,1]},"o":{"x":[0,0,0],"y":[0,0,0]}},{"s":[113.469,113.469,100],"t":27,"i":{"x":[1,1,1],"y":[1,1,1]},"o":{"x":[0,0,0],"y":[0,0,0]}},{"s":[112.838,112.838,100],"t":28,"i":{"x":[1,1,1],"y":[1,1,1]},"o":{"x":[0,0,0],"y":[0,0,0]}},{"s":[112.243,112.243,100],"t":29,"i":{"x":[1,1,1],"y":[1,1,1]},"o":{"x":[0,0,0],"y":[0,0,0]}},{"s":[111.775,111.775,100],"t":30,"i":{"x":[1,1,1],"y":[1,1,1]},"o":{"x":[0,0,0],"y":[0,0,0]}},{"s":[111.479,111.479,100],"t":31,"i":{"x":[1,1,1],"y":[1,1,1]},"o":{"x":[0,0,0],"y":[0,0,0]}},{"s":[111.376,111.376,100],"t":33,"i":{"x":[1,1,1],"y":[1,1,1]},"o":{"x":[0,0,0],"y":[0,0,0]}},{"s":[111.498,111.498,100],"t":34,"i":{"x":[1,1,1],"y":[1,1,1]},"o":{"x":[0,0,0],"y":[0,0,0]}},{"s":[111.67,111.67,100],"t":35,"i":{"x":[1,1,1],"y":[1,1,1]},"o":{"x":[0,0,0],"y":[0,0,0]}},{"s":[111.85,111.85,100],"t":36,"i":{"x":[1,1,1],"y":[1,1,1]},"o":{"x":[0,0,0],"y":[0,0,0]}},{"s":[112,112,100],"t":37,"i":{"x":[1,1,1],"y":[1,1,1]},"o":{"x":[0,0,0],"y":[0,0,0]}}],"l":2}},"ao":0,"ip":0,"op":300.00001221925,"st":0,"bm":0}],"markers":[]}