{"v":"5.9.1","fr":29.9700012207031,"ip":0,"op":900.000036657751,"w":1920,"h":1080,"nm":"Comp 1","ddd":0,"assets":[{"id":"image_0","w":19,"h":30,"u":"images/","p":"img_0.png","e":0},{"id":"image_1","w":569,"h":97,"u":"images/","p":"img_1.png","e":0},{"id":"image_2","w":596,"h":61,"u":"images/","p":"img_2.png","e":0},{"id":"image_3","w":517,"h":229,"u":"images/","p":"img_3.png","e":0},{"id":"image_4","w":556,"h":29,"u":"images/","p":"img_4.png","e":0},{"id":"image_5","w":340,"h":261,"u":"images/","p":"img_5.png","e":0},{"id":"image_6","w":216,"h":269,"u":"images/","p":"img_6.png","e":0},{"id":"image_7","w":340,"h":261,"u":"images/","p":"img_7.png","e":0},{"id":"image_8","w":217,"h":268,"u":"images/","p":"img_8.png","e":0},{"id":"image_9","w":924,"h":60,"u":"images/","p":"img_9.png","e":0}],"layers":[{"ddd":0,"ind":1,"ty":2,"nm":"Thumb 2","parent":9,"refId":"image_0","sr":1,"ks":{"o":{"a":0,"k":100,"ix":11},"r":{"k":[{"s":[4],"t":90,"i":{"x":[1],"y":[1]},"o":{"x":[0],"y":[0]}},{"s":[-6],"t":97,"i":{"x":[1],"y":[1]},"o":{"x":[0],"y":[0]}},{"s":[4],"t":105,"i":{"x":[1],"y":[1]},"o":{"x":[0],"y":[0]}},{"s":[-6],"t":112,"i":{"x":[1],"y":[1]},"o":{"x":[0],"y":[0]}},{"s":[4],"t":120,"i":{"x":[1],"y":[1]},"o":{"x":[0],"y":[0]}},{"s":[-6],"t":127,"i":{"x":[1],"y":[1]},"o":{"x":[0],"y":[0]}},{"s":[4],"t":135,"i":{"x":[1],"y":[1]},"o":{"x":[0],"y":[0]}},{"s":[-6],"t":142,"i":{"x":[1],"y":[1]},"o":{"x":[0],"y":[0]}},{"s":[4],"t":150,"i":{"x":[1],"y":[1]},"o":{"x":[0],"y":[0]}},{"s":[-6],"t":157,"i":{"x":[1],"y":[1]},"o":{"x":[0],"y":[0]}},{"s":[4],"t":165,"i":{"x":[1],"y":[1]},"o":{"x":[0],"y":[0]}},{"s":[-6],"t":172,"i":{"x":[1],"y":[1]},"o":{"x":[0],"y":[0]}},{"s":[4],"t":180,"i":{"x":[1],"y":[1]},"o":{"x":[0],"y":[0]}},{"s":[-6],"t":187,"i":{"x":[1],"y":[1]},"o":{"x":[0],"y":[0]}},{"s":[4],"t":195,"i":{"x":[1],"y":[1]},"o":{"x":[0],"y":[0]}},{"s":[-6],"t":202,"i":{"x":[1],"y":[1]},"o":{"x":[0],"y":[0]}},{"s":[4],"t":210,"i":{"x":[1],"y":[1]},"o":{"x":[0],"y":[0]}},{"s":[-6],"t":217,"i":{"x":[1],"y":[1]},"o":{"x":[0],"y":[0]}},{"s":[4],"t":225,"i":{"x":[1],"y":[1]},"o":{"x":[0],"y":[0]}},{"s":[-6],"t":232,"i":{"x":[1],"y":[1]},"o":{"x":[0],"y":[0]}},{"s":[4],"t":240,"i":{"x":[1],"y":[1]},"o":{"x":[0],"y":[0]}},{"s":[-6],"t":247,"i":{"x":[1],"y":[1]},"o":{"x":[0],"y":[0]}},{"s":[4],"t":255,"i":{"x":[1],"y":[1]},"o":{"x":[0],"y":[0]}},{"s":[-6],"t":262,"i":{"x":[1],"y":[1]},"o":{"x":[0],"y":[0]}},{"s":[4],"t":270,"i":{"x":[1],"y":[1]},"o":{"x":[0],"y":[0]}},{"s":[-6],"t":277,"i":{"x":[1],"y":[1]},"o":{"x":[0],"y":[0]}},{"s":[4],"t":285,"i":{"x":[1],"y":[1]},"o":{"x":[0],"y":[0]}},{"s":[-6],"t":292,"i":{"x":[1],"y":[1]},"o":{"x":[0],"y":[0]}},{"s":[4],"t":300,"i":{"x":[1],"y":[1]},"o":{"x":[0],"y":[0]}},{"s":[-6],"t":307,"i":{"x":[1],"y":[1]},"o":{"x":[0],"y":[0]}},{"s":[4],"t":315,"i":{"x":[1],"y":[1]},"o":{"x":[0],"y":[0]}},{"s":[-6],"t":322,"i":{"x":[1],"y":[1]},"o":{"x":[0],"y":[0]}},{"s":[4],"t":330,"i":{"x":[1],"y":[1]},"o":{"x":[0],"y":[0]}},{"s":[-6],"t":337,"i":{"x":[1],"y":[1]},"o":{"x":[0],"y":[0]}},{"s":[4],"t":345,"i":{"x":[1],"y":[1]},"o":{"x":[0],"y":[0]}},{"s":[-6],"t":352,"i":{"x":[1],"y":[1]},"o":{"x":[0],"y":[0]}},{"s":[4],"t":360,"i":{"x":[1],"y":[1]},"o":{"x":[0],"y":[0]}},{"s":[-6],"t":367,"i":{"x":[1],"y":[1]},"o":{"x":[0],"y":[0]}},{"s":[4],"t":375,"i":{"x":[1],"y":[1]},"o":{"x":[0],"y":[0]}},{"s":[-6],"t":382,"i":{"x":[1],"y":[1]},"o":{"x":[0],"y":[0]}},{"s":[4],"t":390,"i":{"x":[1],"y":[1]},"o":{"x":[0],"y":[0]}},{"s":[-6],"t":397,"i":{"x":[1],"y":[1]},"o":{"x":[0],"y":[0]}},{"s":[4],"t":405,"i":{"x":[1],"y":[1]},"o":{"x":[0],"y":[0]}},{"s":[-6],"t":412,"i":{"x":[1],"y":[1]},"o":{"x":[0],"y":[0]}},{"s":[4],"t":420,"i":{"x":[1],"y":[1]},"o":{"x":[0],"y":[0]}},{"s":[-6],"t":427,"i":{"x":[1],"y":[1]},"o":{"x":[0],"y":[0]}},{"s":[4],"t":435,"i":{"x":[1],"y":[1]},"o":{"x":[0],"y":[0]}},{"s":[-6],"t":442,"i":{"x":[1],"y":[1]},"o":{"x":[0],"y":[0]}},{"s":[4],"t":450,"i":{"x":[1],"y":[1]},"o":{"x":[0],"y":[0]}},{"s":[-6],"t":457,"i":{"x":[1],"y":[1]},"o":{"x":[0],"y":[0]}},{"s":[4],"t":465,"i":{"x":[1],"y":[1]},"o":{"x":[0],"y":[0]}},{"s":[-6],"t":472,"i":{"x":[1],"y":[1]},"o":{"x":[0],"y":[0]}},{"s":[4],"t":480,"i":{"x":[1],"y":[1]},"o":{"x":[0],"y":[0]}},{"s":[-6],"t":487,"i":{"x":[1],"y":[1]},"o":{"x":[0],"y":[0]}},{"s":[4],"t":495,"i":{"x":[1],"y":[1]},"o":{"x":[0],"y":[0]}},{"s":[-6],"t":502,"i":{"x":[1],"y":[1]},"o":{"x":[0],"y":[0]}},{"s":[4],"t":510,"i":{"x":[1],"y":[1]},"o":{"x":[0],"y":[0]}},{"s":[-6],"t":517,"i":{"x":[1],"y":[1]},"o":{"x":[0],"y":[0]}},{"s":[4],"t":525,"i":{"x":[1],"y":[1]},"o":{"x":[0],"y":[0]}},{"s":[-6],"t":532,"i":{"x":[1],"y":[1]},"o":{"x":[0],"y":[0]}},{"s":[4],"t":540,"i":{"x":[1],"y":[1]},"o":{"x":[0],"y":[0]}},{"s":[-6],"t":547,"i":{"x":[1],"y":[1]},"o":{"x":[0],"y":[0]}},{"s":[4],"t":555,"i":{"x":[1],"y":[1]},"o":{"x":[0],"y":[0]}},{"s":[-6],"t":562,"i":{"x":[1],"y":[1]},"o":{"x":[0],"y":[0]}},{"s":[4],"t":570,"i":{"x":[1],"y":[1]},"o":{"x":[0],"y":[0]}},{"s":[-6],"t":577,"i":{"x":[1],"y":[1]},"o":{"x":[0],"y":[0]}},{"s":[4],"t":585,"i":{"x":[1],"y":[1]},"o":{"x":[0],"y":[0]}},{"s":[-6],"t":592,"i":{"x":[1],"y":[1]},"o":{"x":[0],"y":[0]}},{"s":[4],"t":600,"i":{"x":[1],"y":[1]},"o":{"x":[0],"y":[0]}},{"s":[-6],"t":607,"i":{"x":[1],"y":[1]},"o":{"x":[0],"y":[0]}},{"s":[4],"t":615,"i":{"x":[1],"y":[1]},"o":{"x":[0],"y":[0]}},{"s":[-6],"t":622,"i":{"x":[1],"y":[1]},"o":{"x":[0],"y":[0]}},{"s":[4],"t":630,"i":{"x":[1],"y":[1]},"o":{"x":[0],"y":[0]}},{"s":[-6],"t":637,"i":{"x":[1],"y":[1]},"o":{"x":[0],"y":[0]}},{"s":[4],"t":645,"i":{"x":[1],"y":[1]},"o":{"x":[0],"y":[0]}},{"s":[-6],"t":652,"i":{"x":[1],"y":[1]},"o":{"x":[0],"y":[0]}},{"s":[4],"t":660,"i":{"x":[1],"y":[1]},"o":{"x":[0],"y":[0]}},{"s":[-6],"t":667,"i":{"x":[1],"y":[1]},"o":{"x":[0],"y":[0]}},{"s":[4],"t":675,"i":{"x":[1],"y":[1]},"o":{"x":[0],"y":[0]}},{"s":[-6],"t":682,"i":{"x":[1],"y":[1]},"o":{"x":[0],"y":[0]}},{"s":[4],"t":690,"i":{"x":[1],"y":[1]},"o":{"x":[0],"y":[0]}},{"s":[-6],"t":697,"i":{"x":[1],"y":[1]},"o":{"x":[0],"y":[0]}},{"s":[4],"t":705,"i":{"x":[1],"y":[1]},"o":{"x":[0],"y":[0]}},{"s":[-6],"t":712,"i":{"x":[1],"y":[1]},"o":{"x":[0],"y":[0]}},{"s":[4],"t":720,"i":{"x":[1],"y":[1]},"o":{"x":[0],"y":[0]}},{"s":[-6],"t":727,"i":{"x":[1],"y":[1]},"o":{"x":[0],"y":[0]}},{"s":[4],"t":735,"i":{"x":[1],"y":[1]},"o":{"x":[0],"y":[0]}},{"s":[-6],"t":742,"i":{"x":[1],"y":[1]},"o":{"x":[0],"y":[0]}},{"s":[4],"t":750,"i":{"x":[1],"y":[1]},"o":{"x":[0],"y":[0]}},{"s":[-6],"t":757,"i":{"x":[1],"y":[1]},"o":{"x":[0],"y":[0]}},{"s":[4],"t":765,"i":{"x":[1],"y":[1]},"o":{"x":[0],"y":[0]}},{"s":[-6],"t":772,"i":{"x":[1],"y":[1]},"o":{"x":[0],"y":[0]}},{"s":[4],"t":780,"i":{"x":[1],"y":[1]},"o":{"x":[0],"y":[0]}},{"s":[-6],"t":787,"i":{"x":[1],"y":[1]},"o":{"x":[0],"y":[0]}},{"s":[4],"t":795,"i":{"x":[1],"y":[1]},"o":{"x":[0],"y":[0]}},{"s":[-6],"t":802,"i":{"x":[1],"y":[1]},"o":{"x":[0],"y":[0]}},{"s":[4],"t":810,"i":{"x":[1],"y":[1]},"o":{"x":[0],"y":[0]}},{"s":[-6],"t":817,"i":{"x":[1],"y":[1]},"o":{"x":[0],"y":[0]}},{"s":[4],"t":825,"i":{"x":[1],"y":[1]},"o":{"x":[0],"y":[0]}},{"s":[-6],"t":832,"i":{"x":[1],"y":[1]},"o":{"x":[0],"y":[0]}},{"s":[4],"t":840,"i":{"x":[1],"y":[1]},"o":{"x":[0],"y":[0]}},{"s":[-6],"t":847,"i":{"x":[1],"y":[1]},"o":{"x":[0],"y":[0]}},{"s":[4],"t":855,"i":{"x":[1],"y":[1]},"o":{"x":[0],"y":[0]}},{"s":[-6],"t":862,"i":{"x":[1],"y":[1]},"o":{"x":[0],"y":[0]}},{"s":[4],"t":870,"i":{"x":[1],"y":[1]},"o":{"x":[0],"y":[0]}},{"s":[-6],"t":877,"i":{"x":[1],"y":[1]},"o":{"x":[0],"y":[0]}},{"s":[4],"t":885,"i":{"x":[1],"y":[1]},"o":{"x":[0],"y":[0]}},{"s":[-6],"t":892,"i":{"x":[1],"y":[1]},"o":{"x":[0],"y":[0]}},{"s":[4],"t":900,"i":{"x":[1],"y":[1]},"o":{"x":[0],"y":[0]}}]},"p":{"a":0,"k":[40.061,141.147,0],"ix":2,"l":2},"a":{"a":0,"k":[4.85,30.226,0],"ix":1,"l":2},"s":{"a":0,"k":[-110,110,100],"ix":6,"l":2}},"ao":0,"ip":0,"op":900.000036657751,"st":0,"bm":0},{"ddd":0,"ind":2,"ty":2,"nm":"Thumb","parent":11,"refId":"image_0","sr":1,"ks":{"o":{"a":0,"k":100,"ix":11},"r":{"k":[{"s":[0],"t":90,"i":{"x":[1],"y":[1]},"o":{"x":[0],"y":[0]}},{"s":[-10],"t":97,"i":{"x":[1],"y":[1]},"o":{"x":[0],"y":[0]}},{"s":[0],"t":105,"i":{"x":[1],"y":[1]},"o":{"x":[0],"y":[0]}},{"s":[-10],"t":112,"i":{"x":[1],"y":[1]},"o":{"x":[0],"y":[0]}},{"s":[0],"t":120,"i":{"x":[1],"y":[1]},"o":{"x":[0],"y":[0]}},{"s":[-10],"t":127,"i":{"x":[1],"y":[1]},"o":{"x":[0],"y":[0]}},{"s":[0],"t":135,"i":{"x":[1],"y":[1]},"o":{"x":[0],"y":[0]}},{"s":[-10],"t":142,"i":{"x":[1],"y":[1]},"o":{"x":[0],"y":[0]}},{"s":[0],"t":150,"i":{"x":[1],"y":[1]},"o":{"x":[0],"y":[0]}},{"s":[-10],"t":157,"i":{"x":[1],"y":[1]},"o":{"x":[0],"y":[0]}},{"s":[0],"t":165,"i":{"x":[1],"y":[1]},"o":{"x":[0],"y":[0]}},{"s":[-10],"t":172,"i":{"x":[1],"y":[1]},"o":{"x":[0],"y":[0]}},{"s":[0],"t":180,"i":{"x":[1],"y":[1]},"o":{"x":[0],"y":[0]}},{"s":[-10],"t":187,"i":{"x":[1],"y":[1]},"o":{"x":[0],"y":[0]}},{"s":[0],"t":195,"i":{"x":[1],"y":[1]},"o":{"x":[0],"y":[0]}},{"s":[-10],"t":202,"i":{"x":[1],"y":[1]},"o":{"x":[0],"y":[0]}},{"s":[0],"t":210,"i":{"x":[1],"y":[1]},"o":{"x":[0],"y":[0]}},{"s":[-10],"t":217,"i":{"x":[1],"y":[1]},"o":{"x":[0],"y":[0]}},{"s":[0],"t":225,"i":{"x":[1],"y":[1]},"o":{"x":[0],"y":[0]}},{"s":[-10],"t":232,"i":{"x":[1],"y":[1]},"o":{"x":[0],"y":[0]}},{"s":[0],"t":240,"i":{"x":[1],"y":[1]},"o":{"x":[0],"y":[0]}},{"s":[-10],"t":247,"i":{"x":[1],"y":[1]},"o":{"x":[0],"y":[0]}},{"s":[0],"t":255,"i":{"x":[1],"y":[1]},"o":{"x":[0],"y":[0]}},{"s":[-10],"t":262,"i":{"x":[1],"y":[1]},"o":{"x":[0],"y":[0]}},{"s":[0],"t":270,"i":{"x":[1],"y":[1]},"o":{"x":[0],"y":[0]}},{"s":[-10],"t":277,"i":{"x":[1],"y":[1]},"o":{"x":[0],"y":[0]}},{"s":[0],"t":285,"i":{"x":[1],"y":[1]},"o":{"x":[0],"y":[0]}},{"s":[-10],"t":292,"i":{"x":[1],"y":[1]},"o":{"x":[0],"y":[0]}},{"s":[0],"t":300,"i":{"x":[1],"y":[1]},"o":{"x":[0],"y":[0]}},{"s":[-10],"t":307,"i":{"x":[1],"y":[1]},"o":{"x":[0],"y":[0]}},{"s":[0],"t":315,"i":{"x":[1],"y":[1]},"o":{"x":[0],"y":[0]}},{"s":[-10],"t":322,"i":{"x":[1],"y":[1]},"o":{"x":[0],"y":[0]}},{"s":[0],"t":330,"i":{"x":[1],"y":[1]},"o":{"x":[0],"y":[0]}},{"s":[-10],"t":337,"i":{"x":[1],"y":[1]},"o":{"x":[0],"y":[0]}},{"s":[0],"t":345,"i":{"x":[1],"y":[1]},"o":{"x":[0],"y":[0]}},{"s":[-10],"t":352,"i":{"x":[1],"y":[1]},"o":{"x":[0],"y":[0]}},{"s":[0],"t":360,"i":{"x":[1],"y":[1]},"o":{"x":[0],"y":[0]}},{"s":[-10],"t":367,"i":{"x":[1],"y":[1]},"o":{"x":[0],"y":[0]}},{"s":[0],"t":375,"i":{"x":[1],"y":[1]},"o":{"x":[0],"y":[0]}},{"s":[-10],"t":382,"i":{"x":[1],"y":[1]},"o":{"x":[0],"y":[0]}},{"s":[0],"t":390,"i":{"x":[1],"y":[1]},"o":{"x":[0],"y":[0]}},{"s":[-10],"t":397,"i":{"x":[1],"y":[1]},"o":{"x":[0],"y":[0]}},{"s":[0],"t":405,"i":{"x":[1],"y":[1]},"o":{"x":[0],"y":[0]}},{"s":[-10],"t":412,"i":{"x":[1],"y":[1]},"o":{"x":[0],"y":[0]}},{"s":[0],"t":420,"i":{"x":[1],"y":[1]},"o":{"x":[0],"y":[0]}},{"s":[-10],"t":427,"i":{"x":[1],"y":[1]},"o":{"x":[0],"y":[0]}},{"s":[0],"t":435,"i":{"x":[1],"y":[1]},"o":{"x":[0],"y":[0]}},{"s":[-10],"t":442,"i":{"x":[1],"y":[1]},"o":{"x":[0],"y":[0]}},{"s":[0],"t":450,"i":{"x":[1],"y":[1]},"o":{"x":[0],"y":[0]}},{"s":[-10],"t":457,"i":{"x":[1],"y":[1]},"o":{"x":[0],"y":[0]}},{"s":[0],"t":465,"i":{"x":[1],"y":[1]},"o":{"x":[0],"y":[0]}},{"s":[-10],"t":472,"i":{"x":[1],"y":[1]},"o":{"x":[0],"y":[0]}},{"s":[0],"t":480,"i":{"x":[1],"y":[1]},"o":{"x":[0],"y":[0]}},{"s":[-10],"t":487,"i":{"x":[1],"y":[1]},"o":{"x":[0],"y":[0]}},{"s":[0],"t":495,"i":{"x":[1],"y":[1]},"o":{"x":[0],"y":[0]}},{"s":[-10],"t":502,"i":{"x":[1],"y":[1]},"o":{"x":[0],"y":[0]}},{"s":[0],"t":510,"i":{"x":[1],"y":[1]},"o":{"x":[0],"y":[0]}},{"s":[-10],"t":517,"i":{"x":[1],"y":[1]},"o":{"x":[0],"y":[0]}},{"s":[0],"t":525,"i":{"x":[1],"y":[1]},"o":{"x":[0],"y":[0]}},{"s":[-10],"t":532,"i":{"x":[1],"y":[1]},"o":{"x":[0],"y":[0]}},{"s":[0],"t":540,"i":{"x":[1],"y":[1]},"o":{"x":[0],"y":[0]}},{"s":[-10],"t":547,"i":{"x":[1],"y":[1]},"o":{"x":[0],"y":[0]}},{"s":[0],"t":555,"i":{"x":[1],"y":[1]},"o":{"x":[0],"y":[0]}},{"s":[-10],"t":562,"i":{"x":[1],"y":[1]},"o":{"x":[0],"y":[0]}},{"s":[0],"t":570,"i":{"x":[1],"y":[1]},"o":{"x":[0],"y":[0]}},{"s":[-10],"t":577,"i":{"x":[1],"y":[1]},"o":{"x":[0],"y":[0]}},{"s":[0],"t":585,"i":{"x":[1],"y":[1]},"o":{"x":[0],"y":[0]}},{"s":[-10],"t":592,"i":{"x":[1],"y":[1]},"o":{"x":[0],"y":[0]}},{"s":[0],"t":600,"i":{"x":[1],"y":[1]},"o":{"x":[0],"y":[0]}},{"s":[-10],"t":607,"i":{"x":[1],"y":[1]},"o":{"x":[0],"y":[0]}},{"s":[0],"t":615,"i":{"x":[1],"y":[1]},"o":{"x":[0],"y":[0]}},{"s":[-10],"t":622,"i":{"x":[1],"y":[1]},"o":{"x":[0],"y":[0]}},{"s":[0],"t":630,"i":{"x":[1],"y":[1]},"o":{"x":[0],"y":[0]}},{"s":[-10],"t":637,"i":{"x":[1],"y":[1]},"o":{"x":[0],"y":[0]}},{"s":[0],"t":645,"i":{"x":[1],"y":[1]},"o":{"x":[0],"y":[0]}},{"s":[-10],"t":652,"i":{"x":[1],"y":[1]},"o":{"x":[0],"y":[0]}},{"s":[0],"t":660,"i":{"x":[1],"y":[1]},"o":{"x":[0],"y":[0]}},{"s":[-10],"t":667,"i":{"x":[1],"y":[1]},"o":{"x":[0],"y":[0]}},{"s":[0],"t":675,"i":{"x":[1],"y":[1]},"o":{"x":[0],"y":[0]}},{"s":[-10],"t":682,"i":{"x":[1],"y":[1]},"o":{"x":[0],"y":[0]}},{"s":[0],"t":690,"i":{"x":[1],"y":[1]},"o":{"x":[0],"y":[0]}},{"s":[-10],"t":697,"i":{"x":[1],"y":[1]},"o":{"x":[0],"y":[0]}},{"s":[0],"t":705,"i":{"x":[1],"y":[1]},"o":{"x":[0],"y":[0]}},{"s":[-10],"t":712,"i":{"x":[1],"y":[1]},"o":{"x":[0],"y":[0]}},{"s":[0],"t":720,"i":{"x":[1],"y":[1]},"o":{"x":[0],"y":[0]}},{"s":[-10],"t":727,"i":{"x":[1],"y":[1]},"o":{"x":[0],"y":[0]}},{"s":[0],"t":735,"i":{"x":[1],"y":[1]},"o":{"x":[0],"y":[0]}},{"s":[-10],"t":742,"i":{"x":[1],"y":[1]},"o":{"x":[0],"y":[0]}},{"s":[0],"t":750,"i":{"x":[1],"y":[1]},"o":{"x":[0],"y":[0]}},{"s":[-10],"t":757,"i":{"x":[1],"y":[1]},"o":{"x":[0],"y":[0]}},{"s":[0],"t":765,"i":{"x":[1],"y":[1]},"o":{"x":[0],"y":[0]}},{"s":[-10],"t":772,"i":{"x":[1],"y":[1]},"o":{"x":[0],"y":[0]}},{"s":[0],"t":780,"i":{"x":[1],"y":[1]},"o":{"x":[0],"y":[0]}},{"s":[-10],"t":787,"i":{"x":[1],"y":[1]},"o":{"x":[0],"y":[0]}},{"s":[0],"t":795,"i":{"x":[1],"y":[1]},"o":{"x":[0],"y":[0]}},{"s":[-10],"t":802,"i":{"x":[1],"y":[1]},"o":{"x":[0],"y":[0]}},{"s":[0],"t":810,"i":{"x":[1],"y":[1]},"o":{"x":[0],"y":[0]}},{"s":[-10],"t":817,"i":{"x":[1],"y":[1]},"o":{"x":[0],"y":[0]}},{"s":[0],"t":825,"i":{"x":[1],"y":[1]},"o":{"x":[0],"y":[0]}},{"s":[-10],"t":832,"i":{"x":[1],"y":[1]},"o":{"x":[0],"y":[0]}},{"s":[0],"t":840,"i":{"x":[1],"y":[1]},"o":{"x":[0],"y":[0]}},{"s":[-10],"t":847,"i":{"x":[1],"y":[1]},"o":{"x":[0],"y":[0]}},{"s":[0],"t":855,"i":{"x":[1],"y":[1]},"o":{"x":[0],"y":[0]}},{"s":[-10],"t":862,"i":{"x":[1],"y":[1]},"o":{"x":[0],"y":[0]}},{"s":[0],"t":870,"i":{"x":[1],"y":[1]},"o":{"x":[0],"y":[0]}},{"s":[-10],"t":877,"i":{"x":[1],"y":[1]},"o":{"x":[0],"y":[0]}},{"s":[0],"t":885,"i":{"x":[1],"y":[1]},"o":{"x":[0],"y":[0]}},{"s":[-10],"t":892,"i":{"x":[1],"y":[1]},"o":{"x":[0],"y":[0]}},{"s":[0],"t":900,"i":{"x":[1],"y":[1]},"o":{"x":[0],"y":[0]}}]},"p":{"a":0,"k":[176.644,136.355,0],"ix":2,"l":2},"a":{"a":0,"k":[4.85,30.226,0],"ix":1,"l":2},"s":{"a":0,"k":[110,110,100],"ix":6,"l":2}},"ao":0,"ip":0,"op":900.000036657751,"st":0,"bm":0},{"ddd":0,"ind":3,"ty":2,"nm":"Drawers","refId":"image_1","sr":1,"ks":{"o":{"a":0,"k":100,"ix":11},"r":{"a":0,"k":0,"ix":10},"p":{"a":0,"k":[1012.876,649.101,0],"ix":2,"l":2},"a":{"a":0,"k":[284.5,98.5,0],"ix":1,"l":2},"s":{"k":[{"s":[100,0,100],"t":17.0000006924242,"i":{"x":[1,1,1],"y":[1,1,1]},"o":{"x":[0,0,0],"y":[0,0,0]}},{"s":[100,100,100],"t":27.0000006924242,"i":{"x":[1,1,1],"y":[1,1,1]},"o":{"x":[0,0,0],"y":[0,0,0]}},{"s":[100,95.783,100],"t":28.0000006924242,"i":{"x":[1,1,1],"y":[1,1,1]},"o":{"x":[0,0,0],"y":[0,0,0]}},{"s":[100,97.133,100],"t":29.0000006924242,"i":{"x":[1,1,1],"y":[1,1,1]},"o":{"x":[0,0,0],"y":[0,0,0]}},{"s":[100,98.278,100],"t":30.0000006924242,"i":{"x":[1,1,1],"y":[1,1,1]},"o":{"x":[0,0,0],"y":[0,0,0]}},{"s":[100,98.862,100],"t":31.0000006924242,"i":{"x":[1,1,1],"y":[1,1,1]},"o":{"x":[0,0,0],"y":[0,0,0]}},{"s":[100,98.976,100],"t":32.0000006924242,"i":{"x":[1,1,1],"y":[1,1,1]},"o":{"x":[0,0,0],"y":[0,0,0]}},{"s":[100,99.493,100],"t":33.0000006924242,"i":{"x":[1,1,1],"y":[1,1,1]},"o":{"x":[0,0,0],"y":[0,0,0]}},{"s":[100,99.972,100],"t":34.0000006924242,"i":{"x":[1,1,1],"y":[1,1,1]},"o":{"x":[0,0,0],"y":[0,0,0]}}],"l":2}},"ao":0,"ip":17.0000006924242,"op":917.000037350176,"st":17.0000006924242,"bm":0},{"ddd":0,"ind":4,"ty":2,"nm":"Table","refId":"image_2","sr":1,"ks":{"o":{"a":0,"k":100,"ix":11},"r":{"a":0,"k":0,"ix":10},"p":{"a":0,"k":[1013.73,554.292,0],"ix":2,"l":2},"a":{"a":0,"k":[298,60.5,0],"ix":1,"l":2},"s":{"k":[{"s":[100,0,100],"t":32.0000006924242,"i":{"x":[1,1,1],"y":[1,1,1]},"o":{"x":[0,0,0],"y":[0,0,0]}},{"s":[100,100,100],"t":42.0000006924242,"i":{"x":[1,1,1],"y":[1,1,1]},"o":{"x":[0,0,0],"y":[0,0,0]}},{"s":[100,95.783,100],"t":43.0000006924242,"i":{"x":[1,1,1],"y":[1,1,1]},"o":{"x":[0,0,0],"y":[0,0,0]}},{"s":[100,97.133,100],"t":44.0000006924242,"i":{"x":[1,1,1],"y":[1,1,1]},"o":{"x":[0,0,0],"y":[0,0,0]}},{"s":[100,98.278,100],"t":45.0000006924242,"i":{"x":[1,1,1],"y":[1,1,1]},"o":{"x":[0,0,0],"y":[0,0,0]}},{"s":[100,98.862,100],"t":46.0000006924242,"i":{"x":[1,1,1],"y":[1,1,1]},"o":{"x":[0,0,0],"y":[0,0,0]}},{"s":[100,98.976,100],"t":47.0000006924242,"i":{"x":[1,1,1],"y":[1,1,1]},"o":{"x":[0,0,0],"y":[0,0,0]}},{"s":[100,99.493,100],"t":48.0000006924242,"i":{"x":[1,1,1],"y":[1,1,1]},"o":{"x":[0,0,0],"y":[0,0,0]}},{"s":[100,99.972,100],"t":49.0000006924242,"i":{"x":[1,1,1],"y":[1,1,1]},"o":{"x":[0,0,0],"y":[0,0,0]}}],"l":2}},"ao":0,"ip":17.0000006924242,"op":917.000037350176,"st":17.0000006924242,"bm":0},{"ddd":0,"ind":5,"ty":2,"nm":"Screen","refId":"image_3","sr":1,"ks":{"o":{"a":0,"k":100,"ix":11},"r":{"a":0,"k":0,"ix":10},"p":{"a":0,"k":[1011.438,483.258,0],"ix":2,"l":2},"a":{"a":0,"k":[258.5,228.5,0],"ix":1,"l":2},"s":{"k":[{"s":[100,0,100],"t":62.0000006924242,"i":{"x":[1,1,1],"y":[1,1,1]},"o":{"x":[0,0,0],"y":[0,0,0]}},{"s":[100,100,100],"t":72.0000006924242,"i":{"x":[1,1,1],"y":[1,1,1]},"o":{"x":[0,0,0],"y":[0,0,0]}},{"s":[100,95.783,100],"t":73.0000006924242,"i":{"x":[1,1,1],"y":[1,1,1]},"o":{"x":[0,0,0],"y":[0,0,0]}},{"s":[100,97.133,100],"t":74.0000006924242,"i":{"x":[1,1,1],"y":[1,1,1]},"o":{"x":[0,0,0],"y":[0,0,0]}},{"s":[100,98.278,100],"t":75.0000006924242,"i":{"x":[1,1,1],"y":[1,1,1]},"o":{"x":[0,0,0],"y":[0,0,0]}},{"s":[100,98.862,100],"t":76.0000006924242,"i":{"x":[1,1,1],"y":[1,1,1]},"o":{"x":[0,0,0],"y":[0,0,0]}},{"s":[100,98.976,100],"t":77.0000006924242,"i":{"x":[1,1,1],"y":[1,1,1]},"o":{"x":[0,0,0],"y":[0,0,0]}},{"s":[100,99.493,100],"t":78.0000006924242,"i":{"x":[1,1,1],"y":[1,1,1]},"o":{"x":[0,0,0],"y":[0,0,0]}},{"s":[100,99.972,100],"t":79.0000006924242,"i":{"x":[1,1,1],"y":[1,1,1]},"o":{"x":[0,0,0],"y":[0,0,0]}}],"l":2}},"ao":0,"ip":17.0000006924242,"op":917.000037350176,"st":17.0000006924242,"bm":0},{"ddd":0,"ind":6,"ty":4,"nm":"Shape Layer 1","sr":1,"ks":{"o":{"a":0,"k":100,"ix":11},"r":{"a":0,"k":0,"ix":10},"p":{"a":0,"k":[1011.5,495.75,0],"ix":2,"l":2},"a":{"a":0,"k":[51.5,-41.5,0],"ix":1,"l":2},"s":{"k":[{"s":[100,0,100],"t":47.0000006924242,"i":{"x":[1,1,1],"y":[1,1,1]},"o":{"x":[0,0,0],"y":[0,0,0]}},{"s":[100,100,100],"t":57.0000006924242,"i":{"x":[1,1,1],"y":[1,1,1]},"o":{"x":[0,0,0],"y":[0,0,0]}},{"s":[100,95.783,100],"t":58.0000006924242,"i":{"x":[1,1,1],"y":[1,1,1]},"o":{"x":[0,0,0],"y":[0,0,0]}},{"s":[100,97.133,100],"t":59.0000006924242,"i":{"x":[1,1,1],"y":[1,1,1]},"o":{"x":[0,0,0],"y":[0,0,0]}},{"s":[100,98.278,100],"t":60.0000006924242,"i":{"x":[1,1,1],"y":[1,1,1]},"o":{"x":[0,0,0],"y":[0,0,0]}},{"s":[100,98.862,100],"t":61.0000006924242,"i":{"x":[1,1,1],"y":[1,1,1]},"o":{"x":[0,0,0],"y":[0,0,0]}},{"s":[100,98.976,100],"t":62.0000006924242,"i":{"x":[1,1,1],"y":[1,1,1]},"o":{"x":[0,0,0],"y":[0,0,0]}},{"s":[100,99.493,100],"t":63.0000006924242,"i":{"x":[1,1,1],"y":[1,1,1]},"o":{"x":[0,0,0],"y":[0,0,0]}},{"s":[100,99.972,100],"t":64.0000006924242,"i":{"x":[1,1,1],"y":[1,1,1]},"o":{"x":[0,0,0],"y":[0,0,0]}}],"l":2}},"ao":0,"shapes":[{"ty":"gr","it":[{"ty":"rc","d":1,"s":{"a":0,"k":[40,12],"ix":2},"p":{"a":0,"k":[0,0],"ix":3},"r":{"a":0,"k":0,"ix":4},"nm":"Rectangle Path 1","mn":"ADBE Vector Shape - Rect","hd":false},{"ty":"fl","c":{"a":0,"k":[0.192156881094,0.250980407,0.305882364511,1],"ix":4},"o":{"a":0,"k":100,"ix":5},"r":1,"bm":0,"nm":"Fill 1","mn":"ADBE Vector Graphic - Fill","hd":false},{"ty":"tr","p":{"a":0,"k":[50.875,-42],"ix":2},"a":{"a":0,"k":[0,6],"ix":1},"s":{"a":0,"k":[107.456,97.959],"ix":3},"r":{"a":0,"k":0,"ix":6},"o":{"a":0,"k":100,"ix":7},"sk":{"a":0,"k":0,"ix":4},"sa":{"a":0,"k":0,"ix":5},"nm":"Transform"}],"nm":"Rectangle 1","np":2,"cix":2,"bm":0,"ix":1,"mn":"ADBE Vector Group","hd":false}],"ip":17.0000006924242,"op":917.000037350176,"st":17.0000006924242,"bm":0},{"ddd":0,"ind":7,"ty":2,"nm":"Shadow","refId":"image_4","sr":1,"ks":{"o":{"a":0,"k":100,"ix":11},"r":{"a":0,"k":0,"ix":10},"p":{"a":0,"k":[1005.438,650.202,0],"ix":2,"l":2},"a":{"a":0,"k":[278,14.5,0],"ix":1,"l":2},"s":{"k":[{"s":[0,0,100],"t":47.0000006924242,"i":{"x":[1,1,1],"y":[1,1,1]},"o":{"x":[0,0,0],"y":[0,0,0]}},{"s":[100,100,100],"t":52.0000006924242,"i":{"x":[1,1,1],"y":[1,1,1]},"o":{"x":[0,0,0],"y":[0,0,0]}},{"s":[117.067,117.067,100],"t":53.0000006924242,"i":{"x":[1,1,1],"y":[1,1,1]},"o":{"x":[0,0,0],"y":[0,0,0]}},{"s":[117.473,117.473,100],"t":54.0000006924242,"i":{"x":[1,1,1],"y":[1,1,1]},"o":{"x":[0,0,0],"y":[0,0,0]}},{"s":[107.882,107.882,100],"t":55.0000006924242,"i":{"x":[1,1,1],"y":[1,1,1]},"o":{"x":[0,0,0],"y":[0,0,0]}},{"s":[97.824,97.824,100],"t":56.0000006924242,"i":{"x":[1,1,1],"y":[1,1,1]},"o":{"x":[0,0,0],"y":[0,0,0]}},{"s":[93.151,93.151,100],"t":57.0000006924242,"i":{"x":[1,1,1],"y":[1,1,1]},"o":{"x":[0,0,0],"y":[0,0,0]}},{"s":[94.264,94.264,100],"t":58.0000006924242,"i":{"x":[1,1,1],"y":[1,1,1]},"o":{"x":[0,0,0],"y":[0,0,0]}},{"s":[98.143,98.143,100],"t":59.0000006924242,"i":{"x":[1,1,1],"y":[1,1,1]},"o":{"x":[0,0,0],"y":[0,0,0]}},{"s":[101.462,101.462,100],"t":60.0000006924242,"i":{"x":[1,1,1],"y":[1,1,1]},"o":{"x":[0,0,0],"y":[0,0,0]}},{"s":[102.586,102.586,100],"t":61.0000006924242,"i":{"x":[1,1,1],"y":[1,1,1]},"o":{"x":[0,0,0],"y":[0,0,0]}},{"s":[101.79,101.79,100],"t":62.0000006924242,"i":{"x":[1,1,1],"y":[1,1,1]},"o":{"x":[0,0,0],"y":[0,0,0]}},{"s":[100.316,100.316,100],"t":63.0000006924242,"i":{"x":[1,1,1],"y":[1,1,1]},"o":{"x":[0,0,0],"y":[0,0,0]}},{"s":[99.274,99.274,100],"t":64.0000006924242,"i":{"x":[1,1,1],"y":[1,1,1]},"o":{"x":[0,0,0],"y":[0,0,0]}},{"s":[99.072,99.072,100],"t":65.0000006924242,"i":{"x":[1,1,1],"y":[1,1,1]},"o":{"x":[0,0,0],"y":[0,0,0]}},{"s":[99.475,99.475,100],"t":66.0000006924242,"i":{"x":[1,1,1],"y":[1,1,1]},"o":{"x":[0,0,0],"y":[0,0,0]}},{"s":[100.007,100.007,100],"t":67.0000006924242,"i":{"x":[1,1,1],"y":[1,1,1]},"o":{"x":[0,0,0],"y":[0,0,0]}},{"s":[100.315,100.315,100],"t":68.0000006924242,"i":{"x":[1,1,1],"y":[1,1,1]},"o":{"x":[0,0,0],"y":[0,0,0]}},{"s":[100.318,100.318,100],"t":69.0000006924242,"i":{"x":[1,1,1],"y":[1,1,1]},"o":{"x":[0,0,0],"y":[0,0,0]}},{"s":[100.141,100.141,100],"t":70.0000006924242,"i":{"x":[1,1,1],"y":[1,1,1]},"o":{"x":[0,0,0],"y":[0,0,0]}},{"s":[99.958,99.958,100],"t":71.0000006924242,"i":{"x":[1,1,1],"y":[1,1,1]},"o":{"x":[0,0,0],"y":[0,0,0]}}],"l":2}},"ao":0,"ip":17.0000006924242,"op":917.000037350176,"st":17.0000006924242,"bm":0},{"ddd":0,"ind":8,"ty":2,"nm":"Bean Bag Blue","refId":"image_5","sr":1,"ks":{"o":{"a":0,"k":100,"ix":11},"r":{"a":0,"k":0,"ix":10},"p":{"a":1,"k":[{"i":{"x":0.667,"y":1},"o":{"x":0.167,"y":0.167},"t":60,"s":[2136.315,677.528,0],"to":[-109.333,0,0],"ti":[109.333,0,0]},{"t":88.0000035843135,"s":[1480.315,677.528,0]}],"ix":2,"l":2},"a":{"a":0,"k":[170,130.5,0],"ix":1,"l":2},"s":{"a":0,"k":[100,100,100],"ix":6,"l":2}},"ao":0,"ip":60.0000024438501,"op":960.000039101602,"st":60.0000024438501,"bm":0},{"ddd":0,"ind":9,"ty":2,"nm":"Player2","parent":8,"refId":"image_6","sr":1,"ks":{"o":{"a":0,"k":100,"ix":11},"r":{"k":[{"s":[20],"t":79.0000024438501,"i":{"x":[1],"y":[1]},"o":{"x":[0],"y":[0]}},{"s":[0],"t":85.0000024438501,"i":{"x":[1],"y":[1]},"o":{"x":[0],"y":[0]}},{"s":[-2.845],"t":86.0000024438501,"i":{"x":[1],"y":[1]},"o":{"x":[0],"y":[0]}},{"s":[-2.912],"t":87.0000024438501,"i":{"x":[1],"y":[1]},"o":{"x":[0],"y":[0]}},{"s":[-1.314],"t":88.0000024438501,"i":{"x":[1],"y":[1]},"o":{"x":[0],"y":[0]}},{"s":[0.363],"t":89.0000024438501,"i":{"x":[1],"y":[1]},"o":{"x":[0],"y":[0]}},{"s":[1.141],"t":90.0000024438501,"i":{"x":[1],"y":[1]},"o":{"x":[0],"y":[0]}},{"s":[0.956],"t":91.0000024438501,"i":{"x":[1],"y":[1]},"o":{"x":[0],"y":[0]}},{"s":[0.309],"t":92.0000024438501,"i":{"x":[1],"y":[1]},"o":{"x":[0],"y":[0]}},{"s":[-0.244],"t":93.0000024438501,"i":{"x":[1],"y":[1]},"o":{"x":[0],"y":[0]}},{"s":[-0.431],"t":94.0000024438501,"i":{"x":[1],"y":[1]},"o":{"x":[0],"y":[0]}},{"s":[-0.298],"t":95.0000024438501,"i":{"x":[1],"y":[1]},"o":{"x":[0],"y":[0]}},{"s":[0],"t":96.0000024438501,"i":{"x":[1],"y":[1]},"o":{"x":[0],"y":[0]}},{"s":[-4],"t":118.00000244385,"i":{"x":[1],"y":[1]},"o":{"x":[0],"y":[0]}},{"s":[-3.95],"t":119.00000244385,"i":{"x":[1],"y":[1]},"o":{"x":[0],"y":[0]}},{"s":[-3.749],"t":120.00000244385,"i":{"x":[1],"y":[1]},"o":{"x":[0],"y":[0]}},{"s":[-3.456],"t":121.00000244385,"i":{"x":[1],"y":[1]},"o":{"x":[0],"y":[0]}},{"s":[-3.16],"t":122.00000244385,"i":{"x":[1],"y":[1]},"o":{"x":[0],"y":[0]}},{"s":[-2.912],"t":123.00000244385,"i":{"x":[1],"y":[1]},"o":{"x":[0],"y":[0]}},{"s":[-2.717],"t":124.00000244385,"i":{"x":[1],"y":[1]},"o":{"x":[0],"y":[0]}},{"s":[-2.547],"t":125.00000244385,"i":{"x":[1],"y":[1]},"o":{"x":[0],"y":[0]}},{"s":[-2.372],"t":126.00000244385,"i":{"x":[1],"y":[1]},"o":{"x":[0],"y":[0]}},{"s":[-2.177],"t":127.00000244385,"i":{"x":[1],"y":[1]},"o":{"x":[0],"y":[0]}},{"s":[-1.965],"t":128.00000244385,"i":{"x":[1],"y":[1]},"o":{"x":[0],"y":[0]}},{"s":[-1.746],"t":129.00000244385,"i":{"x":[1],"y":[1]},"o":{"x":[0],"y":[0]}},{"s":[-1.532],"t":130.00000244385,"i":{"x":[1],"y":[1]},"o":{"x":[0],"y":[0]}},{"s":[-1.325],"t":131.00000244385,"i":{"x":[1],"y":[1]},"o":{"x":[0],"y":[0]}},{"s":[-1.123],"t":132.00000244385,"i":{"x":[1],"y":[1]},"o":{"x":[0],"y":[0]}},{"s":[-0.923],"t":133.00000244385,"i":{"x":[1],"y":[1]},"o":{"x":[0],"y":[0]}},{"s":[-0.721],"t":134.00000244385,"i":{"x":[1],"y":[1]},"o":{"x":[0],"y":[0]}},{"s":[-0.516],"t":135.00000244385,"i":{"x":[1],"y":[1]},"o":{"x":[0],"y":[0]}},{"s":[-0.102],"t":137.00000244385,"i":{"x":[1],"y":[1]},"o":{"x":[0],"y":[0]}},{"s":[0.104],"t":138.00000244385,"i":{"x":[1],"y":[1]},"o":{"x":[0],"y":[0]}},{"s":[0.309],"t":139.00000244385,"i":{"x":[1],"y":[1]},"o":{"x":[0],"y":[0]}},{"s":[0.718],"t":141.00000244385,"i":{"x":[1],"y":[1]},"o":{"x":[0],"y":[0]}},{"s":[0.923],"t":142.00000244385,"i":{"x":[1],"y":[1]},"o":{"x":[0],"y":[0]}},{"s":[1.744],"t":146.00000244385,"i":{"x":[1],"y":[1]},"o":{"x":[0],"y":[0]}},{"s":[4],"t":157.00000244385,"i":{"x":[1],"y":[1]},"o":{"x":[0],"y":[0]}},{"s":[4.175],"t":158.00000244385,"i":{"x":[1],"y":[1]},"o":{"x":[0],"y":[0]}},{"s":[4.179],"t":159.00000244385,"i":{"x":[1],"y":[1]},"o":{"x":[0],"y":[0]}},{"s":[4.081],"t":160.00000244385,"i":{"x":[1],"y":[1]},"o":{"x":[0],"y":[0]}},{"s":[3.978],"t":161.00000244385,"i":{"x":[1],"y":[1]},"o":{"x":[0],"y":[0]}},{"s":[3.93],"t":162.00000244385,"i":{"x":[1],"y":[1]},"o":{"x":[0],"y":[0]}},{"s":[3.941],"t":163.00000244385,"i":{"x":[1],"y":[1]},"o":{"x":[0],"y":[0]}},{"s":[3.981],"t":164.00000244385,"i":{"x":[1],"y":[1]},"o":{"x":[0],"y":[0]}},{"s":[4.015],"t":165.00000244385,"i":{"x":[1],"y":[1]},"o":{"x":[0],"y":[0]}},{"s":[4.027],"t":166.00000244385,"i":{"x":[1],"y":[1]},"o":{"x":[0],"y":[0]}},{"s":[4.018],"t":167.00000244385,"i":{"x":[1],"y":[1]},"o":{"x":[0],"y":[0]}},{"s":[4.003],"t":168.00000244385,"i":{"x":[1],"y":[1]},"o":{"x":[0],"y":[0]}},{"s":[3.993],"t":169.00000244385,"i":{"x":[1],"y":[1]},"o":{"x":[0],"y":[0]}},{"s":[3.99],"t":170.00000244385,"i":{"x":[1],"y":[1]},"o":{"x":[0],"y":[0]}},{"s":[3.995],"t":171.00000244385,"i":{"x":[1],"y":[1]},"o":{"x":[0],"y":[0]}},{"s":[4],"t":172.00000244385,"i":{"x":[1],"y":[1]},"o":{"x":[0],"y":[0]}}]},"p":{"a":0,"k":[102.045,28.567,0],"ix":2,"l":2},"a":{"a":0,"k":[108,134.5,0],"ix":1,"l":2},"s":{"a":0,"k":[100,100,100],"ix":6,"l":2}},"ao":0,"ip":60.0000024438501,"op":960.000039101602,"st":60.0000024438501,"bm":0},{"ddd":0,"ind":10,"ty":2,"nm":"Bean Bag Green","refId":"image_7","sr":1,"ks":{"o":{"a":0,"k":100,"ix":11},"r":{"a":0,"k":0,"ix":10},"p":{"a":1,"k":[{"i":{"x":0.667,"y":1},"o":{"x":0.167,"y":0.167},"t":52,"s":[-218.202,677.573,0],"to":[124,0,0],"ti":[-124,0,0]},{"t":80.0000032584668,"s":[525.798,677.573,0]}],"ix":2,"l":2},"a":{"a":0,"k":[170,130.5,0],"ix":1,"l":2},"s":{"a":0,"k":[100,100,100],"ix":6,"l":2}},"ao":0,"ip":52.0000021180034,"op":952.000038775755,"st":52.0000021180034,"bm":0},{"ddd":0,"ind":11,"ty":2,"nm":"Player 1","parent":10,"refId":"image_8","sr":1,"ks":{"o":{"a":0,"k":100,"ix":11},"r":{"k":[{"s":[-20],"t":71.0000021180034,"i":{"x":[1],"y":[1]},"o":{"x":[0],"y":[0]}},{"s":[0],"t":77.0000021180034,"i":{"x":[1],"y":[1]},"o":{"x":[0],"y":[0]}},{"s":[2.845],"t":78.0000021180034,"i":{"x":[1],"y":[1]},"o":{"x":[0],"y":[0]}},{"s":[2.912],"t":79.0000021180034,"i":{"x":[1],"y":[1]},"o":{"x":[0],"y":[0]}},{"s":[1.314],"t":80.0000021180034,"i":{"x":[1],"y":[1]},"o":{"x":[0],"y":[0]}},{"s":[-0.363],"t":81.0000021180034,"i":{"x":[1],"y":[1]},"o":{"x":[0],"y":[0]}},{"s":[-1.141],"t":82.0000021180034,"i":{"x":[1],"y":[1]},"o":{"x":[0],"y":[0]}},{"s":[-0.956],"t":83.0000021180034,"i":{"x":[1],"y":[1]},"o":{"x":[0],"y":[0]}},{"s":[-0.309],"t":84.0000021180034,"i":{"x":[1],"y":[1]},"o":{"x":[0],"y":[0]}},{"s":[0.244],"t":85.0000021180034,"i":{"x":[1],"y":[1]},"o":{"x":[0],"y":[0]}},{"s":[0.431],"t":86.0000021180034,"i":{"x":[1],"y":[1]},"o":{"x":[0],"y":[0]}},{"s":[0.298],"t":87.0000021180034,"i":{"x":[1],"y":[1]},"o":{"x":[0],"y":[0]}},{"s":[0.053],"t":88.0000021180034,"i":{"x":[1],"y":[1]},"o":{"x":[0],"y":[0]}},{"s":[-0.121],"t":89.0000021180034,"i":{"x":[1],"y":[1]},"o":{"x":[0],"y":[0]}},{"s":[0],"t":90.0000021180034,"i":{"x":[1],"y":[1]},"o":{"x":[0],"y":[0]}},{"s":[-4],"t":112.000002118003,"i":{"x":[1],"y":[1]},"o":{"x":[0],"y":[0]}},{"s":[-3.95],"t":113.000002118003,"i":{"x":[1],"y":[1]},"o":{"x":[0],"y":[0]}},{"s":[-3.749],"t":114.000002118003,"i":{"x":[1],"y":[1]},"o":{"x":[0],"y":[0]}},{"s":[-3.456],"t":115.000002118003,"i":{"x":[1],"y":[1]},"o":{"x":[0],"y":[0]}},{"s":[-3.16],"t":116.000002118003,"i":{"x":[1],"y":[1]},"o":{"x":[0],"y":[0]}},{"s":[-2.912],"t":117.000002118003,"i":{"x":[1],"y":[1]},"o":{"x":[0],"y":[0]}},{"s":[-2.717],"t":118.000002118003,"i":{"x":[1],"y":[1]},"o":{"x":[0],"y":[0]}},{"s":[-2.547],"t":119.000002118003,"i":{"x":[1],"y":[1]},"o":{"x":[0],"y":[0]}},{"s":[-2.372],"t":120.000002118003,"i":{"x":[1],"y":[1]},"o":{"x":[0],"y":[0]}},{"s":[-2.177],"t":121.000002118003,"i":{"x":[1],"y":[1]},"o":{"x":[0],"y":[0]}},{"s":[-1.965],"t":122.000002118003,"i":{"x":[1],"y":[1]},"o":{"x":[0],"y":[0]}},{"s":[-1.746],"t":123.000002118003,"i":{"x":[1],"y":[1]},"o":{"x":[0],"y":[0]}},{"s":[-1.532],"t":124.000002118003,"i":{"x":[1],"y":[1]},"o":{"x":[0],"y":[0]}},{"s":[-1.325],"t":125.000002118003,"i":{"x":[1],"y":[1]},"o":{"x":[0],"y":[0]}},{"s":[-1.123],"t":126.000002118003,"i":{"x":[1],"y":[1]},"o":{"x":[0],"y":[0]}},{"s":[-0.923],"t":127.000002118003,"i":{"x":[1],"y":[1]},"o":{"x":[0],"y":[0]}},{"s":[-0.721],"t":128.000002118003,"i":{"x":[1],"y":[1]},"o":{"x":[0],"y":[0]}},{"s":[-0.516],"t":129.000002118003,"i":{"x":[1],"y":[1]},"o":{"x":[0],"y":[0]}},{"s":[-0.102],"t":131.000002118003,"i":{"x":[1],"y":[1]},"o":{"x":[0],"y":[0]}},{"s":[0.104],"t":132.000002118003,"i":{"x":[1],"y":[1]},"o":{"x":[0],"y":[0]}},{"s":[0.309],"t":133.000002118003,"i":{"x":[1],"y":[1]},"o":{"x":[0],"y":[0]}},{"s":[0.718],"t":135.000002118003,"i":{"x":[1],"y":[1]},"o":{"x":[0],"y":[0]}},{"s":[0.923],"t":136.000002118003,"i":{"x":[1],"y":[1]},"o":{"x":[0],"y":[0]}},{"s":[1.744],"t":140.000002118003,"i":{"x":[1],"y":[1]},"o":{"x":[0],"y":[0]}},{"s":[4],"t":151.000002118003,"i":{"x":[1],"y":[1]},"o":{"x":[0],"y":[0]}},{"s":[4.175],"t":152.000002118003,"i":{"x":[1],"y":[1]},"o":{"x":[0],"y":[0]}},{"s":[4.179],"t":153.000002118003,"i":{"x":[1],"y":[1]},"o":{"x":[0],"y":[0]}},{"s":[4.081],"t":154.000002118003,"i":{"x":[1],"y":[1]},"o":{"x":[0],"y":[0]}},{"s":[3.978],"t":155.000002118003,"i":{"x":[1],"y":[1]},"o":{"x":[0],"y":[0]}},{"s":[3.93],"t":156.000002118003,"i":{"x":[1],"y":[1]},"o":{"x":[0],"y":[0]}},{"s":[3.941],"t":157.000002118003,"i":{"x":[1],"y":[1]},"o":{"x":[0],"y":[0]}},{"s":[3.981],"t":158.000002118003,"i":{"x":[1],"y":[1]},"o":{"x":[0],"y":[0]}},{"s":[4.015],"t":159.000002118003,"i":{"x":[1],"y":[1]},"o":{"x":[0],"y":[0]}},{"s":[4.027],"t":160.000002118003,"i":{"x":[1],"y":[1]},"o":{"x":[0],"y":[0]}},{"s":[4.018],"t":161.000002118003,"i":{"x":[1],"y":[1]},"o":{"x":[0],"y":[0]}},{"s":[4.003],"t":162.000002118003,"i":{"x":[1],"y":[1]},"o":{"x":[0],"y":[0]}},{"s":[3.993],"t":163.000002118003,"i":{"x":[1],"y":[1]},"o":{"x":[0],"y":[0]}},{"s":[3.99],"t":164.000002118003,"i":{"x":[1],"y":[1]},"o":{"x":[0],"y":[0]}},{"s":[3.995],"t":165.000002118003,"i":{"x":[1],"y":[1]},"o":{"x":[0],"y":[0]}},{"s":[4],"t":166.000002118003,"i":{"x":[1],"y":[1]},"o":{"x":[0],"y":[0]}}]},"p":{"a":0,"k":[242.809,28.567,0],"ix":2,"l":2},"a":{"a":0,"k":[108.5,134,0],"ix":1,"l":2},"s":{"a":0,"k":[100,100,100],"ix":6,"l":2}},"ao":0,"ip":52.0000021180034,"op":952.000038775755,"st":52.0000021180034,"bm":0},{"ddd":0,"ind":12,"ty":2,"nm":"Rug","refId":"image_9","sr":1,"ks":{"o":{"a":0,"k":100,"ix":11},"r":{"a":0,"k":0,"ix":10},"p":{"k":[{"s":[1070.292,-76.09,0],"t":0,"i":{"x":1,"y":1},"o":{"x":0,"y":0}},{"s":[1070.292,699.91,0],"t":10,"i":{"x":1,"y":1},"o":{"x":0,"y":0}},{"s":[1070.292,683.15,0],"t":11,"i":{"x":1,"y":1},"o":{"x":0,"y":0}},{"s":[1070.292,671.957,0],"t":12,"i":{"x":1,"y":1},"o":{"x":0,"y":0}},{"s":[1070.292,666.33,0],"t":13,"i":{"x":1,"y":1},"o":{"x":0,"y":0}},{"s":[1070.292,666.27,0],"t":14,"i":{"x":1,"y":1},"o":{"x":0,"y":0}},{"s":[1070.292,671.776,0],"t":15,"i":{"x":1,"y":1},"o":{"x":0,"y":0}},{"s":[1070.292,682.85,0],"t":16,"i":{"x":1,"y":1},"o":{"x":0,"y":0}},{"s":[1070.292,699.49,0],"t":17,"i":{"x":1,"y":1},"o":{"x":0,"y":0}},{"s":[1070.292,697.794,0],"t":18,"i":{"x":1,"y":1},"o":{"x":0,"y":0}},{"s":[1070.292,699.776,0],"t":19,"i":{"x":1,"y":1},"o":{"x":0,"y":0}}],"l":2},"a":{"a":0,"k":[462,30,0],"ix":1,"l":2},"s":{"a":0,"k":[100,100,100],"ix":6,"l":2}},"ao":0,"ip":0,"op":900.000036657751,"st":0,"bm":0},{"ddd":0,"ind":13,"ty":1,"nm":"White Solid 1","sr":1,"ks":{"o":{"a":0,"k":100,"ix":11},"r":{"a":0,"k":0,"ix":10},"p":{"a":0,"k":[960,540,0],"ix":2,"l":2},"a":{"a":0,"k":[960,540,0],"ix":1,"l":2},"s":{"a":0,"k":[100,100,100],"ix":6,"l":2}},"ao":0,"sw":1920,"sh":1080,"sc":"#ffffff","ip":0,"op":900.000036657751,"st":0,"bm":0}],"markers":[]}